mtllib iscv2.mtl
usemtl iscv2_Material_u2_v4

v -25.712899998637596 9.6939999442569729 0.36846700310707092 0.321569 0.152941 0.066667
v -25.712899995936397 0.25772600943099633 0.36846700310707092 0.313726 0.129412 0.105882
v -16.710000754513999 9.6939996135812407 0.36846700310707092 0.313726 0.137255 0.086275
v -16.710000717879346 0.2577260347696182 0.36846700310707092 0.337255 0.188235 0.152941
v -7.707129910277331 28.566500522149738 0.36846700310707092 0.160784 0.070588 0.039216
v -7.7071296759975212 19.130299372990635 0.36846700310707092 0.101961 0.047059 0.031373
v 1.2957399426284582 28.566499639905395 0.36846700310707092 0.101961 0.047059 0.031373
v 1.2957400612080576 19.130300417767391 0.36846700310707092 0.101961 0.047059 0.031373
v -10.040000386406632 21.86429943612859 6.334740161895752 0.247059 0.172549 0.074510
v -3.16271001756337 21.864300719571901 6.334740161895752 0.247059 0.172549 0.074510
v -10.040000386406632 21.86429943612859 5.4209699630737305 0.247059 0.168627 0.074510
v -3.16271001756337 21.864300719571901 5.4209699630737305 0.247059 0.172549 0.078431
v -23.794600879918562 21.864300668258579 4.507199764251709 0.247059 0.172549 0.074510
v -16.917300542673388 21.864301001565195 4.507199764251709 0.247059 0.172549 0.078431
v -23.794600879918562 21.864300668258579 3.5934300422668457 0.247059 0.172549 0.074510
v -16.917300542673388 21.864301001565195 3.5934300422668457 0.247059 0.172549 0.078431
v 3.5395898879260983 5.2799998363845191 6.334740161895752 0.392157 0.305882 0.200000
v 3.4520899787882229 -3.0121299646738322 6.334740161895752 0.411765 0.337255 0.227451
v 3.5395898879260983 5.2799998363845191 5.4209699630737305 0.419608 0.341176 0.223529
v 3.4520899787882229 -3.0121299646738322 5.4209699630737305 0.427451 0.349020 0.235294
v 3.7145899013604833 21.864299176757598 4.507199764251709 0.372549 0.290196 0.188235
v 3.6270900773562289 13.572099912833011 4.507199764251709 0.368627 0.290196 0.184314
v 3.7145899013604833 21.864299176757598 3.5934300422668457 0.368627 0.290196 0.184314
v 3.6270900773562289 13.572099912833011 3.5934300422668457 0.419608 0.337255 0.219608
v -9.9499998066837634 -11.304299618649168 6.334740161895752 0.482353 0.419608 0.325490
v -16.607300032731416 -11.304299641663476 6.334740161895752 0.529412 0.490196 0.427451
v -9.9499998066837634 -11.304299618649168 5.4209699630737305 0.541176 0.501961 0.443137
v -16.607300032731416 -11.304299641663476 5.4209699630737305 0.545098 0.513726 0.458824
v 3.364590021345407 -11.304300475982473 4.507199764251709 0.447059 0.376471 0.258824
v -3.2927098768701342 -11.304299572247473 4.507199764251709 0.537255 0.494118 0.419608
v 3.364590021345407 -11.304300475982473 3.5934300422668457 0.447059 0.376471 0.254902
v -3.2927098768701342 -11.304299572247473 3.5934300422668457 0.498039 0.447059 0.356863
v -23.529599190536004 5.2799998913707782 6.334740161895752 0.541176 0.505882 0.443137
v -23.662100061675005 13.572099748016171 6.334740161895752 0.541176 0.505882 0.443137
v -23.529599190536004 5.2799998913707782 5.4209699630737305 0.541176 0.505882 0.443137
v -23.662100061675005 13.572099748016171 5.4209699630737305 0.541176 0.505882 0.443137
v -23.264599309407458 -11.304299755166994 4.507199764251709 0.541176 0.505882 0.443137
v -23.397099271063865 -3.0121300514587688 4.507199764251709 0.541176 0.505882 0.443137
v -23.264599309407458 -11.304299755166994 3.5934300422668457 0.541176 0.505882 0.443137
v -23.397099271063865 -3.0121300514587688 3.5934300422668457 0.541176 0.505882 0.443137
v -17.599900094531449 19.315199061018461 43.393501281738281 0.580392 0.458824 0.298039
v -9.720839893246648 19.31520032569847 43.393501281738281 0.596078 0.482353 0.337255
v -17.599900156280171 14.49399987000993 43.393501281738281 0.584314 0.466667 0.317647
v -9.7208400454845787 14.494000185318328 43.393501281738281 0.607843 0.501961 0.360784
v -33.357998464513798 9.672849685645815 43.393501281738281 0.560784 0.435294 0.270588
v -25.478999656436542 9.6728500960339261 43.393501281738281 0.560784 0.439216 0.282353
v -33.357998602380242 4.8516898995016078 43.393501281738281 0.549020 0.439216 0.290196
v -25.478999828236439 4.8516899538753648 43.393501281738281 0.541176 0.439216 0.305882
v 46.364998868295856 12.462100328327779 43.973499298095703 0.549020 0.466667 0.309804
v 48.796800413832443 12.462100809622598 43.973499298095703 0.552941 0.470588 0.313726
v 46.364998892725254 0.57787833848368564 43.973499298095703 0.537255 0.458824 0.305882
v 48.796800347772631 0.57787787040689409 43.973499298095703 0.545098 0.470588 0.317647
v 41.501398217924844 -11.306399926731331 43.973499298095703 0.513726 0.435294 0.290196
v 43.933199718216827 -11.306399920122317 43.973499298095703 0.517647 0.443137 0.298039
v 41.501400323606049 -23.190600081028379 43.973499298095703 0.482353 0.407843 0.266667
v 43.933201869142636 -23.190599599733559 43.973499298095703 0.478431 0.407843 0.266667
v 50.295400681307399 -2.1300001742446284 41.607898712158203 0.607843 0.533333 0.392157
v 50.085398402355509 12.531699566790621 41.607898712158203 0.607843 0.533333 0.384314
v 50.295400681307399 -2.1300001742446284 38.660999298095703 0.600000 0.529412 0.392157
v 50.085398402355509 12.531699566790621 38.660999298095703 0.600000 0.525490 0.380392
v 50.715399369653937 -31.453300423211886 35.714099884033203 0.549020 0.494118 0.360784
v 50.505399162772846 -16.791699553323042 35.714099884033203 0.572549 0.509804 0.372549
v 50.715399369653937 -31.453300423211886 32.767101287841797 0.545098 0.498039 0.368627
v 50.505399162772846 -16.791699553323042 32.767101287841797 0.576471 0.509804 0.376471
v 50.290398618523795 -27.427999037418886 31.792699813842773 0.545098 0.490196 0.364706
v 50.23789916567307 -26.378299794351733 31.792699813842773 0.549020 0.490196 0.360784
v 50.290398618523795 -27.427999037418886 30.499599456787109 0.545098 0.494118 0.368627
v 50.23789916567307 -26.378299794351733 30.499599456787109 0.545098 0.490196 0.364706
v 50.39539915915168 -29.527299963735231 29.206499099731445 0.533333 0.486275 0.360784
v 50.342899706300955 -28.477600720668079 29.206499099731445 0.541176 0.490196 0.372549
v 50.39539915915168 -29.527299963735231 27.913400650024414 0.529412 0.486275 0.360784
v 50.342899706300955 -28.477600720668079 27.913400650024414 0.541176 0.490196 0.372549
v 50.08040044765778 -23.469300880668243 31.792699813842773 0.552941 0.494118 0.364706
v 50.02789999761228 -22.539699825269054 31.792699813842773 0.556863 0.498039 0.364706
v 50.08040044765778 -23.469300880668243 30.499599456787109 0.552941 0.494118 0.368627
v 50.02789999761228 -22.539699825269054 30.499599456787109 0.556863 0.498039 0.368627
v 50.185399712822345 -25.32860055128458 29.206499099731445 0.549020 0.494118 0.368627
v 50.132899262776846 -24.398999495885391 29.206499099731445 0.549020 0.494118 0.368627
v 50.185399712822345 -25.32860055128458 27.913400650024414 0.462745 0.415686 0.290196
v 50.132899262776846 -24.398999495885391 27.913400650024414 0.450980 0.407843 0.278431
v 50.290398618523795 -27.427999037418886 25.110300064086914 0.541176 0.494118 0.380392
v 50.23789916567307 -26.378299794351733 25.110300064086914 0.541176 0.494118 0.384314
v 50.290398618523795 -27.427999037418886 22.307199478149414 0.537255 0.490196 0.380392
v 50.23789916567307 -26.378299794351733 22.307199478149414 0.537255 0.494118 0.384314
v 50.39539915915168 -29.527299963735231 19.504100799560547 0.517647 0.482353 0.380392
v 50.342899706300955 -28.477600720668079 19.504100799560547 0.533333 0.494118 0.396078
v 50.39539915915168 -29.527299963735231 16.701000213623047 0.552941 0.525490 0.443137
v 50.342899706300955 -28.477600720668079 16.701000213623047 0.509804 0.474510 0.388235
v 49.870400961404982 -19.400700273381403 31.792699813842773 0.564706 0.505882 0.372549
v 49.817901713568688 -18.296000550451367 31.792699813842773 0.572549 0.509804 0.372549
v 49.870400961404982 -19.400700273381403 30.499599456787109 0.564706 0.505882 0.372549
v 49.817901713568688 -18.296000550451367 30.499599456787109 0.568627 0.509804 0.376471
v 49.975401363471633 -21.609999311308684 29.206499099731445 0.556863 0.498039 0.372549
v 49.922898227659687 -20.505300175793423 29.206499099731445 0.560784 0.501961 0.372549
v 49.975401363471633 -21.609999311308684 27.913400650024414 0.474510 0.423529 0.298039
v 49.922898227659687 -20.505300175793423 27.913400650024414 0.501961 0.450980 0.321569
v 49.660399174030943 -15.441999855930703 31.792699813842773 0.580392 0.517647 0.380392
v 49.607898428481803 -14.567400229766008 31.792699813842773 0.588235 0.521569 0.388235
v 49.660399174030943 -15.441999855930703 30.499599456787109 0.580392 0.517647 0.384314
v 49.607898428481803 -14.567400229766008 30.499599456787109 0.588235 0.521569 0.392157
v 49.765400649827541 -17.191400286082512 29.206499099731445 0.572549 0.509804 0.380392
v 49.712901810672463 -16.316700251985026 29.206499099731445 0.572549 0.509804 0.384314
v 49.765400649827541 -17.191400286082512 27.913400650024414 0.525490 0.466667 0.341176
v 49.712901810672463 -16.316700251985026 27.913400650024414 0.572549 0.509804 0.384314
v 49.660399174030943 -15.441999855930703 25.110300064086914 0.564706 0.505882 0.392157
v 49.607898428481803 -14.567400229766008 25.110300064086914 0.564706 0.505882 0.388235
v 49.660399174030943 -15.441999855930703 22.307199478149414 0.556863 0.501961 0.392157
v 49.607898428481803 -14.567400229766008 22.307199478149414 0.556863 0.501961 0.388235
v 49.765400649827541 -17.191400286082512 19.504100799560547 0.380392 0.325490 0.223529
v 49.712901810672463 -16.316700251985026 19.504100799560547 0.556863 0.501961 0.400000
v 49.765400649827541 -17.191400286082512 16.701000213623047 0.388235 0.337255 0.250980
v 49.712901810672463 -16.316700251985026 16.701000213623047 0.556863 0.521569 0.439216
v 49.660399174030943 -15.441999855930703 13.377900123596191 0.545098 0.525490 0.470588
v 49.607898428481803 -14.567400229766008 13.377900123596191 0.439216 0.400000 0.313726
v 49.660399174030943 -15.441999855930703 10.054800033569336 0.529412 0.517647 0.462745
v 49.607898428481803 -14.567400229766008 10.054800033569336 0.400000 0.364706 0.286275
v 49.765400649827541 -17.191400286082512 6.7316598892211914 0.415686 0.388235 0.329412
v 49.712901810672463 -16.316700251985026 6.7316598892211914 0.552941 0.529412 0.466667
v 49.765400649827541 -17.191400286082512 3.408560037612915 0.505882 0.482353 0.415686
v 49.712901810672463 -16.316700251985026 3.408560037612915 0.560784 0.537255 0.474510
v 49.660399174030943 -15.441999855930703 2.6354598999023438 0.552941 0.533333 0.470588
v 49.607898428481803 -14.567400229766008 2.6354598999023438 0.545098 0.525490 0.466667
v 49.660399174030943 -15.441999855930703 1.8623600006103516 0.552941 0.533333 0.474510
v 49.607898428481803 -14.567400229766008 1.8623600006103516 0.545098 0.525490 0.470588
v 49.765400649827541 -17.191400286082512 1.0892499685287476 0.560784 0.541176 0.482353
v 49.712901810672463 -16.316700251985026 1.0892499685287476 0.552941 0.533333 0.478431
v 49.765400649827541 -17.191400286082512 0.31615099310874939 0.250980 0.227451 0.207843
v 49.712901810672463 -16.316700251985026 0.31615099310874939 0.215686 0.192157 0.172549
v 49.870400961404982 -19.400700273381403 2.6354598999023438 0.572549 0.552941 0.498039
v 49.817901713568688 -18.296000550451367 2.6354598999023438 0.564706 0.549020 0.490196
v 49.870400961404982 -19.400700273381403 1.8623600006103516 0.572549 0.556863 0.501961
v 49.817901713568688 -18.296000550451367 1.8623600006103516 0.564706 0.549020 0.490196
v 49.975401363471633 -21.609999311308684 1.0892499685287476 0.580392 0.564706 0.513726
v 49.922898227659687 -20.505300175793423 1.0892499685287476 0.576471 0.560784 0.505882
v 49.975401363471633 -21.609999311308684 0.31615099310874939 0.439216 0.431373 0.400000
v 49.922898227659687 -20.505300175793423 0.31615099310874939 0.415686 0.407843 0.388235
v 50.290398618523795 -27.427999037418886 13.377900123596191 0.596078 0.576471 0.513726
v 50.23789916567307 -26.378299794351733 13.377900123596191 0.588235 0.568627 0.505882
v 50.290398618523795 -27.427999037418886 10.054800033569336 0.600000 0.584314 0.529412
v 50.23789916567307 -26.378299794351733 10.054800033569336 0.600000 0.584314 0.529412
v 50.39539915915168 -29.527299963735231 6.7316598892211914 0.584314 0.572549 0.521569
v 50.342899706300955 -28.477600720668079 6.7316598892211914 0.603922 0.592157 0.545098
v 50.39539915915168 -29.527299963735231 3.408560037612915 0.580392 0.576471 0.525490
v 50.342899706300955 -28.477600720668079 3.408560037612915 0.603922 0.596078 0.549020
v 50.08040044765778 -23.469300880668243 2.6354598999023438 0.592157 0.576471 0.525490
v 50.02789999761228 -22.539699825269054 2.6354598999023438 0.588235 0.572549 0.517647
v 50.08040044765778 -23.469300880668243 1.8623600006103516 0.592157 0.576471 0.525490
v 50.02789999761228 -22.539699825269054 1.8623600006103516 0.588235 0.572549 0.521569
v 50.185399712822345 -25.32860055128458 1.0892499685287476 0.592157 0.580392 0.537255
v 50.132899262776846 -24.398999495885391 1.0892499685287476 0.592157 0.580392 0.529412
v 50.185399712822345 -25.32860055128458 0.31615099310874939 0.509804 0.505882 0.478431
v 50.132899262776846 -24.398999495885391 0.31615099310874939 0.494118 0.486275 0.454902
v 50.290398618523795 -27.427999037418886 2.6354598999023438 0.603922 0.596078 0.549020
v 50.23789916567307 -26.378299794351733 2.6354598999023438 0.596078 0.588235 0.537255
v 50.290398618523795 -27.427999037418886 1.8623600006103516 0.600000 0.596078 0.549020
v 50.23789916567307 -26.378299794351733 1.8623600006103516 0.592157 0.584314 0.537255
v 50.39539915915168 -29.527299963735231 1.0892499685287476 0.576471 0.572549 0.525490
v 50.342899706300955 -28.477600720668079 1.0892499685287476 0.600000 0.592157 0.545098
v 50.39539915915168 -29.527299963735231 0.31615200638771057 0.537255 0.533333 0.486275
v 50.342899706300955 -28.477600720668079 0.31615200638771057 0.533333 0.533333 0.505882
v 9.365290039284389 18.574000182247318 0.36846700310707092 0.133333 0.070588 0.039216
v 9.3652900703123123 15.743099222186459 0.36846700310707092 0.211765 0.117647 0.043137
v 24.130000700523738 18.573999110737191 0.36846700310707092 0.196078 0.121569 0.066667
v 24.129999488472663 15.743100185153367 0.36846700310707092 0.462745 0.423529 0.352941
v 38.894698302212078 24.235799282209882 0.36846700310707092 0.121569 0.070588 0.043137
v 38.894700887647446 21.404899994669222 0.36846700310707092 0.180392 0.117647 0.074510
v 53.659398995049514 24.23579916083645 0.36846700310707092 0.168627 0.113725 0.078431
v 53.659401580484882 21.40489987329579 0.36846700310707092 0.349020 0.313726 0.258824
v 43.937899157186592 3.5739998838203633 0.36846700310707092 0.200000 0.149020 0.094118
v 43.937900403884967 -1.2243500160765564 0.36846700310707092 0.227451 0.172549 0.105882
v 47.260001316287287 3.5739993987809839 0.36846700310707092 0.211765 0.168627 0.113725
v 47.259998788121521 -1.224349901816197 0.36846700310707092 0.184314 0.145098 0.094118
v 50.582101072480441 13.170699662907055 0.36846700310707092 0.176471 0.149020 0.101961
v 50.582101391664423 8.3723400319511256 0.36846700310707092 0.227451 0.196078 0.145098
v 53.904099930288908 13.170700881043558 0.36846700310707092 0.207843 0.176471 0.129412
v 53.904100158983681 8.3723403007160186 0.36846700310707092 0.215686 0.180392 0.129412
v 38.328500178203626 -32.655500571046332 12.740200042724609 0.498039 0.447059 0.325490
v 44.110099710169379 -32.485900756972796 12.740200042724609 0.490196 0.443137 0.329412
v 38.328500178203626 -32.655500571046332 8.9200000762939453 0.494118 0.447059 0.329412
v 44.110099710169379 -32.485900756972796 8.9200000762939453 0.490196 0.447059 0.341176
v 26.765199493150931 -32.994600461513755 5.0998401641845703 0.525490 0.482353 0.372549
v 32.546898664656283 -32.825000564601851 5.0998401641845703 0.490196 0.435294 0.317647
v 26.765199493150931 -32.994600461513755 1.2796800136566162 0.447059 0.388235 0.278431
v 32.546898664656283 -32.825000564601851 1.2796800136566162 0.431373 0.368627 0.262745
v -31.996699788747492 -13.11850096959472 36.722599029541016 0.678431 0.650980 0.572549
v -31.981000036076352 -19.753899504594528 36.722599029541016 0.996078 0.996078 0.992157
v -31.996699788747492 -13.11850096959472 29.979999542236328 0.639216 0.596078 0.509804
v -31.981000036076352 -19.753899504594528 29.979999542236328 0.996078 0.996078 0.996078
v -32.028300824688017 0.1524130249135851 23.237400054931641 0.996078 0.996078 0.996078
v -32.012500894132529 -6.4830400843649159 23.237400054931641 0.996078 0.996078 0.996078
v -32.028300824688017 0.1524130249135851 16.494800567626953 0.807843 0.792157 0.768627
v -32.012500894132529 -6.4830400843649159 16.494800567626953 0.541176 0.501961 0.447059
v 8.5484802181359782 -35.145501051684448 42.273601531982422 0.447059 0.372549 0.243137
v 31.270301649455632 -34.975900553290103 42.273601531982422 0.380392 0.309804 0.180392
v 8.5484802181359782 -35.145501051684448 40.650001525878906 0.388235 0.317647 0.196078
v 31.270301649455632 -34.975900553290103 40.650001525878906 0.309804 0.247059 0.133333
v -36.895098395530113 -35.484600876737659 39.026401519775391 0.325490 0.266667 0.152941
v -14.173299749129114 -35.314998206602297 39.026401519775391 0.384314 0.313726 0.188235
v -36.895098395530113 -35.484600876737659 37.402900695800781 0.384314 0.309804 0.188235
v -14.173299749129114 -35.314998206602297 37.402900695800781 0.388235 0.313726 0.188235
v -11.691500513460028 -33.975500536442212 12.740200042724609 0.521569 0.454902 0.321569
v -4.0308600177105447 -33.805899930939944 12.740200042724609 0.643137 0.615686 0.529412
v -11.691500513460028 -33.975500536442212 8.9200000762939453 0.439216 0.352941 0.207843
v -4.0308600177105447 -33.805899930939944 8.9200000762939453 0.607843 0.572549 0.482353
v -27.012800456558125 -34.314600309434127 5.0998401641845703 0.192157 0.149020 0.074510
v -19.352199781023046 -34.144999740460548 5.0998401641845703 0.368627 0.294118 0.180392
v -27.012800456558125 -34.314600309434127 1.2796800136566162 0.090196 0.070588 0.050980
v -19.352199781023046 -34.144999740460548 1.2796800136566162 0.250980 0.200000 0.109804
v -19.601499409273629 -33.935501408651362 29.110200881958008 0.658824 0.611765 0.505882
v -16.151700506798988 -33.827901204258637 29.110200881958008 0.541176 0.525490 0.447059
v -19.601499409273629 -33.935501408651362 25.290000915527344 0.631373 0.588235 0.486275
v -16.151700506798988 -33.827901204258637 25.290000915527344 0.490196 0.490196 0.419608
v -26.501100732590885 -34.150598018453934 21.46980094909668 0.137255 0.129412 0.082353
v -23.051300293329859 -34.04300179252607 21.46980094909668 0.188235 0.203922 0.164706
v -26.501100732590885 -34.150598018453934 17.649700164794922 0.384314 0.309804 0.192157
v -23.051300293329859 -34.04300179252607 17.649700164794922 0.537255 0.490196 0.376471
v -31.996700431819818 -32.070899708014736 32.841598510742187 0.596078 0.588235 0.529412
v -31.980999454700623 -35.128700383645764 32.841598510742187 0.254902 0.239216 0.172549
v -31.996700431819818 -32.070899708014736 21.75 0.215686 0.196078 0.152941
v -31.980999454700623 -35.128700383645764 21.75 0.235294 0.219608 0.156863
v -32.028299849232553 -25.955199063868235 10.65839958190918 0.533333 0.509804 0.447059
v -32.012499232573759 -29.012999656660895 10.65839958190918 0.184314 0.164706 0.133333
v -32.028299849232553 -25.955199063868235 -0.43310800194740295 0.435294 0.415686 0.360784
v -32.012499232573759 -29.012999656660895 -0.43310800194740295 0.090196 0.074510 0.050980
v -31.996700054960797 16.479100240815342 40.921600341796875 0.533333 0.419608 0.258824
v -31.980998712072676 12.539299864979398 40.921600341796875 0.541176 0.427451 0.270588
v -31.996700054960797 16.479100240815342 37.819999694824219 0.556863 0.447059 0.286275
v -31.980998712072676 12.539299864979398 37.819999694824219 0.560784 0.450980 0.294118
v -32.028298388006533 24.358899743932852 34.718399047851563 0.533333 0.423529 0.262745
v -32.012499311972874 20.418999043002486 34.718399047851563 0.556863 0.447059 0.282353
v -32.028298388006533 24.358899743932852 31.616800308227539 0.545098 0.427451 0.262745
v -32.012499311972874 20.418999043002486 31.616800308227539 0.498039 0.376471 0.196078
v 6.5323597990028475 19.421200017174442 3.5684700012207031 0.219608 0.137255 0.062745
v 6.5323599613551551 18.423000141709224 3.5684700012207031 0.254902 0.176471 0.094118
v 8.2315900217247417 19.421200882985488 3.5684700012207031 0.227451 0.164706 0.082353
v 8.2315900030986313 18.422999108777049 3.5684700012207031 0.294118 0.215686 0.125490
v 9.9308198216019719 21.41749996144415 3.5684700012207031 0.152941 0.101961 0.062745
v 9.9308199011159104 20.419399725518531 3.5684700012207031 0.192157 0.129412 0.066667
v 11.630099773604456 21.41749991930277 3.5684700012207031 0.156863 0.113725 0.074510
v 11.630099853118395 20.419399683377151 3.5684700012207031 0.184314 0.145098 0.086275
v -14.350000840757161 23.695700428533655 38.274101257324219 0.560784 0.482353 0.352941
v -23.270799867232654 23.695699826626878 38.274101257324219 0.537255 0.443137 0.305882
v -14.350000840757161 23.695700428533655 33.221000671386719 0.564706 0.490196 0.368627
v -23.270799867232654 23.695699826626878 33.221000671386719 0.545098 0.454902 0.313726
v 3.4915500313781962 23.695700381399938 28.167800903320313 0.643137 0.560784 0.447059
v -5.4292301827010192 23.695699902385655 28.167800903320313 0.596078 0.529412 0.423529
v 3.4915500313781962 23.695700381399938 23.114700317382813 0.678431 0.592157 0.482353
v -5.4292301827010192 23.695699902385655 23.114700317382813 0.564706 0.501961 0.396078
v 42.849998562525343 16.895700051609083 12.053000450134277 0.439216 0.392157 0.298039
v 40.326298444772647 16.895700863891989 12.053000450134277 0.443137 0.396078 0.305882
v 42.849998562525343 16.895700051609083 10.621000289916992 0.415686 0.368627 0.270588
v 40.326298444772647 16.895700863891989 10.621000289916992 0.411765 0.372549 0.286275
v 47.897398979009154 16.895700325786493 9.1888999938964844 0.372549 0.329412 0.247059
v 45.373698680278039 16.895699239326177 9.1888999938964844 0.333333 0.282353 0.200000
v 47.897398979009154 16.895700325786493 7.7568402290344238 0.254902 0.203922 0.137255
v 45.373698680278039 16.895699239326177 7.7568402290344238 0.243137 0.188235 0.117647
v 43.250000011285984 -6.1042599949050924 10.637900352478027 0.317647 0.258824 0.172549
v 41.155298367489593 -6.104259776575077 10.637900352478027 0.356863 0.298039 0.203922
v 43.250000011285984 -6.1042599949050924 8.4209699630737305 0.325490 0.262745 0.168627
v 41.155298367489593 -6.104259776575077 8.4209699630737305 0.380392 0.313726 0.211765
v 47.439299873163876 -6.1042600337752049 6.2039899826049805 0.196078 0.145098 0.078431
v 45.344701655082375 -6.1042602132351078 6.2039899826049805 0.262745 0.188235 0.098039
v 47.439299873163876 -6.1042600337752049 3.9870100021362305 0.262745 0.192157 0.101961
v 45.344701655082375 -6.1042602132351078 3.9870100021362305 0.270588 0.200000 0.109804
v 41.295001833356991 24.095700295409642 8.6421298980712891 0.211765 0.168627 0.113725
v 37.438598183480053 24.095701025877588 8.6421298980712891 0.188235 0.152941 0.113725
v 41.295001833356991 24.095700295409642 5.8209700584411621 0.164706 0.137255 0.109804
v 37.438598183480053 24.095701025877588 5.8209700584411621 0.219608 0.184314 0.141176
v 49.007901177677581 24.095699641225792 2.9997999668121338 0.282353 0.235294 0.164706
v 45.151401685747487 24.095699926898533 2.9997999668121338 0.294118 0.247059 0.168627
v 49.007901177677581 24.095699641225792 0.17863999307155609 0.286275 0.239216 0.164706
v 45.151401685747487 24.095699926898533 0.17863999307155609 0.290196 0.247059 0.176471
v 28.804900733499835 -32.998499408426369 21.265600204467773 0.223529 0.219608 0.164706
v 29.260000153006786 -32.973399544351651 21.265600204467773 0.219608 0.215686 0.160784
v 28.804900733499835 -32.998499408426369 20.226499557495117 0.223529 0.223529 0.172549
v 29.260000153006786 -32.973399544351651 20.226499557495117 0.219608 0.219608 0.168627
v 27.894600273364745 -33.048599398896158 19.187400817871094 0.231373 0.231373 0.180392
v 28.349699692871695 -33.02349953482144 19.187400817871094 0.227451 0.227451 0.180392
v 27.894600273364745 -33.048599398896158 18.148300170898438 0.223529 0.227451 0.176471
v 28.349699692871695 -33.02349953482144 18.148300170898438 0.223529 0.227451 0.180392
v -0.39513282623497048 -33.598498264889415 31.8656005859375 0.439216 0.423529 0.333333
v 0.060007066179366575 -33.573398426497334 31.8656005859375 0.439216 0.419608 0.325490
v -0.39513282623497048 -33.598498264889415 30.826499938964844 0.447059 0.439216 0.352941
v 0.060007066179366575 -33.573398426497334 30.826499938964844 0.458824 0.443137 0.352941
v -1.3054098457871817 -33.648598573601603 29.787399291992187 0.470588 0.458824 0.368627
v -0.85027280148767659 -33.623498463741896 29.787399291992187 0.447059 0.439216 0.360784
v -1.3054098457871817 -33.648598573601603 28.748300552368164 0.454902 0.454902 0.388235
v -0.85027280148767659 -33.623498463741896 28.748300552368164 0.443137 0.439216 0.372549
v -25.71290021945822 -9.1785502988240069 0.36846700310707092 0.419608 0.282353 0.231373
v -16.709999980718408 -9.1785502453031427 0.36846700310707092 0.247059 0.121569 0.090196
v -7.707130217761744 9.6939996241527524 0.36846700310707092 0.105882 0.050980 0.031373
v 1.2957399629761568 9.6939996686577175 0.36846700310707092 0.117647 0.058824 0.039216
v 3.7145899013604833 21.864299176757598 6.334740161895752 0.247059 0.172549 0.078431
v 3.7145899013604833 21.864299176757598 5.4209699630737305 0.356863 0.258824 0.160784
v -10.040000386406632 21.86429943612859 4.507199764251709 0.243137 0.168627 0.074510
v -10.040000386406632 21.86429943612859 3.5934300422668457 0.356863 0.270588 0.168627
v 3.364590021345407 -11.304300475982473 6.334740161895752 0.439216 0.364706 0.254902
v 3.364590021345407 -11.304300475982473 5.4209699630737305 0.435294 0.368627 0.254902
v 3.5395898879260983 5.2799998363845191 4.507199764251709 0.427451 0.345098 0.223529
v 3.5395898879260983 5.2799998363845191 3.5934300422668457 0.274510 0.215686 0.145098
v -23.264599309407458 -11.304299755166994 6.334740161895752 0.537255 0.501961 0.443137
v -23.264599309407458 -11.304299755166994 5.4209699630737305 0.541176 0.505882 0.447059
v -9.9499998066837634 -11.304299618649168 4.507199764251709 0.545098 0.513726 0.454902
v -9.9499998066837634 -11.304299618649168 3.5934300422668457 0.541176 0.505882 0.443137
v -23.794600879918562 21.864300668258579 6.334740161895752 0.247059 0.168627 0.074510
v -23.794600879918562 21.864300668258579 5.4209699630737305 0.247059 0.172549 0.074510
v -23.529599190536004 5.2799998913707782 4.507199764251709 0.541176 0.505882 0.443137
v -23.529599190536004 5.2799998913707782 3.5934300422668457 0.541176 0.505882 0.439216
v -1.8417801102831675 19.31519971425756 43.393501281738281 0.631373 0.517647 0.368627
v -1.8417800251781955 14.493999551255115 43.393501281738281 0.635294 0.525490 0.384314
v -17.599899355321071 9.6728499335961828 43.393501281738281 0.600000 0.494118 0.360784
v -17.599899504498666 4.8516900287805242 43.393501281738281 0.635294 0.549020 0.431373
v 51.228601778390612 12.462099392174196 43.973499298095703 0.615686 0.541176 0.392157
v 51.228601848064613 0.57787787701590787 43.973499298095703 0.615686 0.541176 0.396078
v 46.365001218508809 -11.306399913513303 43.973499298095703 0.521569 0.447059 0.298039
v 46.364999436214362 -23.190600655225126 43.973499298095703 0.482353 0.411765 0.266667
v 49.875398195474418 27.193300436679465 41.607898712158203 0.600000 0.525490 0.380392
v 49.875398195474418 27.193300436679465 38.660999298095703 0.596078 0.521569 0.380392
v 50.295400681307399 -2.1300001742446284 35.714099884033203 0.600000 0.533333 0.396078
v 50.295400681307399 -2.1300001742446284 32.767101287841797 0.596078 0.529412 0.400000
v 50.185399712822345 -25.32860055128458 31.792699813842773 0.549020 0.490196 0.360784
v 50.185399712822345 -25.32860055128458 30.499599456787109 0.545098 0.490196 0.360784
v 50.290398618523795 -27.427999037418886 29.206499099731445 0.545098 0.494118 0.372549
v 50.290398618523795 -27.427999037418886 27.913400650024414 0.545098 0.494118 0.376471
v 49.975401363471633 -21.609999311308684 31.792699813842773 0.560784 0.498039 0.364706
v 49.975401363471633 -21.609999311308684 30.499599456787109 0.560784 0.501961 0.372549
v 50.08040044765778 -23.469300880668243 29.206499099731445 0.552941 0.498039 0.368627
v 50.08040044765778 -23.469300880668243 27.913400650024414 0.454902 0.407843 0.282353
v 50.185399712822345 -25.32860055128458 25.110300064086914 0.419608 0.388235 0.270588
v 50.185399712822345 -25.32860055128458 22.307199478149414 0.403922 0.368627 0.262745
v 50.290398618523795 -27.427999037418886 19.504100799560547 0.541176 0.498039 0.403922
v 50.290398618523795 -27.427999037418886 16.701000213623047 0.478431 0.431373 0.337255
v 49.765400649827541 -17.191400286082512 31.792699813842773 0.576471 0.513726 0.376471
v 49.765400649827541 -17.191400286082512 30.499599456787109 0.572549 0.509804 0.380392
v 49.870400961404982 -19.400700273381403 29.206499099731445 0.560784 0.501961 0.372549
v 49.870400961404982 -19.400700273381403 27.913400650024414 0.505882 0.450980 0.321569
v 49.555399589326726 -13.692700195668522 31.792699813842773 0.584314 0.517647 0.376471
v 49.555399589326726 -13.692700195668522 30.499599456787109 0.580392 0.513726 0.376471
v 49.660399174030943 -15.441999855930703 29.206499099731445 0.576471 0.513726 0.388235
v 49.660399174030943 -15.441999855930703 27.913400650024414 0.572549 0.509804 0.384314
v 49.555399589326726 -13.692700195668522 25.110300064086914 0.564706 0.505882 0.380392
v 49.555399589326726 -13.692700195668522 22.307199478149414 0.560784 0.501961 0.388235
v 49.660399174030943 -15.441999855930703 19.504100799560547 0.556863 0.505882 0.403922
v 49.660399174030943 -15.441999855930703 16.701000213623047 0.560784 0.521569 0.443137
v 49.555399589326726 -13.692700195668522 13.377900123596191 0.223529 0.164706 0.078431
v 49.555399589326726 -13.692700195668522 10.054800033569336 0.172549 0.125490 0.062745
v 49.660399174030943 -15.441999855930703 6.7316598892211914 0.545098 0.521569 0.458824
v 49.660399174030943 -15.441999855930703 3.408560037612915 0.552941 0.533333 0.470588
v 49.555399589326726 -13.692700195668522 2.6354598999023438 0.525490 0.505882 0.443137
v 49.555399589326726 -13.692700195668522 1.8623600006103516 0.521569 0.501961 0.439216
v 49.660399174030943 -15.441999855930703 1.0892499685287476 0.549020 0.529412 0.474510
v 49.660399174030943 -15.441999855930703 0.31615099310874939 0.156863 0.121569 0.090196
v 49.765400649827541 -17.191400286082512 2.6354598999023438 0.560784 0.541176 0.482353
v 49.765400649827541 -17.191400286082512 1.8623600006103516 0.564706 0.545098 0.486275
v 49.870400961404982 -19.400700273381403 1.0892499685287476 0.568627 0.556863 0.501961
v 49.870400961404982 -19.400700273381403 0.31615099310874939 0.396078 0.388235 0.364706
v 50.185399712822345 -25.32860055128458 13.377900123596191 0.443137 0.415686 0.309804
v 50.185399712822345 -25.32860055128458 10.054800033569336 0.400000 0.368627 0.266667
v 50.290398618523795 -27.427999037418886 6.7316598892211914 0.600000 0.588235 0.537255
v 50.290398618523795 -27.427999037418886 3.408560037612915 0.600000 0.592157 0.545098
v 49.975401363471633 -21.609999311308684 2.6354598999023438 0.580392 0.564706 0.509804
v 49.975401363471633 -21.609999311308684 1.8623600006103516 0.584314 0.564706 0.509804
v 50.08040044765778 -23.469300880668243 1.0892499685287476 0.592157 0.576471 0.525490
v 50.08040044765778 -23.469300880668243 0.31615099310874939 0.478431 0.474510 0.439216
v 50.185399712822345 -25.32860055128458 2.6354598999023438 0.592157 0.580392 0.529412
v 50.185399712822345 -25.32860055128458 1.8623600006103516 0.596078 0.584314 0.533333
v 50.290398618523795 -27.427999037418886 1.0892499685287476 0.600000 0.592157 0.549020
v 50.290398618523795 -27.427999037418886 0.31615200638771057 0.513726 0.509804 0.478431
v 9.3652898076328484 12.912200206113425 0.36846700310707092 0.290196 0.168627 0.054902
v 24.130000084675601 12.912200129219514 0.36846700310707092 0.180392 0.125490 0.062745
v 38.894699494617953 18.573999170342177 0.36846700310707092 0.400000 0.364706 0.301961
v 53.65940018745539 18.573999048968744 0.36846700310707092 0.082353 0.050980 0.039216
v 43.937898769300141 -6.022689941629082 0.36846700310707092 0.196078 0.129412 0.062745
v 47.260000962334288 -6.0226900706541073 0.36846700310707092 0.125490 0.078431 0.043137
v 50.582099723146143 3.573999750384246 0.36846700310707092 0.211765 0.176471 0.121569
v 53.904098490465401 3.574000019149139 0.36846700310707092 0.211765 0.176471 0.117647
v 49.89169942311355 -32.31629904415604 12.740200042724609 0.525490 0.494118 0.388235
v 49.89169942311355 -32.31629904415604 8.9200000762939453 0.521569 0.494118 0.396078
v 38.328500178203626 -32.655500571046332 5.0998401641845703 0.494118 0.443137 0.329412
v 38.328500178203626 -32.655500571046332 1.2796800136566162 0.403922 0.341176 0.235294
v -31.965200742005663 -26.389399495038788 36.722599029541016 0.870588 0.878431 0.819608
v -31.965200742005663 -26.389399495038788 29.979999542236328 0.905882 0.909804 0.843137
v -31.996699788747492 -13.11850096959472 23.237400054931641 0.600000 0.568627 0.498039
v -31.996699788747492 -13.11850096959472 16.494800567626953 0.498039 0.435294 0.341176
v 53.992101064249823 -34.806299872387171 42.273601531982422 0.341176 0.274510 0.152941
v 53.992101064249823 -34.806299872387171 40.650001525878906 0.309804 0.247059 0.133333
v 8.5484802181359782 -35.145501051684448 39.026401519775391 0.388235 0.313726 0.188235
v 8.5484802181359782 -35.145501051684448 37.402900695800781 0.384314 0.313726 0.184314
v 3.6298101518442536 -33.636298321805555 12.740200042724609 0.631373 0.603922 0.525490
v 3.6298101518442536 -33.636298321805555 8.9200000762939453 0.627451 0.600000 0.521569
v -11.691500513460028 -33.975500536442212 5.0998401641845703 0.392157 0.298039 0.160784
v -11.691500513460028 -33.975500536442212 1.2796800136566162 0.329412 0.247059 0.149020
v -12.701899705581127 -33.720301180844331 29.110200881958008 0.568627 0.564706 0.486275
v -12.701899705581127 -33.720301180844331 25.290000915527344 0.486275 0.494118 0.431373
v -19.601499409273629 -33.935501408651362 21.46980094909668 0.600000 0.560784 0.466667
v -19.601499409273629 -33.935501408651362 17.649700164794922 0.584314 0.545098 0.450980
v -31.965200555806632 -38.186498896716785 32.841598510742187 0.254902 0.239216 0.172549
v -31.965200555806632 -38.186498896716785 21.75 0.164706 0.152941 0.105882
v -31.996700431819818 -32.070899708014736 10.65839958190918 0.090196 0.074510 0.047059
v -31.996700431819818 -32.070899708014736 -0.43310800194740295 0.098039 0.074510 0.047059
v -31.965198595413113 8.5994100818225547 40.921600341796875 0.470588 0.356863 0.207843
v -31.965198595413113 8.5994100818225547 37.819999694824219 0.490196 0.380392 0.227451
v -31.996700054960797 16.479100240815342 34.718399047851563 0.564706 0.458824 0.298039
v -31.996700054960797 16.479100240815342 31.616800308227539 0.188235 0.078431 0.019608
v 6.5323600408690936 17.424899905783604 3.5684700012207031 0.305882 0.215686 0.117647
v 8.2315902635909879 17.42490077159465 3.5684700012207031 0.341176 0.254902 0.152941
v 9.930820063468218 19.421199850053313 3.5684700012207031 0.243137 0.172549 0.090196
v 11.630100015470703 19.421199807911933 3.5684700012207031 0.235294 0.196078 0.133333
v -32.191499254168548 23.695699307558471 38.274101257324219 0.521569 0.411765 0.254902
v -32.191499254168548 23.695699307558471 33.221000671386719 0.549020 0.435294 0.270588
v -14.350000840757161 23.695700428533655 28.167800903320313 0.564706 0.486275 0.364706
v -14.350000840757161 23.695700428533655 23.114700317382813 0.525490 0.450980 0.325490
v 37.802598146041532 16.895699777431673 12.053000450134277 0.470588 0.431373 0.341176
v 37.802598146041532 16.895699777431673 10.621000289916992 0.462745 0.427451 0.341176
v 42.849998562525343 16.895700051609083 9.1888999938964844 0.325490 0.274510 0.196078
v 42.849998562525343 16.895700051609083 7.7568402290344238 0.227451 0.172549 0.105882
v 39.060700149408092 -6.10425995603498 10.637900352478027 0.352941 0.286275 0.188235
v 39.060700149408092 -6.10425995603498 8.4209699630737305 0.384314 0.309804 0.200000
v 43.250000011285984 -6.1042599949050924 6.2039899826049805 0.364706 0.286275 0.180392
v 43.250000011285984 -6.1042599949050924 3.9870100021362305 0.372549 0.290196 0.184314
v 33.582100409314762 24.095699231828689 8.6421298980712891 0.188235 0.152941 0.113725
v 33.582100409314762 24.095699231828689 5.8209700584411621 0.239216 0.200000 0.149020
v 41.295001833356991 24.095700295409642 2.9997999668121338 0.290196 0.247059 0.184314
v 41.295001833356991 24.095700295409642 0.17863999307155609 0.290196 0.243137 0.184314
v 29.715101554095327 -32.948399500794949 21.265600204467773 0.211765 0.207843 0.152941
v 29.715101554095327 -32.948399500794949 20.226499557495117 0.211765 0.211765 0.160784
v 28.804900733499835 -32.998499408426369 19.187400817871094 0.219608 0.223529 0.176471
v 28.804900733499835 -32.998499408426369 18.148300170898438 0.215686 0.223529 0.176471
v 0.51514727877497535 -33.548398250267155 31.8656005859375 0.564706 0.509804 0.376471
v 0.51514727877497535 -33.548398250267155 30.826499938964844 0.549020 0.490196 0.352941
v -0.39513282623497048 -33.598498264889415 29.787399291992187 0.447059 0.439216 0.360784
v -0.39513282623497048 -33.598498264889415 28.748300552368164 0.439216 0.435294 0.364706
v -34.715701544508221 0.25772612923771021 0.36846700310707092 0.317647 0.141176 0.082353
v -34.715701768030044 -9.178550179017293 0.36846700310707092 0.356863 0.188235 0.156863
v -16.710000122260567 19.130300311790734 0.36846700310707092 0.254902 0.113725 0.054902
v -3.16271001756337 21.864300719571901 7.2485098838806152 0.247059 0.172549 0.074510
v 3.7145899013604833 21.864299176757598 7.2485098838806152 0.247059 0.172549 0.078431
v -16.917300542673388 21.864301001565195 5.4209699630737305 0.247059 0.172549 0.078431
v 3.4520899787882229 -3.0121299646738322 7.2485098838806152 0.101961 0.035294 0.031373
v 3.364590021345407 -11.304300475982473 7.2485098838806152 0.211765 0.145098 0.101961
v 3.6270900773562289 13.572099912833011 5.4209699630737305 0.376471 0.294118 0.192157
v -16.607300032731416 -11.304299641663476 7.2485098838806152 0.290196 0.184314 0.129412
v -23.264599309407458 -11.304299755166994 7.2485098838806152 0.407843 0.337255 0.278431
v -3.2927098768701342 -11.304299572247473 5.4209699630737305 0.525490 0.478431 0.396078
v -23.662100061675005 13.572099748016171 7.2485098838806152 0.521569 0.482353 0.423529
v -23.794600879918562 21.864300668258579 7.2485098838806152 0.439216 0.392157 0.321569
v -23.397099271063865 -3.0121300514587688 5.4209699630737305 0.541176 0.505882 0.443137
v -9.7208396581703482 24.136300826539014 43.393501281738281 0.584314 0.498039 0.368627
v -1.8417801125497704 24.136300237720405 43.393501281738281 0.631373 0.545098 0.411765
v -25.479000412151038 14.494000507133478 43.393501281738281 0.560784 0.435294 0.266667
v 48.796800169300695 24.346400897166632 43.973499298095703 0.564706 0.490196 0.333333
v 51.228601533858864 24.346399479718229 43.973499298095703 0.580392 0.501961 0.349020
v 43.933201189919714 0.5778779699178358 43.973499298095703 0.533333 0.454902 0.305882
v 50.085398402355509 12.531699566790621 44.554798126220703 0.549020 0.470588 0.309804
v 49.875398195474418 27.193300436679465 44.554798126220703 0.576471 0.501961 0.345098
v 50.505399162772846 -16.791699553323042 38.660999298095703 0.572549 0.505882 0.368627
v 50.23789916567307 -26.378299794351733 33.085800170898437 0.537255 0.482353 0.345098
v 50.185399712822345 -25.32860055128458 33.085800170898437 0.537255 0.478431 0.337255
v 50.342899706300955 -28.477600720668079 30.499599456787109 0.541176 0.490196 0.368627
v 50.02789999761228 -22.539699825269054 33.085800170898437 0.549020 0.486275 0.345098
v 49.975401363471633 -21.609999311308684 33.085800170898437 0.552941 0.490196 0.349020
v 50.132899262776846 -24.398999495885391 30.499599456787109 0.549020 0.494118 0.364706
v 50.23789916567307 -26.378299794351733 27.913400650024414 0.549020 0.494118 0.376471
v 50.342899706300955 -28.477600720668079 22.307199478149414 0.529412 0.486275 0.380392
v 49.817901713568688 -18.296000550451367 33.085800170898437 0.568627 0.505882 0.360784
v 49.765400649827541 -17.191400286082512 33.085800170898437 0.572549 0.509804 0.364706
v 49.922898227659687 -20.505300175793423 30.499599456787109 0.560784 0.501961 0.372549
v 49.607898428481803 -14.567400229766008 33.085800170898437 0.580392 0.513726 0.364706
v 49.555399589326726 -13.692700195668522 33.085800170898437 0.584314 0.517647 0.372549
v 49.712901810672463 -16.316700251985026 30.499599456787109 0.576471 0.513726 0.384314
v 49.607898428481803 -14.567400229766008 27.913400650024414 0.580392 0.517647 0.392157
v 49.555399589326726 -13.692700195668522 27.913400650024414 0.501961 0.435294 0.301961
v 49.712901810672463 -16.316700251985026 22.307199478149414 0.556863 0.501961 0.392157
v 49.607898428481803 -14.567400229766008 16.701000213623047 0.556863 0.517647 0.439216
v 49.555399589326726 -13.692700195668522 16.701000213623047 0.549020 0.509804 0.419608
v 49.712901810672463 -16.316700251985026 10.054800033569336 0.549020 0.533333 0.478431
v 49.607898428481803 -14.567400229766008 3.408560037612915 0.549020 0.525490 0.466667
v 49.555399589326726 -13.692700195668522 3.408560037612915 0.490196 0.478431 0.423529
v 49.712901810672463 -16.316700251985026 1.8623600006103516 0.560784 0.541176 0.482353
v 49.817901713568688 -18.296000550451367 3.408560037612915 0.333333 0.298039 0.215686
v 49.922898227659687 -20.505300175793423 1.8623600006103516 0.576471 0.560784 0.505882
v 50.23789916567307 -26.378299794351733 16.701000213623047 0.537255 0.501961 0.419608
v 50.185399712822345 -25.32860055128458 16.701000213623047 0.403922 0.368627 0.262745
v 50.342899706300955 -28.477600720668079 10.054800033569336 0.603922 0.588235 0.533333
v 50.02789999761228 -22.539699825269054 3.408560037612915 0.411765 0.384314 0.301961
v 49.975401363471633 -21.609999311308684 3.408560037612915 0.415686 0.392157 0.313726
v 50.132899262776846 -24.398999495885391 1.8623600006103516 0.592157 0.580392 0.529412
v 50.23789916567307 -26.378299794351733 3.408560037612915 0.596078 0.584314 0.537255
v 50.185399712822345 -25.32860055128458 3.408560037612915 0.309804 0.270588 0.176471
v 50.342899706300955 -28.477600720668079 1.8623600006103516 0.600000 0.596078 0.549020
v -5.39941005735011 15.743100247686897 0.36846700310707092 0.168627 0.090196 0.039216
v -5.3994099358329777 12.912200236997649 0.36846700310707092 0.247059 0.141176 0.047059
v 24.130000194810009 21.404900116042654 0.36846700310707092 0.125490 0.070588 0.039216
v 40.615901659188012 -1.2243500474985467 0.36846700310707092 0.274510 0.215686 0.137255
v 40.615900013292034 -6.0226900917225237 0.36846700310707092 0.227451 0.152941 0.070588
v 47.259999187319124 8.3723400423046996 0.36846700310707092 0.168627 0.133333 0.094118
v 44.110099710169379 -32.485900756972796 16.560300827026367 0.466667 0.407843 0.274510
v 49.89169942311355 -32.31629904415604 16.560300827026367 0.498039 0.450980 0.329412
v 32.546898664656283 -32.825000564601851 8.9200000762939453 0.505882 0.458824 0.341176
v -31.981000036076352 -19.753899504594528 43.465198516845703 0.650980 0.603922 0.505882
v -31.965200742005663 -26.389399495038788 43.465198516845703 0.819608 0.784314 0.639216
v -32.012500894132529 -6.4830400843649159 29.979999542236328 0.996078 0.996078 0.996078
v 31.270301649455632 -34.975900553290103 43.897098541259766 0.431373 0.356863 0.227451
v 53.992101064249823 -34.806299872387171 43.897098541259766 0.403922 0.329412 0.200000
v -14.173299749129114 -35.314998206602297 40.650001525878906 0.325490 0.266667 0.152941
v -4.0308600177105447 -33.805899930939944 16.560300827026367 0.650980 0.619608 0.541176
v 3.6298101518442536 -33.636298321805555 16.560300827026367 0.643137 0.607843 0.525490
v -19.352199781023046 -34.144999740460548 8.9200000762939453 0.490196 0.443137 0.345098
v -16.151700506798988 -33.827901204258637 32.930301666259766 0.541176 0.513726 0.411765
v -12.701899705581127 -33.720301180844331 32.930301666259766 0.631373 0.596078 0.490196
v -23.051300293329859 -34.04300179252607 25.290000915527344 0.286275 0.294118 0.243137
v -31.980999454700623 -35.128700383645764 43.933101654052734 0.254902 0.239216 0.172549
v -31.965200555806632 -38.186498896716785 43.933101654052734 0.254902 0.235294 0.168627
v -32.012499232573759 -29.012999656660895 21.75 0.607843 0.596078 0.537255
v -31.980998712072676 12.539299864979398 44.023200988769531 0.490196 0.368627 0.215686
v -31.965198595413113 8.5994100818225547 44.023200988769531 0.431373 0.317647 0.172549
v -32.012499311972874 20.418999043002486 37.819999694824219 0.545098 0.431373 0.270588
v 4.8331200075742515 18.42300020341257 3.5684700012207031 0.243137 0.168627 0.090196
v 4.8331200870881901 17.424899967486951 3.5684700012207031 0.254902 0.180392 0.101961
v 8.2315898593724341 20.419400758450706 3.5684700012207031 0.200000 0.133333 0.062745
v -23.270799867232654 23.695699826626878 43.327301025390625 0.533333 0.431373 0.286275
v -32.191499254168548 23.695699307558471 43.327301025390625 0.482353 0.356863 0.203922
v -5.4292301827010192 23.695699902385655 33.221000671386719 0.592157 0.517647 0.400000
v 40.326298444772647 16.895700863891989 13.485099792480469 0.427451 0.380392 0.282353
v 37.802598146041532 16.895699777431673 13.485099792480469 0.454902 0.411765 0.321569
v 45.373698680278039 16.895699239326177 10.621000289916992 0.423529 0.380392 0.286275
v 41.155298367489593 -6.104259776575077 12.854900360107422 0.345098 0.286275 0.192157
v 39.060700149408092 -6.10425995603498 12.854900360107422 0.341176 0.274510 0.180392
v 45.344701655082375 -6.1042602132351078 8.4209699630737305 0.211765 0.164706 0.094118
v 37.438598183480053 24.095701025877588 11.463299751281738 0.219608 0.184314 0.133333
v 33.582100409314762 24.095699231828689 11.463299751281738 0.200000 0.164706 0.121569
v 45.151401685747487 24.095699926898533 5.8209700584411621 0.192157 0.156863 0.105882
v 29.260000153006786 -32.973399544351651 22.30470085144043 0.211765 0.207843 0.149020
v 29.715101554095327 -32.948399500794949 22.30470085144043 0.207843 0.200000 0.145098
v 28.349699692871695 -33.02349953482144 20.226499557495117 0.227451 0.227451 0.176471
v 0.060007066179366575 -33.573398426497334 32.904701232910156 0.423529 0.396078 0.294118
v 0.51514727877497535 -33.548398250267155 32.904701232910156 0.600000 0.541176 0.403922
v -0.85027280148767659 -33.623498463741896 30.826499938964844 0.443137 0.435294 0.352941
v -34.71570154720942 9.6940000640636868 0.36846700310707092 0.223529 0.094118 0.047059
v -16.709999588147184 28.566499471717407 0.36846700310707092 0.160784 0.058824 0.035294
v -10.040000386406632 21.86429943612859 7.2485098838806152 0.247059 0.172549 0.078431
v 3.5395898879260983 5.2799998363845191 7.2485098838806152 0.235294 0.145098 0.094118
v -9.9499998066837634 -11.304299618649168 7.2485098838806152 0.286275 0.211765 0.156863
v -23.529599190536004 5.2799998913707782 7.2485098838806152 0.505882 0.462745 0.403922
v -17.599899859455149 24.136299561859005 43.393501281738281 0.556863 0.458824 0.317647
v -33.357999220228294 14.494000096745367 43.393501281738281 0.549020 0.423529 0.254902
v 46.364998623764109 24.346400415871813 43.973499298095703 0.560784 0.486275 0.333333
v 41.501399689627732 0.57787796330882202 43.973499298095703 0.533333 0.454902 0.301961
v 50.295400681307399 -2.1300001742446284 44.554798126220703 0.541176 0.466667 0.313726
v 50.715399369653937 -31.453300423211886 38.660999298095703 0.552941 0.494118 0.356863
v 50.290398618523795 -27.427999037418886 33.085800170898437 0.537255 0.486275 0.349020
v 50.39539915915168 -29.527299963735231 30.499599456787109 0.533333 0.486275 0.356863
v 50.08040044765778 -23.469300880668243 33.085800170898437 0.549020 0.490196 0.349020
v 50.39539915915168 -29.527299963735231 22.307199478149414 0.521569 0.482353 0.368627
v 49.870400961404982 -19.400700273381403 33.085800170898437 0.560784 0.498039 0.356863
v 49.660399174030943 -15.441999855930703 33.085800170898437 0.580392 0.513726 0.372549
v 49.765400649827541 -17.191400286082512 22.307199478149414 0.439216 0.380392 0.270588
v 49.765400649827541 -17.191400286082512 10.054800033569336 0.415686 0.384314 0.321569
v 49.870400961404982 -19.400700273381403 3.408560037612915 0.396078 0.368627 0.294118
v 50.39539915915168 -29.527299963735231 10.054800033569336 0.584314 0.572549 0.513726
v 50.08040044765778 -23.469300880668243 3.408560037612915 0.368627 0.333333 0.250980
v 50.39539915915168 -29.527299963735231 1.8623600006103516 0.576471 0.572549 0.525490
v -5.3994101788672424 18.574000258376145 0.36846700310707092 0.121569 0.070588 0.043137
v 24.129999508117862 24.235799222604896 0.36846700310707092 0.117647 0.070588 0.047059
v 40.615900435111939 3.5740000897412756 0.36846700310707092 0.227451 0.172549 0.105882
v 47.259998958624351 13.170700622632239 0.36846700310707092 0.164706 0.133333 0.090196
v 38.328500178203626 -32.655500571046332 16.560300827026367 0.462745 0.400000 0.266667
v 26.765199493150931 -32.994600461513755 8.9200000762939453 0.529412 0.482353 0.372549
v -31.996699788747492 -13.11850096959472 43.465198516845703 0.588235 0.517647 0.400000
v -32.028300824688017 0.1524130249135851 29.979999542236328 0.996078 0.996078 0.992157
v 8.5484802181359782 -35.145501051684448 43.897098541259766 0.494118 0.423529 0.286275
v -36.895098395530113 -35.484600876737659 40.650001525878906 0.388235 0.325490 0.203922
v -11.691500513460028 -33.975500536442212 16.560300827026367 0.611765 0.568627 0.466667
v -27.012800456558125 -34.314600309434127 8.9200000762939453 0.447059 0.400000 0.305882
v -19.601499409273629 -33.935501408651362 32.930301666259766 0.650980 0.603922 0.490196
v -26.501100732590885 -34.150598018453934 25.290000915527344 0.172549 0.160784 0.101961
v -31.996700431819818 -32.070899708014736 43.933101654052734 0.894118 0.901961 0.835294
v -32.028299849232553 -25.955199063868235 21.75 0.905882 0.921569 0.878431
v -31.996700054960797 16.479100240815342 44.023200988769531 0.478431 0.356863 0.203922
v -32.028298388006533 24.358899743932852 37.819999694824219 0.521569 0.411765 0.254902
v 4.8331200825648466 19.421200056255486 3.5684700012207031 0.215686 0.141176 0.070588
v 8.2315900735658829 21.4174990503885 3.5684700012207031 0.160784 0.098039 0.058824
v -14.350000840757161 23.695700428533655 43.327301025390625 0.549020 0.458824 0.325490
v 3.4915500313781962 23.695700381399938 33.221000671386719 0.627451 0.545098 0.419608
v 42.849998562525343 16.895700051609083 13.485099792480469 0.439216 0.388235 0.290196
v 47.897398979009154 16.895700325786493 10.621000289916992 0.400000 0.364706 0.282353
v 43.250000011285984 -6.1042599949050924 12.854900360107422 0.313726 0.258824 0.172549
v 47.439299873163876 -6.1042600337752049 8.4209699630737305 0.113725 0.082353 0.047059
v 41.295001833356991 24.095700295409642 11.463299751281738 0.270588 0.223529 0.145098
v 49.007901177677581 24.095699641225792 5.8209700584411621 0.235294 0.188235 0.125490
v 28.804900733499835 -32.998499408426369 22.30470085144043 0.219608 0.215686 0.156863
v 27.894600273364745 -33.048599398896158 20.226499557495117 0.231373 0.227451 0.172549
v -0.39513282623497048 -33.598498264889415 32.904701232910156 0.427451 0.403922 0.305882
v -1.3054098457871817 -33.648598573601603 30.826499938964844 0.439216 0.431373 0.352941
v -25.712899411628769 19.130300167780661 0.36846700310707092 0.160784 0.058824 0.039216
v -7.7071301839548791 0.25772601567326703 0.36846700310707092 0.176471 0.082353 0.058824
v -7.7071299186519582 -9.1785501894870265 0.36846700310707092 0.188235 0.082353 0.062745
v 1.2957399911274461 0.25772600084250641 0.36846700310707092 0.149020 0.074510 0.050980
v 1.2957399060715886 -9.1785501110486081 0.36846700310707092 0.152941 0.098039 0.058824
v -16.917300542673388 21.864301001565195 6.334740161895752 0.247059 0.172549 0.074510
v -3.16271001756337 21.864300719571901 4.507199764251709 0.356863 0.266667 0.168627
v -3.16271001756337 21.864300719571901 3.5934300422668457 0.368627 0.290196 0.184314
v 3.6270900773562289 13.572099912833011 6.334740161895752 0.352941 0.239216 0.145098
v 3.4520899787882229 -3.0121299646738322 4.507199764251709 0.423529 0.345098 0.231373
v 3.4520899787882229 -3.0121299646738322 3.5934300422668457 0.109804 0.078431 0.050980
v -3.2927098768701342 -11.304299572247473 6.334740161895752 0.474510 0.403922 0.298039
v -16.607300032731416 -11.304299641663476 4.507199764251709 0.541176 0.505882 0.443137
v -16.607300032731416 -11.304299641663476 3.5934300422668457 0.541176 0.505882 0.443137
v -23.397099271063865 -3.0121300514587688 6.334740161895752 0.537255 0.505882 0.447059
v -23.662100061675005 13.572099748016171 4.507199764251709 0.541176 0.505882 0.443137
v -23.662100061675005 13.572099748016171 3.5934300422668457 0.349020 0.290196 0.207843
v -25.479000350402316 19.31519969814201 43.393501281738281 0.556863 0.431373 0.254902
v -9.7208402391416939 9.6728498647079846 43.393501281738281 0.635294 0.533333 0.400000
v -1.8417798910031991 9.6728501573940804 43.393501281738281 0.647059 0.541176 0.400000
v -9.7208403883192886 4.851689959892326 43.393501281738281 0.662745 0.564706 0.439216
v -1.8417800854253983 4.8516897778926165 43.393501281738281 0.666667 0.560784 0.427451
v 43.933201120245712 12.462099485076124 43.973499298095703 0.541176 0.462745 0.309804
v 48.796798876069744 -11.306400019633259 43.973499298095703 0.529412 0.454902 0.305882
v 51.228600376361726 -11.306400013024245 43.973499298095703 0.611765 0.541176 0.396078
v 48.796800981750948 -23.190600173930306 43.973499298095703 0.494118 0.423529 0.278431
v 51.228598729801092 -23.190599330678651 43.973499298095703 0.568627 0.501961 0.360784
v 50.505399162772846 -16.791699553323042 41.607898712158203 0.584314 0.517647 0.376471
v 50.085398402355509 12.531699566790621 35.714099884033203 0.596078 0.521569 0.380392
v 49.875398195474418 27.193300436679465 35.714099884033203 0.592157 0.521569 0.380392
v 50.085398402355509 12.531699566790621 32.767101287841797 0.592157 0.521569 0.384314
v 49.875398195474418 27.193300436679465 32.767101287841797 0.592157 0.521569 0.384314
v 50.342899706300955 -28.477600720668079 31.792699813842773 0.541176 0.490196 0.360784
v 50.23789916567307 -26.378299794351733 29.206499099731445 0.545098 0.494118 0.372549
v 50.132899262776846 -24.398999495885391 31.792699813842773 0.549020 0.490196 0.360784
v 50.02789999761228 -22.539699825269054 29.206499099731445 0.552941 0.498039 0.372549
v 50.02789999761228 -22.539699825269054 27.913400650024414 0.458824 0.411765 0.286275
v 50.342899706300955 -28.477600720668079 25.110300064086914 0.537255 0.494118 0.380392
v 50.23789916567307 -26.378299794351733 19.504100799560547 0.541176 0.498039 0.400000
v 50.185399712822345 -25.32860055128458 19.504100799560547 0.419608 0.384314 0.278431
v 49.922898227659687 -20.505300175793423 31.792699813842773 0.564706 0.501961 0.368627
v 49.817901713568688 -18.296000550451367 29.206499099731445 0.564706 0.505882 0.376471
v 49.817901713568688 -18.296000550451367 27.913400650024414 0.509804 0.454902 0.329412
v 49.712901810672463 -16.316700251985026 31.792699813842773 0.580392 0.513726 0.380392
v 49.607898428481803 -14.567400229766008 29.206499099731445 0.576471 0.517647 0.388235
v 49.555399589326726 -13.692700195668522 29.206499099731445 0.478431 0.403922 0.262745
v 49.712901810672463 -16.316700251985026 25.110300064086914 0.564706 0.509804 0.392157
v 49.607898428481803 -14.567400229766008 19.504100799560547 0.556863 0.505882 0.400000
v 49.555399589326726 -13.692700195668522 19.504100799560547 0.556863 0.505882 0.396078
v 49.712901810672463 -16.316700251985026 13.377900123596191 0.556863 0.537255 0.474510
v 49.607898428481803 -14.567400229766008 6.7316598892211914 0.533333 0.509804 0.447059
v 49.555399589326726 -13.692700195668522 6.7316598892211914 0.509804 0.490196 0.431373
v 49.712901810672463 -16.316700251985026 2.6354598999023438 0.560784 0.537255 0.478431
v 49.607898428481803 -14.567400229766008 1.0892499685287476 0.541176 0.525490 0.466667
v 49.555399589326726 -13.692700195668522 1.0892499685287476 0.517647 0.498039 0.439216
v 49.607898428481803 -14.567400229766008 0.31615099310874939 0.164706 0.121569 0.074510
v 49.555399589326726 -13.692700195668522 0.31615099310874939 0.396078 0.364706 0.301961
v 49.922898227659687 -20.505300175793423 2.6354598999023438 0.576471 0.560784 0.505882
v 49.817901713568688 -18.296000550451367 1.0892499685287476 0.560784 0.549020 0.490196
v 49.817901713568688 -18.296000550451367 0.31615099310874939 0.356863 0.341176 0.317647
v 50.342899706300955 -28.477600720668079 13.377900123596191 0.596078 0.572549 0.509804
v 50.23789916567307 -26.378299794351733 6.7316598892211914 0.600000 0.584314 0.533333
v 50.185399712822345 -25.32860055128458 6.7316598892211914 0.372549 0.337255 0.243137
v 50.132899262776846 -24.398999495885391 2.6354598999023438 0.592157 0.576471 0.525490
v 50.02789999761228 -22.539699825269054 1.0892499685287476 0.584314 0.572549 0.521569
v 50.02789999761228 -22.539699825269054 0.31615099310874939 0.419608 0.407843 0.380392
v 50.342899706300955 -28.477600720668079 2.6354598999023438 0.600000 0.592157 0.545098
v 50.23789916567307 -26.378299794351733 1.0892499685287476 0.592157 0.584314 0.537255
v 50.23789916567307 -26.378299794351733 0.31615099310874939 0.525490 0.525490 0.494118
v 9.3652898272780476 21.404899243564955 0.36846700310707092 0.117647 0.074510 0.047059
v 38.894698282566878 15.743100244758352 0.36846700310707092 0.082353 0.054902 0.039216
v 38.894700687023828 12.912199058474471 0.36846700310707092 0.168627 0.125490 0.074510
v 53.659398975404315 15.74310012338492 0.36846700310707092 0.125490 0.090196 0.054902
v 53.659401379861265 12.912198937101039 0.36846700310707092 0.164706 0.121569 0.074510
v 43.937900780460268 8.3723396907014376 0.36846700310707092 0.184314 0.141176 0.094118
v 50.582100969844518 -1.2243501495126736 0.36846700310707092 0.215686 0.176471 0.117647
v 50.582099346570843 -6.0226899563937479 0.36846700310707092 0.101961 0.070588 0.039216
v 53.904099737163776 -1.2243498807477806 0.36846700310707092 0.141176 0.105882 0.066667
v 53.904098102578949 -6.0226898063003063 0.36846700310707092 0.101961 0.070588 0.039216
v 32.546898664656283 -32.825000564601851 12.740200042724609 0.505882 0.454902 0.337255
v 44.110099710169379 -32.485900756972796 5.0998401641845703 0.498039 0.454902 0.349020
v 49.89169942311355 -32.31629904415604 5.0998401641845703 0.517647 0.494118 0.400000
v 44.110099710169379 -32.485900756972796 1.2796800136566162 0.388235 0.329412 0.231373
v 49.89169942311355 -32.31629904415604 1.2796800136566162 0.419608 0.380392 0.294118
v -32.012500894132529 -6.4830400843649159 36.722599029541016 0.996078 0.996078 0.992157
v -31.981000036076352 -19.753899504594528 23.237400054931641 0.996078 0.996078 0.996078
v -31.965200742005663 -26.389399495038788 23.237400054931641 0.886275 0.898039 0.847059
v -31.981000036076352 -19.753899504594528 16.494800567626953 0.607843 0.596078 0.552941
v -31.965200742005663 -26.389399495038788 16.494800567626953 0.745098 0.745098 0.698039
v -14.173299749129114 -35.314998206602297 42.273601531982422 0.450980 0.384314 0.258824
v 31.270301649455632 -34.975900553290103 39.026401519775391 0.380392 0.305882 0.184314
v 53.992101064249823 -34.806299872387171 39.026401519775391 0.376471 0.301961 0.180392
v 31.270301649455632 -34.975900553290103 37.402900695800781 0.384314 0.309804 0.184314
v 53.992101064249823 -34.806299872387171 37.402900695800781 0.384314 0.309804 0.184314
v -19.352199781023046 -34.144999740460548 12.740200042724609 0.580392 0.541176 0.450980
v -4.0308600177105447 -33.805899930939944 5.0998401641845703 0.568627 0.521569 0.415686
v 3.6298101518442536 -33.636298321805555 5.0998401641845703 0.607843 0.580392 0.498039
v -4.0308600177105447 -33.805899930939944 1.2796800136566162 0.470588 0.407843 0.294118
v 3.6298101518442536 -33.636298321805555 1.2796800136566162 0.498039 0.447059 0.337255
v -23.051300293329859 -34.04300179252607 29.110200881958008 0.298039 0.298039 0.235294
v -16.151700506798988 -33.827901204258637 21.46980094909668 0.380392 0.388235 0.333333
v -12.701899705581127 -33.720301180844331 21.46980094909668 0.407843 0.423529 0.368627
v -16.151700506798988 -33.827901204258637 17.649700164794922 0.498039 0.466667 0.388235
v -12.701899705581127 -33.720301180844331 17.649700164794922 0.654902 0.623529 0.541176
v -32.012499232573759 -29.012999656660895 32.841598510742187 0.898039 0.909804 0.854902
v -31.980999454700623 -35.128700383645764 10.65839958190918 0.129412 0.109804 0.070588
v -31.965200555806632 -38.186498896716785 10.65839958190918 0.129412 0.101961 0.058824
v -31.980999454700623 -35.128700383645764 -0.43310800194740295 0.121569 0.094118 0.054902
v -31.965200555806632 -38.186498896716785 -0.43310800194740295 0.129412 0.101961 0.058824
v -32.012499311972874 20.418999043002486 40.921600341796875 0.529412 0.411765 0.247059
v -31.980998712072676 12.539299864979398 34.718399047851563 0.564706 0.458824 0.301961
v -31.965198595413113 8.5994100818225547 34.718399047851563 0.505882 0.396078 0.243137
v -31.980998712072676 12.539299864979398 31.616800308227539 0.568627 0.458824 0.301961
v -31.965198595413113 8.5994100818225547 31.616800308227539 0.505882 0.396078 0.243137
v 6.5323601113363452 20.419399847395056 3.5684700012207031 0.196078 0.117647 0.054902
v 9.9308202258205256 18.422999974588095 3.5684700012207031 0.290196 0.219608 0.133333
v 9.9308203053344641 17.424899738662475 3.5684700012207031 0.341176 0.262745 0.164706
v 11.63010017782301 18.422999932446714 3.5684700012207031 0.231373 0.184314 0.125490
v 11.630100257336949 17.424899696521095 3.5684700012207031 0.368627 0.309804 0.231373
v -5.4292301827010192 23.695699902385655 38.274101257324219 0.603922 0.525490 0.400000
v -23.270799867232654 23.695699826626878 28.167800903320313 0.572549 0.466667 0.313726
v -32.191499254168548 23.695699307558471 28.167800903320313 0.603922 0.470588 0.286275
v -23.270799867232654 23.695699826626878 23.114700317382813 0.619608 0.494118 0.329412
v -32.191499254168548 23.695699307558471 23.114700317382813 0.686275 0.525490 0.329412
v 45.373698680278039 16.895699239326177 12.053000450134277 0.435294 0.392157 0.298039
v 40.326298444772647 16.895700863891989 9.1888999938964844 0.341176 0.298039 0.219608
v 37.802598146041532 16.895699777431673 9.1888999938964844 0.325490 0.282353 0.211765
v 40.326298444772647 16.895700863891989 7.7568402290344238 0.258824 0.215686 0.152941
v 37.802598146041532 16.895699777431673 7.7568402290344238 0.258824 0.215686 0.152941
v 45.344701655082375 -6.1042602132351078 10.637900352478027 0.196078 0.160784 0.101961
v 41.155298367489593 -6.104259776575077 6.2039899826049805 0.403922 0.329412 0.219608
v 39.060700149408092 -6.10425995603498 6.2039899826049805 0.411765 0.329412 0.211765
v 41.155298367489593 -6.104259776575077 3.9870100021362305 0.407843 0.329412 0.219608
v 39.060700149408092 -6.10425995603498 3.9870100021362305 0.415686 0.333333 0.207843
v 45.151401685747487 24.095699926898533 8.6421298980712891 0.219608 0.172549 0.105882
v 37.438598183480053 24.095701025877588 2.9997999668121338 0.290196 0.247059 0.184314
v 33.582100409314762 24.095699231828689 2.9997999668121338 0.290196 0.247059 0.184314
v 37.438598183480053 24.095701025877588 0.17863999307155609 0.290196 0.247059 0.184314
v 33.582100409314762 24.095699231828689 0.17863999307155609 0.290196 0.247059 0.184314
v 28.349699692871695 -33.02349953482144 21.265600204467773 0.227451 0.223529 0.168627
v 29.260000153006786 -32.973399544351651 19.187400817871094 0.215686 0.219608 0.168627
v 29.715101554095327 -32.948399500794949 19.187400817871094 0.207843 0.211765 0.160784
v 29.260000153006786 -32.973399544351651 18.148300170898438 0.215686 0.223529 0.176471
v 29.715101554095327 -32.948399500794949 18.148300170898438 0.207843 0.211765 0.164706
v -0.85027280148767659 -33.623498463741896 31.8656005859375 0.439216 0.423529 0.333333
v 0.060007066179366575 -33.573398426497334 29.787399291992187 0.450980 0.443137 0.360784
v 0.51514727877497535 -33.548398250267155 29.787399291992187 0.494118 0.443137 0.313726
v 0.060007066179366575 -33.573398426497334 28.748300552368164 0.431373 0.423529 0.349020
v 0.51514727877497535 -33.548398250267155 28.748300552368164 0.611765 0.560784 0.423529
v -25.712900776258607 28.566499508685752 0.36846700310707092 0.160784 0.058824 0.039216
v -33.357999067990363 19.315200237125509 43.393501281738281 0.521569 0.403922 0.243137
v 41.501399755687544 12.462100902524526 43.973499298095703 0.545098 0.462745 0.309804
v 50.715399369653937 -31.453300423211886 41.607898712158203 0.533333 0.474510 0.333333
v 50.39539915915168 -29.527299963735231 31.792699813842773 0.533333 0.486275 0.352941
v 50.39539915915168 -29.527299963735231 25.110300064086914 0.529412 0.486275 0.368627
v 49.765400649827541 -17.191400286082512 25.110300064086914 0.474510 0.411765 0.294118
v 49.765400649827541 -17.191400286082512 13.377900123596191 0.403922 0.364706 0.298039
v 50.39539915915168 -29.527299963735231 13.377900123596191 0.588235 0.572549 0.505882
v 50.39539915915168 -29.527299963735231 2.6354598999023438 0.584314 0.580392 0.529412
v 9.3652897962501243 24.235800203625814 0.36846700310707092 0.113725 0.074510 0.043137
v 43.937900461276286 13.170699321657366 0.36846700310707092 0.192157 0.141176 0.074510
v 26.765199493150931 -32.994600461513755 12.740200042724609 0.533333 0.486275 0.372549
v -32.028300824688017 0.1524130249135851 36.722599029541016 0.800000 0.764706 0.698039
v -36.895098395530113 -35.484600876737659 42.273601531982422 0.490196 0.423529 0.298039
v -27.012800456558125 -34.314600309434127 12.740200042724609 0.321569 0.254902 0.137255
v -26.501100732590885 -34.150598018453934 29.110200881958008 0.207843 0.192157 0.129412
v -32.028299849232553 -25.955199063868235 32.841598510742187 0.878431 0.874510 0.780392
v -32.028298388006533 24.358899743932852 40.921600341796875 0.505882 0.392157 0.239216
v 6.5323600318224067 21.417500083320675 3.5684700012207031 0.164706 0.090196 0.050980
v 3.4915500313781962 23.695700381399938 38.274101257324219 0.631373 0.549020 0.419608
v 47.897398979009154 16.895700325786493 12.053000450134277 0.435294 0.396078 0.313726
v 47.439299873163876 -6.1042600337752049 10.637900352478027 0.066667 0.054902 0.039216
v 49.007901177677581 24.095699641225792 8.6421298980712891 0.223529 0.172549 0.105882
v 27.894600273364745 -33.048599398896158 21.265600204467773 0.227451 0.223529 0.164706
v -1.3054098457871817 -33.648598573601603 31.8656005859375 0.443137 0.427451 0.337255
v -34.715699061457371 19.130300106608956 0.36846700310707092 0.156863 0.058824 0.039216
v -16.917300542673388 21.864301001565195 7.2485098838806152 0.247059 0.172549 0.074510
v 3.6270900773562289 13.572099912833011 7.2485098838806152 0.254902 0.176471 0.082353
v -3.2927098768701342 -11.304299572247473 7.2485098838806152 0.074510 0.023529 0.023529
v -23.397099271063865 -3.0121300514587688 7.2485098838806152 0.470588 0.419608 0.360784
v -25.479000115326016 24.136300198982553 43.393501281738281 0.533333 0.427451 0.274510
v 43.933200875713965 24.346399572620157 43.973499298095703 0.568627 0.498039 0.345098
v 50.505399162772846 -16.791699553323042 44.554798126220703 0.513726 0.439216 0.294118
v 50.342899706300955 -28.477600720668079 33.085800170898437 0.537255 0.482353 0.349020
v 50.132899262776846 -24.398999495885391 33.085800170898437 0.537255 0.478431 0.341176
v 49.922898227659687 -20.505300175793423 33.085800170898437 0.556863 0.494118 0.352941
v 49.712901810672463 -16.316700251985026 33.085800170898437 0.576471 0.509804 0.364706
v 49.922898227659687 -20.505300175793423 3.408560037612915 0.435294 0.407843 0.333333
v 50.132899262776846 -24.398999495885391 3.408560037612915 0.356863 0.317647 0.235294
v -5.3994099161877784 21.404899274449178 0.36846700310707092 0.117647 0.074510 0.047059
v 40.615898215654568 8.3723397838933806 0.36846700310707092 0.196078 0.149020 0.090196
v 32.546898664656283 -32.825000564601851 16.560300827026367 0.458824 0.392157 0.262745
v -32.012500894132529 -6.4830400843649159 43.465198516845703 0.662745 0.603922 0.498039
v -14.173299749129114 -35.314998206602297 43.897098541259766 0.533333 0.466667 0.337255
v -19.352199781023046 -34.144999740460548 16.560300827026367 0.576471 0.529412 0.431373
v -23.051300293329859 -34.04300179252607 32.930301666259766 0.384314 0.364706 0.262745
v -32.012499232573759 -29.012999656660895 43.933101654052734 0.874510 0.866667 0.756863
v -32.012499311972874 20.418999043002486 44.023200988769531 0.494118 0.368627 0.207843
v 4.833119920212539 20.419399931720704 3.5684700012207031 0.203922 0.113725 0.054902
v -5.4292301827010192 23.695699902385655 43.327301025390625 0.600000 0.513726 0.384314
v 45.373698680278039 16.895699239326177 13.485099792480469 0.450980 0.411765 0.317647
v 45.344701655082375 -6.1042602132351078 12.854900360107422 0.227451 0.192157 0.125490
v 45.151401685747487 24.095699926898533 11.463299751281738 0.266667 0.219608 0.137255
v 28.349699692871695 -33.02349953482144 22.30470085144043 0.223529 0.215686 0.160784
v -0.85027280148767659 -33.623498463741896 32.904701232910156 0.423529 0.400000 0.301961
v -34.715698527343989 28.566499266535629 0.36846700310707092 0.156863 0.058824 0.039216
v -33.358000731657285 24.136300918944471 43.393501281738281 0.525490 0.415686 0.258824
v 41.501399511155796 24.34640099006856 43.973499298095703 0.572549 0.501961 0.349020
v 50.715399369653937 -31.453300423211886 44.554798126220703 0.474510 0.403922 0.258824
v 50.39539915915168 -29.527299963735231 33.085800170898437 0.533333 0.482353 0.345098
v -5.3994099472157018 24.235800234510037 0.36846700310707092 0.117647 0.074510 0.047059
v 40.615901784446237 13.170700002264084 0.36846700310707092 0.196078 0.141176 0.082353
v 26.765199493150931 -32.994600461513755 16.560300827026367 0.509804 0.450980 0.325490
v -32.028300824688017 0.1524130249135851 43.465198516845703 0.662745 0.603922 0.498039
v -36.895098395530113 -35.484600876737659 43.897098541259766 0.533333 0.466667 0.337255
v -27.012800456558125 -34.314600309434127 16.560300827026367 0.376471 0.301961 0.184314
v -26.501100732590885 -34.150598018453934 32.930301666259766 0.321569 0.274510 0.168627
v -32.028299849232553 -25.955199063868235 43.933101654052734 0.870588 0.839216 0.686275
v -32.028298388006533 24.358899743932852 44.023200988769531 0.474510 0.356863 0.203922
v 4.8331200780415031 21.417500145024022 3.5684700012207031 0.207843 0.101961 0.054902
v 3.4915500313781962 23.695700381399938 43.327301025390625 0.627451 0.541176 0.403922
v 47.897398979009154 16.895700325786493 13.485099792480469 0.458824 0.419608 0.337255
v 47.439299873163876 -6.1042600337752049 12.854900360107422 0.141176 0.121569 0.078431
v 49.007901177677581 24.095699641225792 11.463299751281738 0.250980 0.200000 0.113725
v 27.894600273364745 -33.048599398896158 22.30470085144043 0.223529 0.215686 0.156863
v -1.3054098457871817 -33.648598573601603 32.904701232910156 0.423529 0.400000 0.305882

vt 1.454030 3.324320
vt 1.454030 3.244570
vt 1.527027 3.324320
vt 1.527027 3.244570
vt 1.600024 3.483830
vt 1.600024 3.404080
vt 1.673021 3.483830
vt 1.673021 3.404080
vt 1.121622 3.633910
vt 1.062133 3.633910
vt 1.121622 3.621620
vt 1.062133 3.621620
vt 1.240599 3.609340
vt 1.181110 3.609340
vt 1.240599 3.597050
vt 1.181110 3.597050
vt 1.960688 3.135140
vt 1.960688 3.068890
vt 1.972973 3.135140
vt 1.972973 3.068890
vt 1.985258 3.267620
vt 1.985258 3.201380
vt 1.997543 3.267620
vt 1.997543 3.201380
vt 1.891892 3.660930
vt 1.839156 3.660930
vt 1.891892 3.648650
vt 1.839156 3.648650
vt 1.997363 3.636360
vt 1.944628 3.636360
vt 1.997363 3.624080
vt 1.944628 3.624080
vt 1.714988 3.189190
vt 1.714988 3.255430
vt 1.702703 3.189190
vt 1.702703 3.255430
vt 1.690418 3.056700
vt 1.690418 3.122950
vt 1.678133 3.056700
vt 1.678133 3.122950
vt 1.405405 3.606800
vt 1.339163 3.606800
vt 1.405405 3.567570
vt 1.339163 3.567570
vt 1.537891 3.528330
vt 1.471648 3.528330
vt 1.537891 3.489100
vt 1.471648 3.489100
vt 1.905405 3.302720
vt 1.886402 3.302720
vt 1.905405 3.202700
vt 1.886402 3.202700
vt 1.943412 3.102680
vt 1.924409 3.102680
vt 1.943412 3.002670
vt 1.924409 3.002670
vt 1.836551 3.243240
vt 1.836551 3.363530
vt 1.810811 3.243240
vt 1.810811 3.363530
vt 1.785071 3.002670
vt 1.785071 3.122960
vt 1.759331 3.002670
vt 1.759331 3.122960
vt 1.257165 3.479290
vt 1.257165 3.487900
vt 1.246709 3.479290
vt 1.246709 3.487900
vt 1.236253 3.462060
vt 1.236253 3.470670
vt 1.225797 3.462060
vt 1.225797 3.470670
vt 1.257165 3.511770
vt 1.257165 3.519400
vt 1.246709 3.511770
vt 1.246709 3.519400
vt 1.236253 3.496510
vt 1.236253 3.504140
vt 1.225797 3.496510
vt 1.225797 3.504140
vt 1.203132 3.479290
vt 1.203132 3.487900
vt 1.180466 3.479290
vt 1.180466 3.487900
vt 1.157801 3.462060
vt 1.157801 3.470670
vt 1.135135 3.462060
vt 1.135135 3.470670
vt 1.257165 3.545160
vt 1.257165 3.554220
vt 1.246709 3.545160
vt 1.246709 3.554220
vt 1.236253 3.527030
vt 1.236253 3.536090
vt 1.225797 3.527030
vt 1.225797 3.536090
vt 1.257165 3.577640
vt 1.257165 3.584820
vt 1.246709 3.577640
vt 1.246709 3.584820
vt 1.236253 3.563290
vt 1.236253 3.570460
vt 1.225797 3.563290
vt 1.225797 3.570460
vt 1.203132 3.577640
vt 1.203132 3.584820
vt 1.180466 3.577640
vt 1.180466 3.584820
vt 1.157801 3.563290
vt 1.157801 3.570460
vt 1.135135 3.563290
vt 1.135135 3.570460
vt 1.108265 3.577640
vt 1.108265 3.584820
vt 1.081395 3.577640
vt 1.081395 3.584820
vt 1.054525 3.563290
vt 1.054525 3.570460
vt 1.027655 3.563290
vt 1.027655 3.570460
vt 1.021403 3.577640
vt 1.021403 3.584820
vt 1.015152 3.577640
vt 1.015152 3.584820
vt 1.008901 3.563290
vt 1.008901 3.570460
vt 1.002650 3.563290
vt 1.002650 3.570460
vt 1.021403 3.545160
vt 1.021403 3.554220
vt 1.015152 3.545160
vt 1.015152 3.554220
vt 1.008901 3.527030
vt 1.008901 3.536090
vt 1.002650 3.527030
vt 1.002650 3.536090
vt 1.108265 3.479290
vt 1.108265 3.487900
vt 1.081395 3.479290
vt 1.081395 3.487900
vt 1.054525 3.462060
vt 1.054525 3.470670
vt 1.027655 3.462060
vt 1.027655 3.470670
vt 1.021403 3.511770
vt 1.021403 3.519400
vt 1.015152 3.511770
vt 1.015152 3.519400
vt 1.008901 3.496510
vt 1.008901 3.504140
vt 1.002650 3.496510
vt 1.002650 3.504140
vt 1.021403 3.479290
vt 1.021403 3.487900
vt 1.015152 3.479290
vt 1.015152 3.487900
vt 1.008901 3.462060
vt 1.008901 3.470670
vt 1.002650 3.462060
vt 1.002650 3.470670
vt 1.122958 3.108110
vt 1.122958 3.082370
vt 1.243243 3.108110
vt 1.243243 3.082370
vt 1.363528 3.159590
vt 1.363528 3.133850
vt 1.483813 3.159590
vt 1.483813 3.133850
vt 1.028314 3.729730
vt 1.028314 3.690500
vt 1.054054 3.729730
vt 1.054054 3.690500
vt 1.079794 3.808200
vt 1.079794 3.768960
vt 1.105534 3.808200
vt 1.105534 3.768960
vt 1.905405 3.586540
vt 1.859422 3.586540
vt 1.905405 3.554050
vt 1.859422 3.554050
vt 1.997372 3.521570
vt 1.951389 3.521570
vt 1.997372 3.489090
vt 1.951389 3.489090
vt 1.602673 3.729730
vt 1.602673 3.676990
vt 1.662162 3.729730
vt 1.662162 3.676990
vt 1.721651 3.835200
vt 1.721651 3.782470
vt 1.781140 3.835200
vt 1.781140 3.782470
vt 1.378378 3.039310
vt 1.190531 3.039310
vt 1.378378 3.027030
vt 1.190531 3.027030
vt 1.754073 3.014740
vt 1.566226 3.014740
vt 1.754073 3.002460
vt 1.566226 3.002460
vt 1.675676 3.586540
vt 1.609433 3.586540
vt 1.675676 3.554050
vt 1.609433 3.554050
vt 1.808161 3.521570
vt 1.741918 3.521570
vt 1.808161 3.489090
vt 1.741918 3.489090
vt 1.283784 3.748700
vt 1.251299 3.748700
vt 1.283784 3.716220
vt 1.251299 3.716220
vt 1.348753 3.683730
vt 1.316268 3.683730
vt 1.348753 3.651250
vt 1.316268 3.651250
vt 1.095927 3.216220
vt 1.095927 3.190480
vt 1.189189 3.216220
vt 1.189189 3.190480
vt 1.282451 3.267700
vt 1.282451 3.241960
vt 1.375714 3.267700
vt 1.375714 3.241960
vt 1.136422 3.716220
vt 1.136422 3.683730
vt 1.162162 3.716220
vt 1.162162 3.683730
vt 1.187902 3.781190
vt 1.187902 3.748700
vt 1.213642 3.781190
vt 1.213642 3.748700
vt 1.697213 3.432430
vt 1.697213 3.420150
vt 1.716216 3.432430
vt 1.716216 3.420150
vt 1.735220 3.457000
vt 1.735220 3.444720
vt 1.754223 3.457000
vt 1.754223 3.444720
vt 1.148649 3.410850
vt 1.075652 3.410850
vt 1.148649 3.364860
vt 1.075652 3.364860
vt 1.294643 3.318880
vt 1.221646 3.318880
vt 1.294643 3.272900
vt 1.221646 3.272900
vt 1.918919 3.444720
vt 1.893179 3.444720
vt 1.918919 3.432430
vt 1.893179 3.432430
vt 1.970399 3.420150
vt 1.944659 3.420150
vt 1.970399 3.407860
vt 1.944659 3.407860
vt 1.337838 3.329810
vt 1.318834 3.329810
vt 1.337838 3.310810
vt 1.318834 3.310810
vt 1.375845 3.291810
vt 1.356841 3.291810
vt 1.375845 3.272800
vt 1.356841 3.272800
vt 1.554054 3.133850
vt 1.521570 3.133850
vt 1.554054 3.108110
vt 1.521570 3.108110
vt 1.619023 3.082370
vt 1.586538 3.082370
vt 1.619023 3.056630
vt 1.586538 3.056630
vt 1.743243 3.093370
vt 1.737613 3.093370
vt 1.743243 3.081080
vt 1.737613 3.081080
vt 1.754505 3.068800
vt 1.748874 3.068800
vt 1.754505 3.056510
vt 1.748874 3.056510
vt 1.743243 3.147420
vt 1.737613 3.147420
vt 1.743243 3.135140
vt 1.737613 3.135140
vt 1.754505 3.122850
vt 1.748874 3.122850
vt 1.754505 3.110570
vt 1.748874 3.110570
vt 1.454030 3.164820
vt 1.527027 3.164820
vt 1.600024 3.324320
vt 1.673021 3.324320
vt 1.002644 3.633910
vt 1.002644 3.621620
vt 1.121622 3.609340
vt 1.121622 3.597050
vt 1.960688 3.002650
vt 1.972973 3.002650
vt 1.985258 3.135140
vt 1.997543 3.135140
vt 1.786421 3.660930
vt 1.786421 3.648650
vt 1.891892 3.636360
vt 1.891892 3.624080
vt 1.714988 3.321670
vt 1.702703 3.321670
vt 1.690418 3.189190
vt 1.678133 3.189190
vt 1.272920 3.606800
vt 1.272920 3.567570
vt 1.405405 3.528330
vt 1.405405 3.489100
vt 1.867399 3.302720
vt 1.867399 3.202700
vt 1.905405 3.102680
vt 1.905405 3.002670
vt 1.836551 3.483810
vt 1.810811 3.483810
vt 1.785071 3.243240
vt 1.759331 3.243240
vt 1.257165 3.496510
vt 1.246709 3.496510
vt 1.236253 3.479290
vt 1.225797 3.479290
vt 1.257165 3.527030
vt 1.246709 3.527030
vt 1.236253 3.511770
vt 1.225797 3.511770
vt 1.203132 3.496510
vt 1.180466 3.496510
vt 1.157801 3.479290
vt 1.135135 3.479290
vt 1.257165 3.563290
vt 1.246709 3.563290
vt 1.236253 3.545160
vt 1.225797 3.545160
vt 1.257165 3.592000
vt 1.246709 3.592000
vt 1.236253 3.577640
vt 1.225797 3.577640
vt 1.203132 3.592000
vt 1.180466 3.592000
vt 1.157801 3.577640
vt 1.135135 3.577640
vt 1.108265 3.592000
vt 1.081395 3.592000
vt 1.054525 3.577640
vt 1.027655 3.577640
vt 1.021403 3.592000
vt 1.015152 3.592000
vt 1.008901 3.577640
vt 1.002650 3.577640
vt 1.021403 3.563290
vt 1.015152 3.563290
vt 1.008901 3.545160
vt 1.002650 3.545160
vt 1.108265 3.496510
vt 1.081395 3.496510
vt 1.054525 3.479290
vt 1.027655 3.479290
vt 1.021403 3.527030
vt 1.015152 3.527030
vt 1.008901 3.511770
vt 1.002650 3.511770
vt 1.021403 3.496510
vt 1.015152 3.496510
vt 1.008901 3.479290
vt 1.002650 3.479290
vt 1.122958 3.056630
vt 1.243243 3.056630
vt 1.363528 3.108110
vt 1.483813 3.108110
vt 1.028314 3.651260
vt 1.054054 3.651260
vt 1.079794 3.729730
vt 1.105534 3.729730
vt 1.813438 3.586540
vt 1.813438 3.554050
vt 1.905405 3.521570
vt 1.905405 3.489090
vt 1.602673 3.624260
vt 1.662162 3.624260
vt 1.721651 3.729730
vt 1.781140 3.729730
vt 1.002684 3.039310
vt 1.002684 3.027030
vt 1.378378 3.014740
vt 1.378378 3.002460
vt 1.543190 3.586540
vt 1.543190 3.554050
vt 1.675676 3.521570
vt 1.675676 3.489090
vt 1.218815 3.748700
vt 1.218815 3.716220
vt 1.283784 3.683730
vt 1.283784 3.651250
vt 1.095927 3.164740
vt 1.189189 3.164740
vt 1.282451 3.216220
vt 1.375714 3.216220
vt 1.136422 3.651250
vt 1.162162 3.651250
vt 1.187902 3.716220
vt 1.213642 3.716220
vt 1.697213 3.407860
vt 1.716216 3.407860
vt 1.735220 3.432430
vt 1.754223 3.432430
vt 1.002654 3.410850
vt 1.002654 3.364860
vt 1.148649 3.318880
vt 1.148649 3.272900
vt 1.867439 3.444720
vt 1.867439 3.432430
vt 1.918919 3.420150
vt 1.918919 3.407860
vt 1.299831 3.329810
vt 1.299831 3.310810
vt 1.337838 3.291810
vt 1.337838 3.272800
vt 1.489085 3.133850
vt 1.489085 3.108110
vt 1.554054 3.082370
vt 1.554054 3.056630
vt 1.731982 3.093370
vt 1.731982 3.081080
vt 1.743243 3.068800
vt 1.743243 3.056510
vt 1.731982 3.147420
vt 1.731982 3.135140
vt 1.743243 3.122850
vt 1.743243 3.110570
vt 1.381033 3.244570
vt 1.381033 3.164820
vt 1.527027 3.404080
vt 1.062133 3.646190
vt 1.002644 3.646190
vt 1.181110 3.621620
vt 1.948403 3.068890
vt 1.948403 3.002650
vt 1.972973 3.201380
vt 1.839156 3.673220
vt 1.786421 3.673220
vt 1.944628 3.648650
vt 1.727273 3.255430
vt 1.727273 3.321670
vt 1.702703 3.122950
vt 1.339163 3.646030
vt 1.272920 3.646030
vt 1.471648 3.567570
vt 1.886402 3.402740
vt 1.867399 3.402740
vt 1.924409 3.202700
vt 1.862291 3.363530
vt 1.862291 3.483810
vt 1.810811 3.122960
vt 1.267621 3.487900
vt 1.267621 3.496510
vt 1.246709 3.470670
vt 1.267621 3.519400
vt 1.267621 3.527030
vt 1.246709 3.504140
vt 1.225797 3.487900
vt 1.180466 3.470670
vt 1.267621 3.554220
vt 1.267621 3.563290
vt 1.246709 3.536090
vt 1.267621 3.584820
vt 1.267621 3.592000
vt 1.246709 3.570460
vt 1.225797 3.584820
vt 1.225797 3.592000
vt 1.180466 3.570460
vt 1.135135 3.584820
vt 1.135135 3.592000
vt 1.081395 3.570460
vt 1.027655 3.584820
vt 1.027655 3.592000
vt 1.015152 3.570460
vt 1.027655 3.554220
vt 1.015152 3.536090
vt 1.135135 3.487900
vt 1.135135 3.496510
vt 1.081395 3.470670
vt 1.027655 3.519400
vt 1.027655 3.527030
vt 1.015152 3.504140
vt 1.027655 3.487900
vt 1.027655 3.496510
vt 1.015152 3.470670
vt 1.002673 3.082370
vt 1.002673 3.056630
vt 1.243243 3.133850
vt 1.002574 3.690500
vt 1.002574 3.651260
vt 1.054054 3.768960
vt 1.859422 3.619020
vt 1.813438 3.619020
vt 1.951389 3.554050
vt 1.543184 3.676990
vt 1.543184 3.624260
vt 1.662162 3.782470
vt 1.190531 3.051600
vt 1.002684 3.051600
vt 1.566226 3.027030
vt 1.609433 3.619020
vt 1.543190 3.619020
vt 1.741918 3.554050
vt 1.251299 3.781190
vt 1.218815 3.781190
vt 1.316268 3.716220
vt 1.002665 3.190480
vt 1.002665 3.164740
vt 1.189189 3.241960
vt 1.110682 3.683730
vt 1.110682 3.651250
vt 1.162162 3.748700
vt 1.678209 3.420150
vt 1.678209 3.407860
vt 1.716216 3.444720
vt 1.075652 3.456830
vt 1.002654 3.456830
vt 1.221646 3.364860
vt 1.893179 3.457000
vt 1.867439 3.457000
vt 1.944659 3.432430
vt 1.318834 3.348820
vt 1.299831 3.348820
vt 1.356841 3.310810
vt 1.521570 3.159590
vt 1.489085 3.159590
vt 1.586538 3.108110
vt 1.737613 3.105650
vt 1.731982 3.105650
vt 1.748874 3.081080
vt 1.737613 3.159710
vt 1.731982 3.159710
vt 1.748874 3.135140
vt 1.381033 3.324320
vt 1.527027 3.483830
vt 1.121622 3.646190
vt 1.240599 3.621620
vt 1.948403 3.135140
vt 1.972973 3.267620
vt 1.891892 3.673220
vt 1.997363 3.648650
vt 1.727273 3.189190
vt 1.702703 3.056700
vt 1.405405 3.646030
vt 1.537891 3.567570
vt 1.905405 3.402740
vt 1.943412 3.202700
vt 1.862291 3.243240
vt 1.810811 3.002670
vt 1.267621 3.479290
vt 1.246709 3.462060
vt 1.267621 3.511770
vt 1.180466 3.462060
vt 1.267621 3.545160
vt 1.267621 3.577640
vt 1.180466 3.563290
vt 1.081395 3.563290
vt 1.027655 3.545160
vt 1.081395 3.462060
vt 1.027655 3.511770
vt 1.015152 3.462060
vt 1.002673 3.108110
vt 1.243243 3.159590
vt 1.002574 3.729730
vt 1.054054 3.808200
vt 1.905405 3.619020
vt 1.997372 3.554050
vt 1.543184 3.729730
vt 1.662162 3.835200
vt 1.378378 3.051600
vt 1.754073 3.027030
vt 1.675676 3.619020
vt 1.808161 3.554050
vt 1.283784 3.781190
vt 1.348753 3.716220
vt 1.002665 3.216220
vt 1.189189 3.267700
vt 1.110682 3.716220
vt 1.162162 3.781190
vt 1.678209 3.432430
vt 1.716216 3.457000
vt 1.148649 3.456830
vt 1.294643 3.364860
vt 1.918919 3.457000
vt 1.970399 3.432430
vt 1.337838 3.348820
vt 1.375845 3.310810
vt 1.554054 3.159590
vt 1.619023 3.108110
vt 1.743243 3.105650
vt 1.754505 3.081080
vt 1.743243 3.159710
vt 1.754505 3.135140
vt 1.454030 3.404080
vt 1.600024 3.244570
vt 1.600024 3.164820
vt 1.673021 3.244570
vt 1.673021 3.164820
vt 1.181110 3.633910
vt 1.062133 3.609340
vt 1.002644 3.609340
vt 1.062133 3.597050
vt 1.002644 3.597050
vt 1.960688 3.201380
vt 1.985258 3.068890
vt 1.985258 3.002650
vt 1.997543 3.068890
vt 1.997543 3.002650
vt 1.944628 3.660930
vt 1.839156 3.636360
vt 1.786421 3.636360
vt 1.839156 3.624080
vt 1.786421 3.624080
vt 1.714988 3.122950
vt 1.690418 3.255430
vt 1.690418 3.321670
vt 1.678133 3.255430
vt 1.678133 3.321670
vt 1.471648 3.606800
vt 1.339163 3.528330
vt 1.272920 3.528330
vt 1.339163 3.489100
vt 1.272920 3.489100
vt 1.924409 3.302720
vt 1.886402 3.102680
vt 1.867399 3.102680
vt 1.886402 3.002670
vt 1.867399 3.002670
vt 1.836551 3.122960
vt 1.785071 3.363530
vt 1.785071 3.483810
vt 1.759331 3.363530
vt 1.759331 3.483810
vt 1.257165 3.470670
vt 1.236253 3.487900
vt 1.257165 3.504140
vt 1.236253 3.519400
vt 1.225797 3.519400
vt 1.203132 3.470670
vt 1.157801 3.487900
vt 1.157801 3.496510
vt 1.257165 3.536090
vt 1.236253 3.554220
vt 1.225797 3.554220
vt 1.257165 3.570460
vt 1.236253 3.584820
vt 1.236253 3.592000
vt 1.203132 3.570460
vt 1.157801 3.584820
vt 1.157801 3.592000
vt 1.108265 3.570460
vt 1.054525 3.584820
vt 1.054525 3.592000
vt 1.021403 3.570460
vt 1.008901 3.584820
vt 1.008901 3.592000
vt 1.002650 3.584820
vt 1.002650 3.592000
vt 1.021403 3.536090
vt 1.008901 3.554220
vt 1.002650 3.554220
vt 1.108265 3.470670
vt 1.054525 3.487900
vt 1.054525 3.496510
vt 1.021403 3.504140
vt 1.008901 3.519400
vt 1.002650 3.519400
vt 1.021403 3.470670
vt 1.008901 3.487900
vt 1.002650 3.487900
vt 1.122958 3.133850
vt 1.363528 3.082370
vt 1.363528 3.056630
vt 1.483813 3.082370
vt 1.483813 3.056630
vt 1.028314 3.768960
vt 1.079794 3.690500
vt 1.079794 3.651260
vt 1.105534 3.690500
vt 1.105534 3.651260
vt 1.951389 3.586540
vt 1.859422 3.521570
vt 1.813438 3.521570
vt 1.859422 3.489090
vt 1.813438 3.489090
vt 1.602673 3.782470
vt 1.721651 3.676990
vt 1.721651 3.624260
vt 1.781140 3.676990
vt 1.781140 3.624260
vt 1.566226 3.039310
vt 1.190531 3.014740
vt 1.002684 3.014740
vt 1.190531 3.002460
vt 1.002684 3.002460
vt 1.741918 3.586540
vt 1.609433 3.521570
vt 1.543190 3.521570
vt 1.609433 3.489090
vt 1.543190 3.489090
vt 1.316268 3.748700
vt 1.251299 3.683730
vt 1.218815 3.683730
vt 1.251299 3.651250
vt 1.218815 3.651250
vt 1.095927 3.241960
vt 1.282451 3.190480
vt 1.282451 3.164740
vt 1.375714 3.190480
vt 1.375714 3.164740
vt 1.136422 3.748700
vt 1.187902 3.683730
vt 1.187902 3.651250
vt 1.213642 3.683730
vt 1.213642 3.651250
vt 1.697213 3.444720
vt 1.735220 3.420150
vt 1.735220 3.407860
vt 1.754223 3.420150
vt 1.754223 3.407860
vt 1.221646 3.410850
vt 1.075652 3.318880
vt 1.002654 3.318880
vt 1.075652 3.272900
vt 1.002654 3.272900
vt 1.944659 3.444720
vt 1.893179 3.420150
vt 1.867439 3.420150
vt 1.893179 3.407860
vt 1.867439 3.407860
vt 1.356841 3.329810
vt 1.318834 3.291810
vt 1.299831 3.291810
vt 1.318834 3.272800
vt 1.299831 3.272800
vt 1.586538 3.133850
vt 1.521570 3.082370
vt 1.489085 3.082370
vt 1.521570 3.056630
vt 1.489085 3.056630
vt 1.748874 3.093370
vt 1.737613 3.068800
vt 1.731982 3.068800
vt 1.737613 3.056510
vt 1.731982 3.056510
vt 1.748874 3.147420
vt 1.737613 3.122850
vt 1.731982 3.122850
vt 1.737613 3.110570
vt 1.731982 3.110570
vt 1.454030 3.483830
vt 1.240599 3.633910
vt 1.960688 3.267620
vt 1.997363 3.660930
vt 1.714988 3.056700
vt 1.537891 3.606800
vt 1.943412 3.302720
vt 1.836551 3.002670
vt 1.257165 3.462060
vt 1.203132 3.462060
vt 1.203132 3.563290
vt 1.108265 3.563290
vt 1.108265 3.462060
vt 1.021403 3.462060
vt 1.122958 3.159590
vt 1.028314 3.808200
vt 1.997372 3.586540
vt 1.602673 3.835200
vt 1.754073 3.039310
vt 1.808161 3.586540
vt 1.348753 3.748700
vt 1.095927 3.267700
vt 1.136422 3.781190
vt 1.697213 3.457000
vt 1.294643 3.410850
vt 1.970399 3.444720
vt 1.375845 3.329810
vt 1.619023 3.133850
vt 1.754505 3.093370
vt 1.754505 3.147420
vt 1.381033 3.404080
vt 1.181110 3.646190
vt 1.948403 3.201380
vt 1.944628 3.673220
vt 1.727273 3.122950
vt 1.471648 3.646030
vt 1.924409 3.402740
vt 1.862291 3.122960
vt 1.267621 3.470670
vt 1.267621 3.504140
vt 1.267621 3.536090
vt 1.267621 3.570460
vt 1.027655 3.536090
vt 1.027655 3.504140
vt 1.002673 3.133850
vt 1.002574 3.768960
vt 1.951389 3.619020
vt 1.543184 3.782470
vt 1.566226 3.051600
vt 1.741918 3.619020
vt 1.316268 3.781190
vt 1.002665 3.241960
vt 1.110682 3.748700
vt 1.678209 3.444720
vt 1.221646 3.456830
vt 1.944659 3.457000
vt 1.356841 3.348820
vt 1.586538 3.159590
vt 1.748874 3.105650
vt 1.748874 3.159710
vt 1.381033 3.483830
vt 1.240599 3.646190
vt 1.948403 3.267620
vt 1.997363 3.673220
vt 1.727273 3.056700
vt 1.537891 3.646030
vt 1.943412 3.402740
vt 1.862291 3.002670
vt 1.267621 3.462060
vt 1.002673 3.159590
vt 1.002574 3.808200
vt 1.997372 3.619020
vt 1.543184 3.835200
vt 1.754073 3.051600
vt 1.808161 3.619020
vt 1.348753 3.781190
vt 1.002665 3.267700
vt 1.110682 3.781190
vt 1.678209 3.457000
vt 1.294643 3.456830
vt 1.970399 3.457000
vt 1.375845 3.348820
vt 1.619023 3.159590
vt 1.754505 3.105650
vt 1.754505 3.159710

f 1/1 2/2 3/3
f 4/4 3/3 2/2
f 5/5 6/6 7/7
f 8/8 7/7 6/6
f 9/9 10/10 11/11
f 12/12 11/11 10/10
f 13/13 14/14 15/15
f 16/16 15/15 14/14
f 17/17 18/18 19/19
f 20/20 19/19 18/18
f 21/21 22/22 23/23
f 24/24 23/23 22/22
f 25/25 26/26 27/27
f 28/28 27/27 26/26
f 29/29 30/30 31/31
f 32/32 31/31 30/30
f 33/33 34/34 35/35
f 36/36 35/35 34/34
f 37/37 38/38 39/39
f 40/40 39/39 38/38
f 41/41 42/42 43/43
f 44/44 43/43 42/42
f 45/45 46/46 47/47
f 48/48 47/47 46/46
f 49/49 50/50 51/51
f 52/52 51/51 50/50
f 53/53 54/54 55/55
f 56/56 55/55 54/54
f 57/57 58/58 59/59
f 60/60 59/59 58/58
f 61/61 62/62 63/63
f 64/64 63/63 62/62
f 65/65 66/66 67/67
f 68/68 67/67 66/66
f 69/69 70/70 71/71
f 72/72 71/71 70/70
f 73/73 74/74 75/75
f 76/76 75/75 74/74
f 77/77 78/78 79/79
f 80/80 79/79 78/78
f 81/81 82/82 83/83
f 84/84 83/83 82/82
f 85/85 86/86 87/87
f 88/88 87/87 86/86
f 89/89 90/90 91/91
f 92/92 91/91 90/90
f 93/93 94/94 95/95
f 96/96 95/95 94/94
f 97/97 98/98 99/99
f 100/100 99/99 98/98
f 101/101 102/102 103/103
f 104/104 103/103 102/102
f 105/105 106/106 107/107
f 108/108 107/107 106/106
f 109/109 110/110 111/111
f 112/112 111/111 110/110
f 113/113 114/114 115/115
f 116/116 115/115 114/114
f 117/117 118/118 119/119
f 120/120 119/119 118/118
f 121/121 122/122 123/123
f 124/124 123/123 122/122
f 125/125 126/126 127/127
f 128/128 127/127 126/126
f 129/129 130/130 131/131
f 132/132 131/131 130/130
f 133/133 134/134 135/135
f 136/136 135/135 134/134
f 137/137 138/138 139/139
f 140/140 139/139 138/138
f 141/141 142/142 143/143
f 144/144 143/143 142/142
f 145/145 146/146 147/147
f 148/148 147/147 146/146
f 149/149 150/150 151/151
f 152/152 151/151 150/150
f 153/153 154/154 155/155
f 156/156 155/155 154/154
f 157/157 158/158 159/159
f 160/160 159/159 158/158
f 161/161 162/162 163/163
f 164/164 163/163 162/162
f 165/165 166/166 167/167
f 168/168 167/167 166/166
f 169/169 170/170 171/171
f 172/172 171/171 170/170
f 173/173 174/174 175/175
f 176/176 175/175 174/174
f 177/177 178/178 179/179
f 180/180 179/179 178/178
f 181/181 182/182 183/183
f 184/184 183/183 182/182
f 185/185 186/186 187/187
f 188/188 187/187 186/186
f 189/189 190/190 191/191
f 192/192 191/191 190/190
f 193/193 194/194 195/195
f 196/196 195/195 194/194
f 197/197 198/198 199/199
f 200/200 199/199 198/198
f 201/201 202/202 203/203
f 204/204 203/203 202/202
f 205/205 206/206 207/207
f 208/208 207/207 206/206
f 209/209 210/210 211/211
f 212/212 211/211 210/210
f 213/213 214/214 215/215
f 216/216 215/215 214/214
f 217/217 218/218 219/219
f 220/220 219/219 218/218
f 221/221 222/222 223/223
f 224/224 223/223 222/222
f 225/225 226/226 227/227
f 228/228 227/227 226/226
f 229/229 230/230 231/231
f 232/232 231/231 230/230
f 233/233 234/234 235/235
f 236/236 235/235 234/234
f 237/237 238/238 239/239
f 240/240 239/239 238/238
f 241/241 242/242 243/243
f 244/244 243/243 242/242
f 245/245 246/246 247/247
f 248/248 247/247 246/246
f 249/249 250/250 251/251
f 252/252 251/251 250/250
f 253/253 254/254 255/255
f 256/256 255/255 254/254
f 257/257 258/258 259/259
f 260/260 259/259 258/258
f 261/261 262/262 263/263
f 264/264 263/263 262/262
f 265/265 266/266 267/267
f 268/268 267/267 266/266
f 269/269 270/270 271/271
f 272/272 271/271 270/270
f 273/273 274/274 275/275
f 276/276 275/275 274/274
f 277/277 278/278 279/279
f 280/280 279/279 278/278
f 281/281 282/282 283/283
f 284/284 283/283 282/282
f 285/285 286/286 287/287
f 288/288 287/287 286/286
f 2/2 289/289 4/4
f 290/290 4/4 289/289
f 6/6 291/291 8/8
f 292/292 8/8 291/291
f 10/10 293/293 12/12
f 294/294 12/12 293/293
f 14/14 295/295 16/16
f 296/296 16/16 295/295
f 18/18 297/297 20/20
f 298/298 20/20 297/297
f 22/22 299/299 24/24
f 300/300 24/24 299/299
f 26/26 301/301 28/28
f 302/302 28/28 301/301
f 30/30 303/303 32/32
f 304/304 32/32 303/303
f 34/34 305/305 36/36
f 306/306 36/36 305/305
f 38/38 307/307 40/40
f 308/308 40/40 307/307
f 42/42 309/309 44/44
f 310/310 44/44 309/309
f 46/46 311/311 48/48
f 312/312 48/48 311/311
f 50/50 313/313 52/52
f 314/314 52/52 313/313
f 54/54 315/315 56/56
f 316/316 56/56 315/315
f 58/58 317/317 60/60
f 318/318 60/60 317/317
f 62/62 319/319 64/64
f 320/320 64/64 319/319
f 66/66 321/321 68/68
f 322/322 68/68 321/321
f 70/70 323/323 72/72
f 324/324 72/72 323/323
f 74/74 325/325 76/76
f 326/326 76/76 325/325
f 78/78 327/327 80/80
f 328/328 80/80 327/327
f 82/82 329/329 84/84
f 330/330 84/84 329/329
f 86/86 331/331 88/88
f 332/332 88/88 331/331
f 90/90 333/333 92/92
f 334/334 92/92 333/333
f 94/94 335/335 96/96
f 336/336 96/96 335/335
f 98/98 337/337 100/100
f 338/338 100/100 337/337
f 102/102 339/339 104/104
f 340/340 104/104 339/339
f 106/106 341/341 108/108
f 342/342 108/108 341/341
f 110/110 343/343 112/112
f 344/344 112/112 343/343
f 114/114 345/345 116/116
f 346/346 116/116 345/345
f 118/118 347/347 120/120
f 348/348 120/120 347/347
f 122/122 349/349 124/124
f 350/350 124/124 349/349
f 126/126 351/351 128/128
f 352/352 128/128 351/351
f 130/130 353/353 132/132
f 354/354 132/132 353/353
f 134/134 355/355 136/136
f 356/356 136/136 355/355
f 138/138 357/357 140/140
f 358/358 140/140 357/357
f 142/142 359/359 144/144
f 360/360 144/144 359/359
f 146/146 361/361 148/148
f 362/362 148/148 361/361
f 150/150 363/363 152/152
f 364/364 152/152 363/363
f 154/154 365/365 156/156
f 366/366 156/156 365/365
f 158/158 367/367 160/160
f 368/368 160/160 367/367
f 162/162 369/369 164/164
f 370/370 164/164 369/369
f 166/166 371/371 168/168
f 372/372 168/168 371/371
f 170/170 373/373 172/172
f 374/374 172/172 373/373
f 174/174 375/375 176/176
f 376/376 176/176 375/375
f 178/178 377/377 180/180
f 378/378 180/180 377/377
f 182/182 379/379 184/184
f 380/380 184/184 379/379
f 186/186 381/381 188/188
f 382/382 188/188 381/381
f 190/190 383/383 192/192
f 384/384 192/192 383/383
f 194/194 385/385 196/196
f 386/386 196/196 385/385
f 198/198 387/387 200/200
f 388/388 200/200 387/387
f 202/202 389/389 204/204
f 390/390 204/204 389/389
f 206/206 391/391 208/208
f 392/392 208/208 391/391
f 210/210 393/393 212/212
f 394/394 212/212 393/393
f 214/214 395/395 216/216
f 396/396 216/216 395/395
f 218/218 397/397 220/220
f 398/398 220/220 397/397
f 222/222 399/399 224/224
f 400/400 224/224 399/399
f 226/226 401/401 228/228
f 402/402 228/228 401/401
f 230/230 403/403 232/232
f 404/404 232/232 403/403
f 234/234 405/405 236/236
f 406/406 236/236 405/405
f 238/238 407/407 240/240
f 408/408 240/240 407/407
f 242/242 409/409 244/244
f 410/410 244/244 409/409
f 246/246 411/411 248/248
f 412/412 248/248 411/411
f 250/250 413/413 252/252
f 414/414 252/252 413/413
f 254/254 415/415 256/256
f 416/416 256/256 415/415
f 258/258 417/417 260/260
f 418/418 260/260 417/417
f 262/262 419/419 264/264
f 420/420 264/264 419/419
f 266/266 421/421 268/268
f 422/422 268/268 421/421
f 270/270 423/423 272/272
f 424/424 272/272 423/423
f 274/274 425/425 276/276
f 426/426 276/276 425/425
f 278/278 427/427 280/280
f 428/428 280/280 427/427
f 282/282 429/429 284/284
f 430/430 284/284 429/429
f 286/286 431/431 288/288
f 432/432 288/288 431/431
f 433/433 434/434 2/2
f 289/289 2/2 434/434
f 435/435 3/3 6/6
f 291/291 6/6 3/3
f 436/436 437/437 10/10
f 293/293 10/10 437/437
f 438/438 11/11 14/14
f 295/295 14/14 11/11
f 439/439 440/440 18/18
f 297/297 18/18 440/440
f 441/441 19/19 22/22
f 299/299 22/22 19/19
f 442/442 443/443 26/26
f 301/301 26/26 443/443
f 444/444 27/27 30/30
f 303/303 30/30 27/27
f 445/445 446/446 34/34
f 305/305 34/34 446/446
f 447/447 35/35 38/38
f 307/307 38/38 35/35
f 448/448 449/449 42/42
f 309/309 42/42 449/449
f 450/450 43/43 46/46
f 311/311 46/46 43/43
f 451/451 452/452 50/50
f 313/313 50/50 452/452
f 453/453 51/51 54/54
f 315/315 54/54 51/51
f 454/454 455/455 58/58
f 317/317 58/58 455/455
f 456/456 59/59 62/62
f 319/319 62/62 59/59
f 457/457 458/458 66/66
f 321/321 66/66 458/458
f 459/459 67/67 70/70
f 323/323 70/70 67/67
f 460/460 461/461 74/74
f 325/325 74/74 461/461
f 462/462 75/75 78/78
f 327/327 78/78 75/75
f 463/463 79/79 82/82
f 329/329 82/82 79/79
f 464/464 83/83 86/86
f 331/331 86/86 83/83
f 465/465 466/466 90/90
f 333/333 90/90 466/466
f 467/467 91/91 94/94
f 335/335 94/94 91/91
f 468/468 469/469 98/98
f 337/337 98/98 469/469
f 470/470 99/99 102/102
f 339/339 102/102 99/99
f 471/471 472/472 106/106
f 341/341 106/106 472/472
f 473/473 107/107 110/110
f 343/343 110/110 107/107
f 474/474 475/475 114/114
f 345/345 114/114 475/475
f 476/476 115/115 118/118
f 347/347 118/118 115/115
f 477/477 478/478 122/122
f 349/349 122/122 478/478
f 479/479 123/123 126/126
f 351/351 126/126 123/123
f 480/480 119/119 130/130
f 353/353 130/130 119/119
f 481/481 131/131 134/134
f 355/355 134/134 131/131
f 482/482 483/483 138/138
f 357/357 138/138 483/483
f 484/484 139/139 142/142
f 359/359 142/142 139/139
f 485/485 486/486 146/146
f 361/361 146/146 486/486
f 487/487 147/147 150/150
f 363/363 150/150 147/147
f 488/488 489/489 154/154
f 365/365 154/154 489/489
f 490/490 155/155 158/158
f 367/367 158/158 155/155
f 491/491 492/492 162/162
f 369/369 162/162 492/492
f 493/493 163/163 166/166
f 371/371 166/166 163/163
f 494/494 495/495 170/170
f 373/373 170/170 495/495
f 496/496 171/171 174/174
f 375/375 174/174 171/171
f 497/497 498/498 178/178
f 377/377 178/178 498/498
f 499/499 179/179 182/182
f 379/379 182/182 179/179
f 500/500 501/501 186/186
f 381/381 186/186 501/501
f 502/502 187/187 190/190
f 383/383 190/190 187/187
f 503/503 504/504 194/194
f 385/385 194/194 504/504
f 505/505 195/195 198/198
f 387/387 198/198 195/195
f 506/506 507/507 202/202
f 389/389 202/202 507/507
f 508/508 203/203 206/206
f 391/391 206/206 203/203
f 509/509 510/510 210/210
f 393/393 210/210 510/510
f 511/511 211/211 214/214
f 395/395 214/214 211/211
f 512/512 513/513 218/218
f 397/397 218/218 513/513
f 514/514 219/219 222/222
f 399/399 222/222 219/219
f 515/515 516/516 226/226
f 401/401 226/226 516/516
f 517/517 227/227 230/230
f 403/403 230/230 227/227
f 518/518 519/519 234/234
f 405/405 234/234 519/519
f 520/520 235/235 238/238
f 407/407 238/238 235/235
f 521/521 522/522 242/242
f 409/409 242/242 522/522
f 523/523 243/243 246/246
f 411/411 246/246 243/243
f 524/524 525/525 250/250
f 413/413 250/250 525/525
f 526/526 251/251 254/254
f 415/415 254/254 251/251
f 527/527 528/528 258/258
f 417/417 258/258 528/528
f 529/529 259/259 262/262
f 419/419 262/262 259/259
f 530/530 531/531 266/266
f 421/421 266/266 531/531
f 532/532 267/267 270/270
f 423/423 270/270 267/267
f 533/533 534/534 274/274
f 425/425 274/274 534/534
f 535/535 275/275 278/278
f 427/427 278/278 275/275
f 536/536 537/537 282/282
f 429/429 282/282 537/537
f 538/538 283/283 286/286
f 431/431 286/286 283/283
f 539/539 433/433 1/1
f 2/2 1/1 433/433
f 540/540 435/435 5/5
f 6/6 5/5 435/435
f 541/541 436/436 9/9
f 10/10 9/9 436/436
f 306/542 438/438 13/13
f 14/14 13/13 438/438
f 542/543 439/439 17/17
f 18/18 17/17 439/439
f 294/544 441/441 21/21
f 22/22 21/21 441/441
f 543/545 442/442 25/25
f 26/26 25/25 442/442
f 298/546 444/444 29/29
f 30/30 29/29 444/444
f 544/547 445/445 33/33
f 34/34 33/33 445/445
f 302/548 447/447 37/37
f 38/38 37/37 447/447
f 545/549 448/448 41/41
f 42/42 41/41 448/448
f 546/550 450/450 45/45
f 46/46 45/45 450/450
f 547/551 451/451 49/49
f 50/50 49/49 451/451
f 548/552 453/453 53/53
f 54/54 53/53 453/453
f 549/553 454/454 57/57
f 58/58 57/57 454/454
f 550/554 456/456 61/61
f 62/62 61/61 456/456
f 551/555 457/457 65/65
f 66/66 65/65 457/457
f 552/556 459/459 69/69
f 70/70 69/69 459/459
f 553/557 460/460 73/73
f 74/74 73/73 460/460
f 322/322 462/462 77/77
f 78/78 77/77 462/462
f 324/324 463/463 81/81
f 82/82 81/81 463/463
f 554/558 464/464 85/85
f 86/86 85/85 464/464
f 555/559 465/465 89/89
f 90/90 89/89 465/465
f 326/326 467/467 93/93
f 94/94 93/93 467/467
f 556/560 468/468 97/97
f 98/98 97/97 468/468
f 334/334 470/470 101/101
f 102/102 101/101 470/470
f 340/340 471/471 105/105
f 106/106 105/105 471/471
f 557/561 473/473 109/109
f 110/110 109/109 473/473
f 344/344 474/474 113/113
f 114/114 113/113 474/474
f 558/562 476/476 117/117
f 118/118 117/117 476/476
f 348/348 477/477 121/121
f 122/122 121/121 477/477
f 354/354 479/479 125/125
f 126/126 125/125 479/479
f 559/563 480/480 129/129
f 130/130 129/129 480/480
f 362/362 481/481 133/133
f 134/134 133/133 481/481
f 332/332 482/482 137/137
f 138/138 137/137 482/482
f 560/564 484/484 141/141
f 142/142 141/141 484/484
f 561/565 485/485 145/145
f 146/146 145/145 485/485
f 366/366 487/487 149/149
f 150/150 149/149 487/487
f 360/360 488/488 153/153
f 154/154 153/153 488/488
f 562/566 490/490 157/157
f 158/158 157/157 490/490
f 563/567 491/491 161/161
f 162/162 161/161 491/491
f 564/568 493/493 165/165
f 166/166 165/165 493/493
f 565/569 494/494 169/169
f 170/170 169/169 494/494
f 566/570 496/496 173/173
f 174/174 173/173 496/496
f 567/571 497/497 177/177
f 178/178 177/177 497/497
f 568/572 499/499 181/181
f 182/182 181/181 499/499
f 569/573 500/500 185/185
f 186/186 185/185 500/500
f 570/574 502/502 189/189
f 190/190 189/189 502/502
f 571/575 503/503 193/193
f 194/194 193/193 503/503
f 572/576 505/505 197/197
f 198/198 197/197 505/505
f 573/577 506/506 201/201
f 202/202 201/201 506/506
f 574/578 508/508 205/205
f 206/206 205/205 508/508
f 575/579 509/509 209/209
f 210/210 209/209 509/509
f 576/580 511/511 213/213
f 214/214 213/213 511/511
f 577/581 512/512 217/217
f 218/218 217/217 512/512
f 578/582 514/514 221/221
f 222/222 221/221 514/514
f 579/583 515/515 225/225
f 226/226 225/225 515/515
f 580/584 517/517 229/229
f 230/230 229/229 517/517
f 581/585 518/518 233/233
f 234/234 233/233 518/518
f 582/586 520/520 237/237
f 238/238 237/237 520/520
f 583/587 521/521 241/241
f 242/242 241/241 521/521
f 584/588 523/523 245/245
f 246/246 245/245 523/523
f 585/589 524/524 249/249
f 250/250 249/249 524/524
f 586/590 526/526 253/253
f 254/254 253/253 526/526
f 587/591 527/527 257/257
f 258/258 257/257 527/527
f 588/592 529/529 261/261
f 262/262 261/261 529/529
f 589/593 530/530 265/265
f 266/266 265/265 530/530
f 590/594 532/532 269/269
f 270/270 269/269 532/532
f 591/595 533/533 273/273
f 274/274 273/273 533/533
f 592/596 535/535 277/277
f 278/278 277/277 535/535
f 593/597 536/536 281/281
f 282/282 281/281 536/536
f 594/598 538/538 285/285
f 286/286 285/285 538/538
f 595/599 1/1 435/435
f 3/3 435/435 1/1
f 596/600 597/601 598/602
f 599/603 598/602 597/601
f 600/604 9/9 438/438
f 11/11 438/438 9/9
f 601/605 21/606 602/607
f 23/608 602/607 21/606
f 603/609 17/17 441/441
f 19/19 441/441 17/17
f 604/610 29/611 605/612
f 31/613 605/612 29/611
f 606/614 25/25 444/444
f 27/27 444/444 25/25
f 607/615 37/616 608/617
f 39/618 608/617 37/616
f 609/619 33/33 447/447
f 35/35 447/447 33/33
f 610/620 13/621 611/622
f 15/623 611/622 13/621
f 612/624 41/41 450/450
f 43/43 450/450 41/41
f 613/625 614/626 615/627
f 616/628 615/627 614/626
f 617/629 49/49 453/453
f 51/51 453/453 49/49
f 618/630 619/631 620/632
f 621/633 620/632 619/631
f 622/634 57/57 456/456
f 59/59 456/456 57/57
f 623/635 624/636 625/637
f 626/638 625/637 624/636
f 627/639 65/65 459/459
f 67/67 459/459 65/65
f 628/640 77/77 463/463
f 79/79 463/463 77/77
f 629/641 73/73 462/462
f 75/75 462/462 73/73
f 630/642 93/93 631/643
f 95/95 631/643 93/93
f 632/644 81/81 464/464
f 83/83 464/464 81/81
f 633/645 634/646 482/482
f 483/483 482/482 634/646
f 635/647 89/89 467/467
f 91/91 467/467 89/89
f 636/648 101/101 637/649
f 103/103 637/649 101/101
f 638/650 97/97 470/470
f 99/99 470/470 97/97
f 639/651 640/652 471/471
f 472/472 471/471 640/652
f 641/653 105/105 473/473
f 107/107 473/473 105/105
f 642/654 643/655 474/474
f 475/475 474/474 643/655
f 644/656 113/113 476/476
f 115/115 476/476 113/113
f 645/657 646/658 477/477
f 478/478 477/477 646/658
f 647/659 121/121 479/479
f 123/123 479/479 121/121
f 648/660 649/661 650/662
f 651/663 650/662 649/661
f 652/664 129/129 481/481
f 131/131 481/481 129/129
f 653/665 125/125 654/666
f 127/127 654/666 125/125
f 655/667 137/137 484/484
f 139/139 484/484 137/137
f 656/668 657/669 488/488
f 489/489 488/488 657/669
f 658/670 145/145 487/487
f 147/147 487/487 145/145
f 659/671 133/133 660/672
f 135/135 660/672 133/133
f 661/673 153/153 490/490
f 155/155 490/490 153/153
f 662/674 149/149 663/675
f 151/151 663/675 149/149
f 664/676 161/161 493/493
f 163/163 493/493 161/161
f 665/677 666/678 667/679
f 668/680 667/679 666/678
f 669/681 169/169 496/496
f 171/171 496/496 169/169
f 670/682 671/683 672/684
f 673/685 672/684 671/683
f 674/686 177/177 499/499
f 179/179 499/499 177/177
f 675/687 676/688 677/689
f 678/690 677/689 676/688
f 679/691 185/185 502/502
f 187/187 502/502 185/185
f 680/692 681/693 682/694
f 683/695 682/694 681/693
f 684/696 193/193 505/505
f 195/195 505/505 193/193
f 685/697 686/698 687/699
f 688/700 687/699 686/698
f 689/701 201/201 508/508
f 203/203 508/508 201/201
f 690/702 691/703 692/704
f 693/705 692/704 691/703
f 694/706 209/209 511/511
f 211/211 511/511 209/209
f 695/707 696/708 697/709
f 698/710 697/709 696/708
f 699/711 217/217 514/514
f 219/219 514/514 217/217
f 700/712 701/713 702/714
f 703/715 702/714 701/713
f 704/716 225/225 517/517
f 227/227 517/517 225/225
f 705/717 706/718 707/719
f 708/720 707/719 706/718
f 709/721 233/233 520/520
f 235/235 520/520 233/233
f 710/722 711/723 712/724
f 713/725 712/724 711/723
f 714/726 241/241 523/523
f 243/243 523/523 241/241
f 715/727 716/728 717/729
f 718/730 717/729 716/728
f 719/731 249/249 526/526
f 251/251 526/526 249/249
f 720/732 721/733 722/734
f 723/735 722/734 721/733
f 724/736 257/257 529/529
f 259/259 529/529 257/257
f 725/737 726/738 727/739
f 728/740 727/739 726/738
f 729/741 265/265 532/532
f 267/267 532/532 265/265
f 730/742 731/743 732/744
f 733/745 732/744 731/743
f 734/746 273/273 535/535
f 275/275 535/535 273/273
f 735/747 736/748 737/749
f 738/750 737/749 736/748
f 739/751 281/281 538/538
f 283/283 538/538 281/281
f 740/752 741/753 742/754
f 743/755 742/754 741/753
f 744/756 595/599 540/540
f 435/435 540/540 595/599
f 291/291 596/600 292/292
f 598/602 292/292 596/600
f 305/757 600/604 306/542
f 438/438 306/542 600/604
f 295/295 601/605 296/296
f 602/607 296/296 601/605
f 293/758 603/609 294/544
f 441/441 294/544 603/609
f 299/299 604/610 300/300
f 605/612 300/300 604/610
f 297/759 606/614 298/546
f 444/444 298/546 606/614
f 303/303 607/615 304/304
f 608/617 304/304 607/615
f 301/760 609/619 302/548
f 447/447 302/548 609/619
f 307/307 610/620 308/308
f 611/622 308/308 610/620
f 745/761 612/624 546/550
f 450/450 546/550 612/624
f 311/311 613/625 312/312
f 615/627 312/312 613/625
f 746/762 617/629 548/552
f 453/453 548/552 617/629
f 315/315 618/630 316/316
f 620/632 316/316 618/630
f 747/763 622/634 550/554
f 456/456 550/554 622/634
f 319/319 623/635 320/320
f 625/637 320/320 623/635
f 748/764 627/639 552/556
f 459/459 552/556 627/639
f 323/323 628/640 324/324
f 463/463 324/324 628/640
f 321/321 629/641 322/322
f 462/462 322/322 629/641
f 327/327 630/642 328/328
f 631/643 328/328 630/642
f 749/765 632/644 554/558
f 464/464 554/558 632/644
f 331/331 633/645 332/332
f 482/482 332/332 633/645
f 325/325 635/647 326/326
f 467/467 326/326 635/647
f 335/335 636/648 336/336
f 637/649 336/336 636/648
f 333/333 638/650 334/334
f 470/470 334/334 638/650
f 339/339 639/651 340/340
f 471/471 340/340 639/651
f 750/766 641/653 557/561
f 473/473 557/561 641/653
f 343/343 642/654 344/344
f 474/474 344/344 642/654
f 751/767 644/656 558/562
f 476/476 558/562 644/656
f 347/347 645/657 348/348
f 477/477 348/348 645/657
f 353/353 647/659 354/354
f 479/479 354/354 647/659
f 351/351 648/660 352/352
f 650/662 352/352 648/660
f 361/361 652/664 362/362
f 481/481 362/362 652/664
f 355/355 653/665 356/356
f 654/666 356/356 653/665
f 752/768 655/667 560/564
f 484/484 560/564 655/667
f 359/359 656/668 360/360
f 488/488 360/360 656/668
f 365/365 658/670 366/366
f 487/487 366/366 658/670
f 363/363 659/671 364/364
f 660/672 364/364 659/671
f 753/769 661/673 562/566
f 490/490 562/566 661/673
f 367/367 662/674 368/368
f 663/675 368/368 662/674
f 754/770 664/676 564/568
f 493/493 564/568 664/676
f 371/371 665/677 372/372
f 667/679 372/372 665/677
f 755/771 669/681 566/570
f 496/496 566/570 669/681
f 375/375 670/682 376/376
f 672/684 376/376 670/682
f 756/772 674/686 568/572
f 499/499 568/572 674/686
f 379/379 675/687 380/380
f 677/689 380/380 675/687
f 757/773 679/691 570/574
f 502/502 570/574 679/691
f 383/383 680/692 384/384
f 682/694 384/384 680/692
f 758/774 684/696 572/576
f 505/505 572/576 684/696
f 387/387 685/697 388/388
f 687/699 388/388 685/697
f 759/775 689/701 574/578
f 508/508 574/578 689/701
f 391/391 690/702 392/392
f 692/704 392/392 690/702
f 760/776 694/706 576/580
f 511/511 576/580 694/706
f 395/395 695/707 396/396
f 697/709 396/396 695/707
f 761/777 699/711 578/582
f 514/514 578/582 699/711
f 399/399 700/712 400/400
f 702/714 400/400 700/712
f 762/778 704/716 580/584
f 517/517 580/584 704/716
f 403/403 705/717 404/404
f 707/719 404/404 705/717
f 763/779 709/721 582/586
f 520/520 582/586 709/721
f 407/407 710/722 408/408
f 712/724 408/408 710/722
f 764/780 714/726 584/588
f 523/523 584/588 714/726
f 411/411 715/727 412/412
f 717/729 412/412 715/727
f 765/781 719/731 586/590
f 526/526 586/590 719/731
f 415/415 720/732 416/416
f 722/734 416/416 720/732
f 766/782 724/736 588/592
f 529/529 588/592 724/736
f 419/419 725/737 420/420
f 727/739 420/420 725/737
f 767/783 729/741 590/594
f 532/532 590/594 729/741
f 423/423 730/742 424/424
f 732/744 424/424 730/742
f 768/784 734/746 592/596
f 535/535 592/596 734/746
f 427/427 735/747 428/428
f 737/749 428/428 735/747
f 769/785 739/751 594/598
f 538/538 594/598 739/751
f 431/431 740/752 432/432
f 742/754 432/432 740/752
f 770/786 539/539 595/599
f 1/1 595/599 539/539
f 4/4 290/290 596/600
f 597/601 596/600 290/290
f 771/787 541/541 600/604
f 9/9 600/604 541/541
f 12/12 294/294 601/605
f 21/606 601/605 294/294
f 772/788 542/543 603/609
f 17/17 603/609 542/543
f 20/20 298/298 604/610
f 29/611 604/610 298/298
f 773/789 543/545 606/614
f 25/25 606/614 543/545
f 28/28 302/302 607/615
f 37/616 607/615 302/302
f 774/790 544/547 609/619
f 33/33 609/619 544/547
f 36/36 306/306 610/620
f 13/621 610/620 306/306
f 775/791 545/549 612/624
f 41/41 612/624 545/549
f 44/44 310/310 613/625
f 614/626 613/625 310/310
f 776/792 547/551 617/629
f 49/49 617/629 547/551
f 52/52 314/314 618/630
f 619/631 618/630 314/314
f 777/793 549/553 622/634
f 57/57 622/634 549/553
f 60/60 318/318 623/635
f 624/636 623/635 318/318
f 778/794 551/555 627/639
f 65/65 627/639 551/555
f 68/68 322/322 628/640
f 77/77 628/640 322/322
f 779/795 553/557 629/641
f 73/73 629/641 553/557
f 76/76 326/326 630/642
f 93/93 630/642 326/326
f 72/72 324/324 632/644
f 81/81 632/644 324/324
f 84/84 330/330 633/645
f 634/646 633/645 330/330
f 780/796 555/559 635/647
f 89/89 635/647 555/559
f 92/92 334/334 636/648
f 101/101 636/648 334/334
f 781/797 556/560 638/650
f 97/97 638/650 556/560
f 100/100 338/338 639/651
f 640/652 639/651 338/338
f 104/104 340/340 641/653
f 105/105 641/653 340/340
f 108/108 342/342 642/654
f 643/655 642/654 342/342
f 112/112 344/344 644/656
f 113/113 644/656 344/344
f 116/116 346/346 645/657
f 646/658 645/657 346/346
f 120/120 348/348 647/659
f 121/121 647/659 348/348
f 124/124 350/350 648/660
f 649/661 648/660 350/350
f 782/798 559/563 652/664
f 129/129 652/664 559/563
f 132/132 354/354 653/665
f 125/125 653/665 354/354
f 88/88 332/332 655/667
f 137/137 655/667 332/332
f 140/140 358/358 656/668
f 657/669 656/668 358/358
f 783/799 561/565 658/670
f 145/145 658/670 561/565
f 148/148 362/362 659/671
f 133/133 659/671 362/362
f 144/144 360/360 661/673
f 153/153 661/673 360/360
f 156/156 366/366 662/674
f 149/149 662/674 366/366
f 784/800 563/567 664/676
f 161/161 664/676 563/567
f 164/164 370/370 665/677
f 666/678 665/677 370/370
f 785/801 565/569 669/681
f 169/169 669/681 565/569
f 172/172 374/374 670/682
f 671/683 670/682 374/374
f 786/802 567/571 674/686
f 177/177 674/686 567/571
f 180/180 378/378 675/687
f 676/688 675/687 378/378
f 787/803 569/573 679/691
f 185/185 679/691 569/573
f 188/188 382/382 680/692
f 681/693 680/692 382/382
f 788/804 571/575 684/696
f 193/193 684/696 571/575
f 196/196 386/386 685/697
f 686/698 685/697 386/386
f 789/805 573/577 689/701
f 201/201 689/701 573/577
f 204/204 390/390 690/702
f 691/703 690/702 390/390
f 790/806 575/579 694/706
f 209/209 694/706 575/579
f 212/212 394/394 695/707
f 696/708 695/707 394/394
f 791/807 577/581 699/711
f 217/217 699/711 577/581
f 220/220 398/398 700/712
f 701/713 700/712 398/398
f 792/808 579/583 704/716
f 225/225 704/716 579/583
f 228/228 402/402 705/717
f 706/718 705/717 402/402
f 793/809 581/585 709/721
f 233/233 709/721 581/585
f 236/236 406/406 710/722
f 711/723 710/722 406/406
f 794/810 583/587 714/726
f 241/241 714/726 583/587
f 244/244 410/410 715/727
f 716/728 715/727 410/410
f 795/811 585/589 719/731
f 249/249 719/731 585/589
f 252/252 414/414 720/732
f 721/733 720/732 414/414
f 796/812 587/591 724/736
f 257/257 724/736 587/591
f 260/260 418/418 725/737
f 726/738 725/737 418/418
f 797/813 589/593 729/741
f 265/265 729/741 589/593
f 268/268 422/422 730/742
f 731/743 730/742 422/422
f 798/814 591/595 734/746
f 273/273 734/746 591/595
f 276/276 426/426 735/747
f 736/748 735/747 426/426
f 799/815 593/597 739/751
f 281/281 739/751 593/597
f 284/284 430/430 740/752
f 741/753 740/752 430/430
f 800/816 770/786 744/756
f 595/599 744/756 770/786
f 3/3 4/4 291/291
f 596/600 291/291 4/4
f 446/817 771/787 305/757
f 600/604 305/757 771/787
f 11/11 12/12 295/295
f 601/605 295/295 12/12
f 437/818 772/788 293/758
f 603/609 293/758 772/788
f 19/19 20/20 299/299
f 604/610 299/299 20/20
f 440/819 773/789 297/759
f 606/614 297/759 773/789
f 27/27 28/28 303/303
f 607/615 303/303 28/28
f 443/820 774/790 301/760
f 609/619 301/760 774/790
f 35/35 36/36 307/307
f 610/620 307/307 36/36
f 801/821 775/791 745/761
f 612/624 745/761 775/791
f 43/43 44/44 311/311
f 613/625 311/311 44/44
f 802/822 776/792 746/762
f 617/629 746/762 776/792
f 51/51 52/52 315/315
f 618/630 315/315 52/52
f 803/823 777/793 747/763
f 622/634 747/763 777/793
f 59/59 60/60 319/319
f 623/635 319/319 60/60
f 804/824 778/794 748/764
f 627/639 748/764 778/794
f 67/67 68/68 323/323
f 628/640 323/323 68/68
f 458/458 779/795 321/321
f 629/641 321/321 779/795
f 75/75 76/76 327/327
f 630/642 327/327 76/76
f 71/71 72/72 749/765
f 632/644 749/765 72/72
f 83/83 84/84 331/331
f 633/645 331/331 84/84
f 461/461 780/796 325/325
f 635/647 325/325 780/796
f 91/91 92/92 335/335
f 636/648 335/335 92/92
f 466/466 781/797 333/333
f 638/650 333/333 781/797
f 99/99 100/100 339/339
f 639/651 339/339 100/100
f 103/103 104/104 750/766
f 641/653 750/766 104/104
f 107/107 108/108 343/343
f 642/654 343/343 108/108
f 111/111 112/112 751/767
f 644/656 751/767 112/112
f 115/115 116/116 347/347
f 645/657 347/347 116/116
f 119/119 120/120 353/353
f 647/659 353/353 120/120
f 123/123 124/124 351/351
f 648/660 351/351 124/124
f 486/486 782/798 361/361
f 652/664 361/361 782/798
f 131/131 132/132 355/355
f 653/665 355/355 132/132
f 87/87 88/88 752/768
f 655/667 752/768 88/88
f 139/139 140/140 359/359
f 656/668 359/359 140/140
f 489/489 783/799 365/365
f 658/670 365/365 783/799
f 147/147 148/148 363/363
f 659/671 363/363 148/148
f 143/143 144/144 753/769
f 661/673 753/769 144/144
f 155/155 156/156 367/367
f 662/674 367/367 156/156
f 805/825 784/800 754/770
f 664/676 754/770 784/800
f 163/163 164/164 371/371
f 665/677 371/371 164/164
f 806/826 785/801 755/771
f 669/681 755/771 785/801
f 171/171 172/172 375/375
f 670/682 375/375 172/172
f 807/827 786/802 756/772
f 674/686 756/772 786/802
f 179/179 180/180 379/379
f 675/687 379/379 180/180
f 808/828 787/803 757/773
f 679/691 757/773 787/803
f 187/187 188/188 383/383
f 680/692 383/383 188/188
f 809/829 788/804 758/774
f 684/696 758/774 788/804
f 195/195 196/196 387/387
f 685/697 387/387 196/196
f 810/830 789/805 759/775
f 689/701 759/775 789/805
f 203/203 204/204 391/391
f 690/702 391/391 204/204
f 811/831 790/806 760/776
f 694/706 760/776 790/806
f 211/211 212/212 395/395
f 695/707 395/395 212/212
f 812/832 791/807 761/777
f 699/711 761/777 791/807
f 219/219 220/220 399/399
f 700/712 399/399 220/220
f 813/833 792/808 762/778
f 704/716 762/778 792/808
f 227/227 228/228 403/403
f 705/717 403/403 228/228
f 814/834 793/809 763/779
f 709/721 763/779 793/809
f 235/235 236/236 407/407
f 710/722 407/407 236/236
f 815/835 794/810 764/780
f 714/726 764/780 794/810
f 243/243 244/244 411/411
f 715/727 411/411 244/244
f 816/836 795/811 765/781
f 719/731 765/781 795/811
f 251/251 252/252 415/415
f 720/732 415/415 252/252
f 817/837 796/812 766/782
f 724/736 766/782 796/812
f 259/259 260/260 419/419
f 725/737 419/419 260/260
f 818/838 797/813 767/783
f 729/741 767/783 797/813
f 267/267 268/268 423/423
f 730/742 423/423 268/268
f 819/839 798/814 768/784
f 734/746 768/784 798/814
f 275/275 276/276 427/427
f 735/747 427/427 276/276
f 820/840 799/815 769/785
f 739/751 769/785 799/815
f 283/283 284/284 431/431
f 740/752 431/431 284/284
