mtllib iscv2.mtl
usemtl iscv2_Material_u2_v2

v 41.152999770257225 19.029299330153435 1.2013900279998779 0.082353 0.058824 0.039216
v 40.722900813039473 19.548399581131434 0.78541600704193115 0.043137 0.027451 0.019608
v 41.083101727740654 19.23250039680579 1.3644000291824341 0.109804 0.078431 0.047059
v 40.881898500615307 19.459599712241015 -0.92955398559570313 0.047059 0.039216 0.031373
v 41.155001599060938 21.211800260239897 0.45056301355361938 0.054902 0.043137 0.031373
v 35.90080193064739 20.165400703696832 1.5099200010299683 0.168627 0.113725 0.090196
v 36.005100691417965 19.766499461675494 1.4887599945068359 0.141176 0.090196 0.066667
v 36.081598295083154 20.020099311809872 1.7686100006103516 0.152941 0.109804 0.090196
v 35.962301507987945 20.216700620622532 1.2427899837493896 0.101961 0.066667 0.047059
v 35.935198403396043 20.144500820175153 0.71827501058578491 0.105882 0.066667 0.054902
v 36.021899286888811 19.764400147913193 1.0628000497817993 0.117647 0.078431 0.058824
v 35.917700617163291 20.490200517255289 0.89754700660705566 0.098039 0.066667 0.050980
v 35.885701199589903 20.419699391722816 1.3286199569702148 0.101961 0.062745 0.043137
v 35.816001466687112 20.415199394873071 1.4218900203704834 0.145098 0.094118 0.070588
v 35.892699115056644 20.189099796367827 1.7649400234222412 0.184314 0.133333 0.105882
v 35.940101087068001 19.884199942395753 0.67545300722122192 0.117647 0.082353 0.066667
v 36.011201195268995 19.810200426804386 0.8416060209274292 0.098039 0.066667 0.047059
v 36.027799194748809 19.77889942126626 1.22461998462677 0.121569 0.082353 0.058824
v 36.030300286487545 19.71440053578749 0.72265201807022095 0.172549 0.141176 0.113725
v 36.094699474211438 19.455799583530961 0.95968401432037354 0.113725 0.074510 0.054902
v 35.707799842707914 20.351499716571425 -0.32610100507736206 0.078431 0.050980 0.043137
v 35.56889975529532 20.170200508400967 0.0044555701315402985 0.066667 0.039216 0.027451
v 35.46439876381146 20.677700357900903 -0.18020400404930115 0.090196 0.066667 0.058824
v 35.327200977758253 21.296700597932841 -0.92955398559570313 0.172549 0.149020 0.125490
v 36.103101834720405 19.359499867186969 0.81532502174377441 0.105882 0.074510 0.058824
v 35.9954994904665 19.395600799694648 0.69571101665496826 0.090196 0.058824 0.043137
v 35.968999354187872 19.640499789757996 0.45556101202964783 0.054902 0.035294 0.023529
v 35.846399802903875 19.820300334209833 0.43630599975585938 0.058824 0.035294 0.023529
v 35.631201814122392 20.063799012348682 0.57385802268981934 0.105882 0.070588 0.062745
v 35.604999348907313 19.86910056515535 0.42617198824882507 0.058824 0.035294 0.023529
v 35.694600192925122 19.680600617748041 0.57075297832489014 0.086275 0.058824 0.047059
v 35.467101142388515 20.047600268439282 0.28985598683357239 0.066667 0.039216 0.027451
v 35.439498236564191 20.579600982958937 0.24345000088214874 0.094118 0.062745 0.054902
v 35.537199720248395 19.608900697499394 0.1935649961233139 0.066667 0.039216 0.027451
v 35.497999148455051 19.488699160978285 0.35361099243164063 0.066667 0.039216 0.027451
v 35.779301868032348 20.381099877863107 0.69785898923873901 0.109804 0.074510 0.054902
v 35.667799627502973 20.628400750790661 0.56563901901245117 0.125490 0.090196 0.078431
v 35.798298369424856 20.733899325721495 1.2101999521255493 0.086275 0.047059 0.035294
v 35.905798568765363 20.79799924301301 0.99854898452758789 0.101961 0.058824 0.050980
v 35.94919993257804 20.975500515443173 0.86202400922775269 0.098039 0.074510 0.062745
v 35.790099421288915 21.343399495370932 0.66322898864746094 0.117647 0.090196 0.082353
v 35.406999972509198 21.004600241933758 0.28648000955581665 0.090196 0.066667 0.058824
v 35.183998924841148 21.337499502531045 0.16440799832344055 0.247059 0.223529 0.192157
v 40.930401797338959 19.250400291222377 1.7784199714660645 0.180392 0.137255 0.078431
v 40.618699679419365 19.809100511791939 1.3425799608230591 0.121569 0.090196 0.062745
v 40.715700927860894 20.337999849150719 0.89955300092697144 0.047059 0.035294 0.027451
v 40.333198183284821 20.78790062157691 1.0192899703979492 0.149020 0.117647 0.082353
v 35.890600144871314 19.946200564332912 -0.29488599300384521 0.066667 0.039216 0.023529
v 35.790501415949507 19.790898988500658 -0.028739899396896362 0.066667 0.039216 0.027451
v -24.605899981142784 -34.656398152248926 31.582799911499023 0.301961 0.286275 0.207843
v -24.503399675972332 -34.243001705651182 32.020000457763672 0.352941 0.333333 0.239216
v -24.424700526364632 -34.289198300674116 31.544099807739258 0.309804 0.298039 0.215686
v -24.402301031642764 -34.688100998843652 30.937099456787109 0.290196 0.278431 0.203922
v -24.59689904963534 -35.086599483986902 31.090400695800781 0.309804 0.294118 0.215686
v -24.442400595514982 -34.668901154049195 31.224100112915039 0.325490 0.313726 0.235294
v -24.849099966872473 -34.702201000446621 31.934200286865234 0.286275 0.274510 0.196078
v -24.5987994042423 -34.368200655208739 32.168399810791016 0.349020 0.329412 0.239216
v -23.909899703946621 -33.724899574309347 30.673900604248047 0.274510 0.258824 0.184314
v -24.245199368512885 -33.861298856577719 30.242799758911133 0.243137 0.227451 0.168627
v -24.442600862000518 -34.236101364630258 30.421899795532227 0.235294 0.223529 0.164706
v -24.637801039859596 -34.092301065209881 32.145401000976563 0.345098 0.325490 0.231373
v -23.970699200118133 -33.568400122369667 30.24530029296875 0.243137 0.231373 0.168627
v -24.019800256281997 -33.556699863848621 29.915700912475586 0.258824 0.247059 0.180392
v -24.245799617703597 -34.168800696565881 31.160900115966797 0.325490 0.313726 0.227451
v -23.870401001319578 -33.694701492472063 31.075300216674805 0.305882 0.278431 0.200000
v -24.29639917568943 -34.239398961892221 30.722499847412109 0.235294 0.227451 0.164706
v -24.306500576559301 -33.867499874313239 31.425800323486328 0.286275 0.270588 0.196078
v -24.287599512114639 -33.950401584475003 31.720300674438477 0.278431 0.266667 0.192157
v -24.580700001399919 -35.045800045131614 30.729099273681641 0.278431 0.270588 0.196078
v -24.592499947915485 -34.750800305484631 30.589799880981445 0.231373 0.223529 0.160784
v -24.931399212372071 -35.02639827365897 31.548299789428711 0.290196 0.278431 0.200000
v -28.15480016688457 -26.75659932930796 29.463399887084961 0.776471 0.792157 0.725490
v -27.999200628914878 -26.6339002869247 29.219200134277344 0.835294 0.843137 0.772549
v -27.656700021444976 -26.554000241921358 29.154800415039063 0.956863 0.964706 0.945098
v -27.834000079323573 -26.649199925489597 29.699499130249023 0.827451 0.843137 0.796078
v -28.322300338082869 -26.890499228574527 30.233100891113281 0.713726 0.721569 0.662745
v -28.000700788997392 -26.653599324473021 29.989200592041016 0.803922 0.823529 0.760784
v -28.064100267882395 -26.746099772659022 30.25830078125 0.756863 0.768627 0.698039
v -28.148000845484603 -26.818900233206591 29.80780029296875 0.733333 0.745098 0.682353
v -27.645299198739508 -26.511699244670353 29.873199462890625 0.929412 0.945098 0.901961
v -27.747300244471944 -26.545000656903085 30.55419921875 0.925490 0.933333 0.890196
v -28.014900691639127 -26.637000305431684 30.563199996948242 0.827451 0.839216 0.784314
v -27.872100169150713 -26.608700881070149 30.896200180053711 0.866667 0.874510 0.827451
v -28.280499220826414 -26.894299560292438 31.125400543212891 0.678431 0.678431 0.623529
v -28.208300421560693 -26.740799139013689 30.79640007019043 0.752941 0.760784 0.682353
v -27.919899784111522 -26.605599106925752 31.663400650024414 0.776471 0.772549 0.690196
v -27.60470017275793 -26.395399760123837 30.979799270629883 0.717647 0.713726 0.627451
v -27.579599705161513 -26.342100034399778 31.090099334716797 0.733333 0.721569 0.635294
v -31.535400593043164 -27.134100534654749 41.708198547363281 0.878431 0.839216 0.686275
v -31.497899039713616 -26.844999371593531 41.689498901367188 0.882353 0.854902 0.717647
v -31.679400930776637 -27.094400045463885 42.356498718261719 0.878431 0.843137 0.686275
v -31.670799313846146 -27.740200681810734 41.399898529052734 0.898039 0.870588 0.729412
v -31.590199474763381 -28.055800386439842 41.574100494384766 0.870588 0.839216 0.686275
v -31.566500944226846 -28.043200681343023 41.317901611328125 0.870588 0.843137 0.690196
v -31.62419997466634 -27.116700443198511 41.422000885009766 0.909804 0.890196 0.749020
v -31.550299744189829 -27.785099084321473 41.749099731445313 0.854902 0.815686 0.662745
v -31.680400342438702 -27.731999039292759 42.533798217773438 0.854902 0.815686 0.647059
v -31.594800137016136 -28.082800812946061 42.256401062011719 0.847059 0.800000 0.635294
v -31.509799738337392 -27.476399541376054 41.723598480224609 0.866667 0.827451 0.674510
v -31.67610053096405 -28.037099686061765 42.82440185546875 0.815686 0.772549 0.615686
v -31.650600811283766 -28.352699268514812 43.319698333740234 0.796078 0.749020 0.592157
v -31.635000704150912 -28.348999596865383 42.563301086425781 0.803922 0.756863 0.596078
v -31.653299201487471 -28.300200602601876 43.619899749755859 0.772549 0.725490 0.580392
v -31.740399525309158 -28.396500378743667 43.678298950195313 0.772549 0.725490 0.576471
v -31.469599224872013 -28.035899916925928 41.663600921630859 0.847059 0.807843 0.650980
v -31.731300585908798 -27.680799616084983 43.650501251220703 0.803922 0.756863 0.596078
v -31.678499882220876 -27.467100612878085 43.110500335693359 0.835294 0.792157 0.627451
v -31.690599147917283 -26.518799150757786 42.405200958251953 0.878431 0.847059 0.694118
v -31.74699986363521 -27.195700822453432 43.521400451660156 0.843137 0.796078 0.627451
v -31.614500310324388 -27.138099268028782 42.555198669433594 0.866667 0.827451 0.662745
v -31.635000956361978 -27.423900599540275 42.442600250244141 0.858824 0.819608 0.662745
v -31.77130015165892 -26.947200600209953 43.593299865722656 0.819608 0.772549 0.615686
v -31.557499367282162 -26.881499164768343 42.539100646972656 0.847059 0.811765 0.662745
v -31.686599845108844 -27.37379950890147 43.581901550292969 0.835294 0.788235 0.623529
v -31.682399680065373 -26.631700769007693 43.156700134277344 0.854902 0.819608 0.650980
v -31.639899097938837 -28.010900226063427 41.114898681640625 0.882353 0.854902 0.709804
v -31.617900606048011 -25.942000011596178 41.438800811767578 0.921569 0.905882 0.788235
v -31.730099444170264 -26.522399263771263 43.684700012207031 0.847059 0.807843 0.654902
v -24.098499646283017 -33.869100524126793 31.325099945068359 0.301961 0.286275 0.203922
v -28.292799151191389 -26.959200218147657 30.406600952148438 0.650980 0.654902 0.607843
v -31.697100051181906 -28.574300744673337 43.680801391601563 0.776471 0.729412 0.576471
v -27.85440082566501 -1.9148997309077345 21.583499908447266 0.725490 0.721569 0.662745
v -27.859399373857656 -2.0400501760095153 21.366199493408203 0.733333 0.733333 0.674510
v -27.868199526678495 -1.8641399115804234 21.386800765991211 0.721569 0.717647 0.654902
v -27.928300642520099 -1.7391499102636203 21.628299713134766 0.725490 0.713726 0.654902
v -32.793801707188948 -5.2006000633895155 40.72869873046875 0.980392 0.976471 0.949020
v -33.023398252475431 -5.0678002184602065 40.319400787353516 0.976471 0.972549 0.921569
v -32.597000897417615 -5.217469891045539 40.378799438476563 0.976471 0.968627 0.917647
v -32.895498431386613 -5.0927304086942513 40.080699920654297 0.976471 0.972549 0.941176
v -32.701899552416933 -5.1820299768215818 39.127300262451172 0.992157 0.988235 0.976471
v -32.487199968442155 -5.0775703231706757 39.542999267578125 0.952941 0.952941 0.917647
v -32.521600196627617 -5.1298198262304595 40.145500183105469 0.980392 0.980392 0.901961
v -32.490600830742608 -5.0598403307199078 39.045700073242188 0.945098 0.952941 0.917647
v -32.70200161216161 -5.1472794611917152 38.849498748779297 0.996078 0.992157 0.980392
v -32.596100307876554 -5.1444797518050791 40.835800170898438 0.992157 0.992157 0.988235
v -32.93530101689305 -5.0990396632673765 40.980201721191406 0.960784 0.960784 0.933333
v -32.772398979946615 -5.1336499376452593 41.078899383544922 0.984314 0.980392 0.949020
v -32.503199359400583 -5.0539596906268116 41.09429931640625 0.709804 0.709804 0.639216
v -32.583099527206571 -5.1541004312553014 38.402198791503906 0.996078 0.992157 0.984314
v -30.798299373323971 -16.410899120623753 37.005001068115234 0.756863 0.745098 0.686275
v -30.830299535299218 -16.278400700813904 36.718399047851563 0.705882 0.666667 0.580392
v -31.004899812517237 -16.18789908225915 36.645099639892578 0.717647 0.694118 0.607843
v -30.709100708898745 -16.362900355559418 36.289501190185547 0.713726 0.674510 0.588235
v -30.768500356466348 -16.220500004054543 35.873500823974609 0.690196 0.654902 0.576471
v -31.040600708440934 -16.15599969071593 35.929901123046875 0.698039 0.670588 0.596078
v -30.919999233182352 -16.213900155903048 36.402301788330078 0.709804 0.682353 0.600000
v -31.392899456157693 -16.220599710839906 36.769100189208984 0.701961 0.666667 0.584314
v -31.426799538876594 -16.124799236554622 37.149101257324219 0.705882 0.662745 0.576471
v -31.359699810584402 -16.26259939513568 37.287300109863281 0.709804 0.670588 0.580392
v -31.3491995539149 -16.026699168274263 36.534698486328125 0.682353 0.639216 0.556863
v -31.295500214035314 -15.986799337508501 36.283901214599609 0.686275 0.650980 0.572549
v -31.136999321387748 -16.359099680940972 37.187099456787109 0.733333 0.705882 0.623529
v -31.405999828094878 -16.215099462101193 37.594799041748047 0.698039 0.658824 0.572549
v -30.864399873451703 -16.12530060795882 35.721000671386719 0.698039 0.670588 0.596078
v -31.076999697650194 -16.280800320165326 37.122398376464844 0.713726 0.678431 0.592157
v -31.257399336394997 -15.98959937577149 35.762401580810547 0.686275 0.654902 0.576471
v -30.802500783201936 -16.182700490139382 35.259601593017578 0.686275 0.654902 0.580392
v -31.112100593572109 -16.111100494294305 35.274200439453125 0.682353 0.647059 0.568627
v -31.550100473702969 -16.055800783543532 37.527400970458984 0.690196 0.647059 0.556863
v -31.615800293123812 -15.995499944521157 37.984401702880859 0.686275 0.643137 0.552941
v -31.599100726692541 -16.050199159296653 37.291999816894531 0.690196 0.643137 0.552941
v -31.624799788034466 -16.023100405325863 36.770900726318359 0.686275 0.639216 0.552941
v -31.21940045299948 -16.050699112044981 35.265701293945313 0.682353 0.647059 0.568627
v -31.54780022532691 -15.947099652693396 35.414100646972656 0.674510 0.635294 0.552941
v -31.623399270217533 -15.848899594614295 35.741199493408203 0.650980 0.611765 0.525490
v -31.647600141156659 -15.81729927303229 36.409999847412109 0.619608 0.572549 0.486275
v -31.591500850367993 -15.886600303703517 36.742099761962891 0.682353 0.639216 0.549020
v -31.600500593324114 -15.881799380682651 36.173000335693359 0.678431 0.639216 0.552941
v -31.594400878429724 -16.077900211196152 35.269100189208984 0.674510 0.635294 0.552941
v -27.976100084758912 -1.4502600511157198 21.293300628662109 0.749020 0.752941 0.690196
v -28.002599476793932 -1.3727001418459395 21.117399215698242 0.909804 0.933333 0.898039
v -27.979799458472257 -1.3760602798419086 21.896499633789063 0.894118 0.917647 0.882353
v 36.764000119107095 -32.734899075775729 28.218599319458008 0.235294 0.215686 0.141176
v 36.852298828672815 -33.158099031072425 28.324300765991211 0.211765 0.196078 0.125490
v 37.35659923290757 -32.940000409913637 28.198699951171875 0.243137 0.223529 0.152941
v 35.91830094467889 -32.852000806369688 29.961999893188477 0.207843 0.196078 0.129412
v 35.70760084092899 -32.61799923903618 29.771900177001953 0.192157 0.180392 0.109804
v 35.759398793949572 -32.493800330548993 29.914199829101563 0.203922 0.188235 0.121569
v 35.63550173507906 -32.59010101501076 29.486799240112305 0.188235 0.172549 0.101961
v 35.746400668759179 -32.73100101595719 29.478000640869141 0.192157 0.180392 0.113725
v 36.196800072100928 -33.325899652813632 28.377700805664063 0.172549 0.160784 0.086275
v 36.350401122257722 -33.024899401518724 28.2406005859375 0.188235 0.176471 0.109804
v 35.981498488735838 -32.658899134321246 28.191299438476563 0.196078 0.180392 0.113725
v 35.98849925315335 -33.215800298877866 29.87030029296875 0.203922 0.192157 0.125490
v 35.848900774311005 -32.576999367140616 28.851200103759766 0.200000 0.188235 0.121569
v 35.916001738728824 -33.010000540363762 28.984399795532227 0.188235 0.180392 0.113725
v 35.934501411659539 -32.92449992576303 28.740999221801758 0.192157 0.180392 0.117647
v 35.663998352672365 -32.593899701863165 29.099399566650391 0.180392 0.168627 0.101961
v 36.01560108946444 -33.326700347063934 29.451999664306641 0.200000 0.184314 0.121569
v 35.869700043669241 -32.599400585314015 30.264299392700195 0.203922 0.192157 0.125490
v 36.274298164357674 -33.270499275983411 30.384899139404297 0.211765 0.200000 0.133333
v 36.19260119811338 -33.683700105417302 30.056699752807617 0.211765 0.192157 0.125490
v 36.428398680906867 -34.074999955869998 29.492000579833984 0.211765 0.192157 0.125490
v 36.253098875769297 -33.711900796065493 29.374700546264648 0.211765 0.196078 0.129412
v 36.157000867780766 -32.90259949727988 30.651199340820312 0.207843 0.196078 0.129412
v 35.869001107344047 -32.533000367411432 30.479499816894531 0.203922 0.192157 0.121569
v 37.191301903661952 -33.278199947214944 28.366100311279297 0.223529 0.207843 0.137255
v 36.091401937011824 -33.489199294168202 29.027999877929688 0.192157 0.176471 0.109804
v 36.569001618650532 -32.936401041011095 28.224100112915039 0.211765 0.196078 0.121569
v 36.422400481808495 -32.673800840909735 27.998699188232422 0.188235 0.172549 0.101961
v 36.109398361983153 -33.448699543541125 28.784500122070313 0.196078 0.180392 0.113725
v 35.91080080556435 -33.047600506048411 28.478799819946289 0.184314 0.172549 0.105882
v 36.966601401239586 -33.589299432832831 28.40519905090332 0.200000 0.188235 0.121569
v 36.74839985658889 -33.77010046956957 28.347900390625 0.196078 0.180392 0.113725
v 37.104901022810623 -33.861000647923902 28.653600692749023 0.207843 0.196078 0.129412
v 36.75189990839749 -34.01009991179717 28.555599212646484 0.203922 0.188235 0.121569
v 37.413101516781808 -33.753400464205924 28.607700347900391 0.215686 0.203922 0.137255
v 36.267299324774172 -33.765300347642096 29.251399993896484 0.203922 0.188235 0.125490
v 35.786098829011394 -32.704399104606409 28.190399169921875 0.180392 0.168627 0.098039
v 36.404300074915682 -33.468000234423471 28.268800735473633 0.188235 0.176471 0.105882
v 35.774998945844004 -32.691599914918243 28.513399124145508 0.188235 0.176471 0.109804
v 35.651700563468012 -32.572400768633997 28.367000579833984 0.176471 0.164706 0.098039
v 36.403198332994634 -34.032798978844994 29.305099487304688 0.207843 0.192157 0.125490
v 24.462199628240342 -33.885600014238321 24.641300201416016 0.258824 0.243137 0.180392
v 24.392300563847243 -34.079800737695223 24.430500030517578 0.235294 0.227451 0.160784
v 24.421799257180055 -34.549798591181229 24.589799880981445 0.231373 0.223529 0.160784
v 24.299500161768265 -33.555700855396594 25.254100799560547 0.235294 0.223529 0.160784
v 24.494700544728516 -33.158300168858773 25.268299102783203 0.247059 0.231373 0.164706
v 24.477800119048425 -33.396600389836408 24.898000717163086 0.274510 0.258824 0.184314
v 24.516099425165521 -33.081299334381242 23.893199920654297 0.239216 0.231373 0.168627
v 24.323500788499246 -32.933100717067305 23.571199417114258 0.235294 0.223529 0.164706
v 24.319699653082012 -33.478800292562255 24.041400909423828 0.239216 0.227451 0.164706
v 24.484400579928206 -33.432000955461149 24.261299133300781 0.247059 0.235294 0.172549
v 24.327500176374315 -33.922500338916507 24.757499694824219 0.247059 0.239216 0.176471
v 24.685499761255414 -32.938399109857528 24.096599578857422 0.282353 0.262745 0.188235
v 24.616300113655143 -33.053599208740025 24.072700500488281 0.258824 0.243137 0.176471
v 24.394099745903077 -32.890199875230564 24.585300445556641 0.254902 0.243137 0.172549
v 24.500400642741397 -33.264899441732837 24.338899612426758 0.254902 0.243137 0.176471
v 24.436999270827982 -32.990000358733482 26.022600173950195 0.231373 0.219608 0.152941
v 24.396799291709044 -32.885899034316594 25.759500503540039 0.235294 0.223529 0.156863
v 24.372499318683026 -33.136099287520324 26.056800842285156 0.250980 0.235294 0.164706
v 24.686499175058998 -32.921300246289888 23.766300201416016 0.235294 0.227451 0.168627
v 24.479100276462191 -32.944199303665528 24.888799667358398 0.243137 0.231373 0.164706
v 24.312400854271004 -33.552199895827016 25.718599319458008 0.243137 0.231373 0.164706
v 24.471099460540131 -33.118899527944791 25.557100296020508 0.250980 0.235294 0.164706
v 24.38810007914276 -33.410299156806559 25.844900131225586 0.270588 0.250980 0.176471
v 24.261499995933718 -33.475799356093034 26.131000518798828 0.258824 0.243137 0.172549
v 24.401699812236529 -33.612100264580818 25.9197998046875 0.239216 0.227451 0.156863
v 24.614300228026764 -32.880599419645705 25.252500534057617 0.239216 0.223529 0.156863
v 24.624099678413927 -32.949999552023542 25.538000106811523 0.266667 0.247059 0.172549
v 24.255699312834395 -33.173600167093582 26.274099349975586 0.250980 0.235294 0.164706
v 24.483400503974053 -32.929999731409907 26.329399108886719 0.231373 0.219608 0.152941
v 37.829699680802491 -33.287000779171876 28.522499084472656 0.231373 0.215686 0.149020
v 37.675099149305424 -33.604799076672407 28.673799514770508 0.235294 0.219608 0.152941
v 38.204099562096076 -33.495099205979159 28.616300582885742 0.223529 0.207843 0.141176
v 38.058699679791175 -33.078299414856247 28.515399932861328 0.309804 0.274510 0.184314
v 37.940598224972518 -33.15009897997902 28.459400177001953 0.258824 0.235294 0.160784
v 37.734100944830288 -32.725099868272991 28.112499237060547 0.243137 0.223529 0.152941
v 37.913901575609657 -32.883099438231511 28.430400848388672 0.313726 0.278431 0.184314
v 36.453899880564563 -33.773199626248697 28.559000015258789 0.196078 0.184314 0.113725
v 40.391298537819097 -5.7239898883073579 10.215999603271484 0.345098 0.282353 0.192157
v 40.428301307119099 -5.995070156716082 10.008199691772461 0.364706 0.305882 0.215686
v 40.586101243841426 -5.865990068059773 10.128999710083008 0.345098 0.286275 0.200000
v 40.731801362903354 -5.8173001581720882 10.1427001953125 0.333333 0.278431 0.188235
v 40.397998457315076 -5.5217898393887452 10.229100227355957 0.337255 0.282353 0.196078
v 41.005098379794219 -5.6191399027162561 10.276000022888184 0.333333 0.274510 0.188235
v 41.076898825601269 -5.8770798423826847 10.090399742126465 0.321569 0.266667 0.180392
v 40.979798765890692 -5.9533198522822488 9.9892501831054687 0.349020 0.290196 0.203922
v 41.222399039452895 -6.0207300047337355 10.127499580383301 0.333333 0.282353 0.200000
v 40.890900482445645 -5.9315701305278878 10.120400428771973 0.325490 0.266667 0.180392
v 41.387801459851175 -5.980260193497088 10.044500350952148 0.329412 0.274510 0.192157
v 41.565200751058583 -5.8841601110905515 10.048600196838379 0.309804 0.254902 0.172549
v 40.789000712116561 -5.3139201276339065 10.407899856567383 0.294118 0.243137 0.164706
v 41.13770043388682 -5.559880006600423 10.240900039672852 0.309804 0.254902 0.172549
v 41.419499083223826 -5.6628598539213613 10.282600402832031 0.325490 0.270588 0.184314
v 41.071500136872857 -5.3408400503668076 10.506600379943848 0.258824 0.215686 0.149020
v 41.14489993946831 -5.2163900298558161 10.569199562072754 0.047059 0.043137 0.039216
v 41.464598615540304 -5.512529838367314 10.301300048828125 0.317647 0.262745 0.176471
v 40.886201354675251 -5.0697000954924647 10.49530029296875 0.184314 0.152941 0.109804
v 40.474501475924313 -5.3288001944829944 10.620800018310547 0.360784 0.294118 0.203922
v 42.056598217095527 -5.9588297804826595 9.9326801300048828 0.298039 0.243137 0.160784
v 41.824801536529428 -5.9533201140064733 10.06879997253418 0.262745 0.215686 0.141176
v 41.762201228944448 -6.0718501795628583 10.111800193786621 0.321569 0.270588 0.184314
v 42.16459876535562 -6.0869598099267535 10.02400016784668 0.278431 0.231373 0.152941
v 41.717998243598032 -5.5914698103477463 10.287199974060059 0.321569 0.266667 0.180392
v 42.073699147263987 -5.827899970588291 10.132699966430664 0.290196 0.239216 0.156863
v 42.067999229326432 -5.4804398985715466 10.324899673461914 0.305882 0.250980 0.168627
v 42.329898541791813 -5.9592398977822683 10.025400161743164 0.305882 0.250980 0.172549
v 42.159300986364656 -5.6185700438652475 10.198399543762207 0.301961 0.247059 0.168627
v 42.380400545596025 -5.6989600290671234 10.181900024414062 0.250980 0.207843 0.133333
v 42.703701866667473 -5.9390501559563518 10.142800331115723 0.282353 0.231373 0.156863
v 42.432298895164834 -5.1789098595938015 10.251700401306152 0.192157 0.156863 0.105882
v 41.841798712176626 -5.3356099006997511 10.612500190734863 0.301961 0.247059 0.168627
v 42.528598939873312 -5.6439198599470473 10.273900032043457 0.145098 0.125490 0.090196
v 42.562899380668746 -5.3383299076847521 10.265899658203125 0.082353 0.074510 0.054902
v 42.6016984647149 -5.0226098244040713 10.20419979095459 0.141176 0.121569 0.090196
v 37.84780183866976 -3.7984501781815236 9.009160041809082 0.552941 0.549020 0.505882
v 37.883898531193744 -3.8030398607374281 8.7509403228759766 0.552941 0.545098 0.501961
v 37.706201745995898 -3.9099801784508657 9.1201896667480469 0.580392 0.568627 0.525490
v 37.842198692001048 -3.1644498756270707 9.0788497924804687 0.552941 0.556863 0.517647
v 37.897299987819693 -3.3546000061904273 8.7735300064086914 0.537255 0.533333 0.490196
v 37.881100303412332 -3.767670027998566 9.3264102935791016 0.568627 0.564706 0.521569
v 37.853301790802369 -3.784810171433417 9.7021398544311523 0.564706 0.560784 0.513726
v 37.859400530093971 -3.3681200467815273 9.545680046081543 0.560784 0.564706 0.521569
v 38.068899828339099 -3.7945499815395749 8.4194602966308594 0.498039 0.478431 0.419608
v 38.032199061352017 -3.776919907219245 8.3249597549438477 0.545098 0.525490 0.474510
v 38.042299262192458 -3.8679099303546298 8.4912595748901367 0.513726 0.498039 0.447059
v 38.240700958595035 -3.6063800902399015 8.3548898696899414 0.439216 0.407843 0.356863
v 38.10839941945315 -3.4278999496109552 8.3896503448486328 0.423529 0.403922 0.364706
v 37.887401363198109 -3.0470901017994194 8.9987401962280273 0.525490 0.529412 0.486275
v 37.990300864327189 -3.7903400853650755 10.071800231933594 0.513726 0.494118 0.427451
v 37.884401595633427 -3.2026301660492464 9.8638200759887695 0.568627 0.572549 0.529412
v 37.878500677331715 -3.0432600897031037 9.336700439453125 0.552941 0.552941 0.501961
v 37.897498563318109 -3.0132798736683171 8.7370195388793945 0.498039 0.490196 0.435294
v 37.941199120231531 -2.9848498909124999 8.5566997528076172 0.478431 0.454902 0.392157
v 38.044699698804209 -3.248799973798846 8.282710075378418 0.596078 0.596078 0.556863
v 37.900301288063403 -3.0342900956762549 9.7707004547119141 0.505882 0.498039 0.431373
v 38.129401178062743 -3.5990201127164134 10.142399787902832 0.498039 0.478431 0.411765
v 38.02180147056157 -3.1911301512828274 10.054499626159668 0.537255 0.533333 0.478431
v 38.01580145290194 -2.9716101190155086 8.3230800628662109 0.525490 0.501961 0.450980
v 37.871600688351847 -3.0066600632889404 9.9913301467895508 0.478431 0.450980 0.384314
v 37.967098199186239 -3.5887598277303887 8.1446199417114258 0.603922 0.596078 0.556863
v 37.99680081625268 -3.7724400715737367 7.9172301292419434 0.560784 0.545098 0.498039
v 38.035599508614304 -3.8412299588002661 7.7001800537109375 0.494118 0.466667 0.411765
v 37.997099977213679 -3.4528600021651528 7.7357602119445801 0.572549 0.564706 0.533333
v 38.03300148964685 -2.9699801350580231 7.717710018157959 0.470588 0.447059 0.384314
v 38.032701060125049 -3.1940501001990036 7.60968017578125 0.262745 0.211765 0.145098
v 38.044498122641087 -3.4415998149394831 7.9966897964477539 0.603922 0.596078 0.556863
v 38.118700323033785 -3.5416300272324754 7.6239399909973145 0.254902 0.203922 0.141176
v 37.984001746799713 -3.3076101713231623 8.1170902252197266 0.600000 0.596078 0.560784
v 37.936400628559468 -3.032540054191351 7.5832300186157227 0.298039 0.239216 0.160784
v 38.031401629622906 -3.0727201292375597 8.0791501998901367 0.596078 0.596078 0.556863
v -18.253900417154568 -33.843600722882627 20.845199584960937 0.368627 0.380392 0.325490
v -18.398200065083074 -33.888100679914828 20.851800918579102 0.352941 0.368627 0.313726
v -18.380399929435384 -33.902799226630975 21.025999069213867 0.376471 0.388235 0.333333
v -16.059700571471694 -34.538701550568931 22.064199447631836 0.352941 0.356863 0.298039
v -16.078199603592566 -34.518299536791574 21.864200592041016 0.352941 0.356863 0.298039
v -16.324799606100896 -34.340300703721255 21.895000457763672 0.352941 0.356863 0.298039
v -16.140200374688561 -34.565600904633413 22.248199462890625 0.388235 0.388235 0.329412
v -16.098499866305701 -34.438901017263447 21.736400604248047 0.345098 0.349020 0.290196
v -15.922499892368592 -34.386800305896543 21.850500106811523 0.345098 0.349020 0.294118
v -18.212700045428619 -34.079999011019709 22.611799240112305 0.419608 0.419608 0.356863
v -17.907500128843822 -34.118600084119294 22.70989990234375 0.501961 0.482353 0.400000
v -18.048699899187568 -34.101600894387957 22.496500015258789 0.419608 0.415686 0.352941
v -17.763199813841197 -34.04749854175526 22.483499526977539 0.443137 0.435294 0.368627
v -17.678699808453644 -34.227198809229378 22.708200454711914 0.505882 0.494118 0.415686
v -17.587299622432056 -34.280200701586182 22.522600173950195 0.462745 0.450980 0.380392
v -17.502999882942959 -34.34330136145752 22.801700592041016 0.525490 0.509804 0.435294
v -17.4099001817209 -34.407700626683948 22.533599853515625 0.466667 0.450980 0.376471
v -17.09749986603174 -34.124200638501748 22.686599731445313 0.458824 0.443137 0.372549
v -16.888900385759484 -34.140799253610624 22.56450080871582 0.450980 0.447059 0.384314
v -17.275400301492255 -34.147000943756098 22.66670036315918 0.466667 0.450980 0.380392
v -16.777599636070818 -34.01359814403736 22.704700469970703 0.478431 0.474510 0.407843
v -16.27409990195838 -34.637498365178658 22.490200042724609 0.419608 0.415686 0.356863
v -16.634600036746974 -34.342799864853816 22.184099197387695 0.419608 0.415686 0.356863
v -16.154899918262572 -34.618499065809488 22.520099639892578 0.439216 0.431373 0.360784
v -16.459399829965946 -34.330900931831991 22.72450065612793 0.505882 0.490196 0.407843
v -16.478100321415468 -34.462199549675688 22.526300430297852 0.470588 0.458824 0.380392
v -16.657199901940658 -34.216799796860187 22.67180061340332 0.486275 0.478431 0.411765
v -16.325500338030338 -34.710599221715199 22.60099983215332 0.470588 0.458824 0.380392
v -16.268400476443503 -34.514000208423795 22.986700057983398 0.501961 0.482353 0.400000
v -18.605700209200336 -33.996901304004439 22.527299880981445 0.403922 0.400000 0.337255
v -18.359900287540199 -34.010600272499858 22.490900039672852 0.396078 0.400000 0.337255
v -18.528200514583318 -33.913301492700782 22.362400054931641 0.388235 0.392157 0.337255
v -18.553099967131971 -33.930701254534085 22.740299224853516 0.419608 0.411765 0.337255
v 49.864098104070592 3.8693901430111737 27.427200317382812 0.329412 0.156863 0.000000
v 49.678298294053377 3.8560605342662484 27.545299530029297 0.494118 0.337255 0.035294
v 49.712898987031053 3.8466304384571686 27.124799728393555 0.364706 0.196078 0.015686
v 49.704401834964358 3.8913596962119072 26.733600616455078 0.498039 0.349020 0.047059
v 49.845998462966179 3.8460598650777911 26.831699371337891 0.345098 0.160784 0.000000
v 50.113501347278032 4.0248000747789092 26.793899536132813 0.388235 0.219608 0.003922
v 50.051298335755575 3.9760100968420602 27.784700393676758 0.376471 0.200000 0.000000
v 50.101099704265096 4.0788597144668302 26.684799194335938 0.403922 0.250980 0.035294
v 50.084999943319247 3.9656703387787502 27.3843994140625 0.415686 0.247059 0.000000
v 50.211200479077377 3.8315295626106263 27.336200714111328 0.470588 0.364706 0.188235
v 50.273198733100628 3.8106697140061669 27.671600341796875 0.537255 0.458824 0.298039
v 50.126198272905185 3.8813302517651209 27.705900192260742 0.513726 0.364706 0.062745
v 49.742800885013622 -8.7998800172945835 31.394399642944336 0.443137 0.427451 0.121569
v 49.994599894781118 -8.8080900226138965 31.63330078125 0.513726 0.486275 0.290196
v 49.70160055956859 -9.0039000623181664 31.219400405883789 0.462745 0.462745 0.364706
v 50.041800149781977 3.8587101334950376 29.044599533081055 0.356863 0.200000 0.019608
v 49.875598506522977 3.8681100485781599 28.806699752807617 0.337255 0.152941 0.003922
v 50.216999607445587 3.9178201671657007 28.991800308227539 0.443137 0.301961 0.074510
v 50.151799768829164 3.9207295915666691 29.378200531005859 0.505882 0.349020 0.019608
v 50.295198288730205 3.8322602530764698 28.324699401855469 0.549020 0.470588 0.305882
v 50.231898371406203 3.8861398559344025 28.167200088500977 0.509804 0.419608 0.243137
v 50.054301685644305 3.9423098704457971 28.466499328613281 0.415686 0.247059 0.023529
v 50.059999022926547 3.9836705578367173 28.190900802612305 0.415686 0.239216 0.007843
v 49.776301367682493 3.8263102273318736 29.023000717163086 0.513726 0.356863 0.031373
v 49.832500123082809 3.8878495944909446 28.35099983215332 0.345098 0.160784 0.000000
v 49.691798431163079 3.8854497791248832 27.863100051879883 0.545098 0.388235 0.031373
v -14.218599989230938 -27.437899050001249 13.819999694824219 0.478431 0.435294 0.337255
v -13.946600144721515 -27.694500668796707 13.802300453186035 0.501961 0.458824 0.364706
v -14.40449979745199 -27.365599141476594 13.859399795532227 0.545098 0.494118 0.392157
v -13.817800199099338 -27.827300848993616 13.79170036315918 0.537255 0.490196 0.392157
v -14.328800343236253 -27.27179943238167 13.826600074768066 0.470588 0.427451 0.325490
v -14.060100219532728 -27.408900268820787 13.868000030517578 0.494118 0.450980 0.352941
v -13.996900337039619 -27.169600392793711 13.79580020904541 0.478431 0.431373 0.333333
v -13.816300475852358 -27.670100521298878 13.846400260925293 0.486275 0.450980 0.356863
v -14.409999644781351 -26.889600147932413 13.806400299072266 0.470588 0.411765 0.317647
v -14.195100317662764 -26.920500498999843 13.890199661254883 0.541176 0.478431 0.376471
v -13.817700347189316 -27.223000378435188 13.87600040435791 0.529412 0.462745 0.352941
v -13.485199952314133 -27.716699863000485 13.837100028991699 0.478431 0.411765 0.309804
v -13.630700186534114 -27.738999733278945 13.679300308227539 0.474510 0.403922 0.298039
v -14.712400223886902 -27.0135006973548 13.847399711608887 0.478431 0.431373 0.341176
v -15.3830002618663 -26.589500384996143 13.843600273132324 0.486275 0.447059 0.360784
v -14.681799445892011 -26.818499145249348 13.832900047302246 0.462745 0.411765 0.317647
v -15.324500350866174 -26.875700315938445 13.829999923706055 0.486275 0.447059 0.360784
v -15.606000311911998 -26.738599952609661 13.78339958190918 0.498039 0.462745 0.376471
v -15.616799926308772 -26.554700538683619 13.781800270080566 0.521569 0.486275 0.407843
v -15.543200010832152 -26.402199693485386 13.861599922180176 0.490196 0.439216 0.349020
v -15.470599873548394 -26.270399744247698 13.853899955749512 0.533333 0.486275 0.411765
v -15.754900340206746 -26.330299274038111 13.787300109863281 0.588235 0.560784 0.494118
v -15.137200288513554 -26.435500141850071 13.807600021362305 0.482353 0.435294 0.345098
v -14.520800129788199 -26.675200537359899 13.895400047302246 0.560784 0.505882 0.419608
v -14.985500067331031 -26.430399051011364 13.861000061035156 0.537255 0.494118 0.411765
v -12.98309953755097 -31.864399632132859 5.8580098152160645 0.266667 0.211765 0.125490
v -12.990399961248499 -32.177298224445565 6.3585500717163086 0.266667 0.207843 0.113725
v -13.039900563533479 -32.251101313484412 5.9966998100280762 0.270588 0.211765 0.113725
v -12.989600129502492 -32.025098988585512 5.4233098030090332 0.266667 0.207843 0.113725
v -13.010200131009583 -31.817399990001093 6.478020191192627 0.321569 0.270588 0.184314
v -12.903599913424614 -31.680998593217964 5.9507598876953125 0.447059 0.392157 0.286275
v -12.884000311838463 -31.67150105485382 6.5850601196289062 0.443137 0.384314 0.278431
v -12.951900332630771 -31.951700070128993 6.615379810333252 0.270588 0.215686 0.121569
v -13.047299983821858 -32.296399034442857 6.7228198051452637 0.290196 0.235294 0.141176
v -12.998099484471254 -32.10799861465847 6.8517799377441406 0.423529 0.360784 0.254902
v -12.981299963080346 -31.699098325770024 6.8337101936340332 0.458824 0.400000 0.290196
v -13.005300153945768 -31.688901531541035 6.6385698318481445 0.454902 0.400000 0.294118
v -12.915400290356388 -31.545601042056717 6.5129499435424805 0.474510 0.415686 0.305882
v -12.942900381377854 -31.537699397986501 6.0746002197265625 0.470588 0.411765 0.298039
v -12.931400468073775 -32.486901729501426 6.4972701072692871 0.262745 0.207843 0.113725
v -13.101000373528109 -32.688301194931626 6.2039399147033691 0.274510 0.215686 0.117647
v -13.111800116900554 -32.59049883696315 6.7972898483276367 0.360784 0.301961 0.203922
v -13.031299713824637 -32.747101868155369 6.396049976348877 0.290196 0.231373 0.137255
v -13.179600508838917 -32.853601361491599 6.6886301040649414 0.364706 0.305882 0.203922
v -13.192399754631538 -32.911800182958871 6.8752799034118652 0.427451 0.364706 0.254902
v -13.184800413193216 -32.906799525482597 6.4334101676940918 0.372549 0.309804 0.203922
v -13.10849960243263 -32.748898187926784 5.5568499565124512 0.294118 0.227451 0.121569
v -13.080799590101719 -32.511200061416559 5.6817598342895508 0.274510 0.215686 0.113725
v -14.479799633438574 -27.208899759652638 13.71560001373291 0.615686 0.552941 0.443137
v -14.88050016657894 -27.007000763140695 13.801400184631348 0.482353 0.443137 0.352941
v 12.80899996144899 23.513800082509476 8.0838699340820312 0.215686 0.152941 0.086275
v 12.938499800417503 23.705799410869872 8.0106496810913086 0.207843 0.145098 0.082353
v 12.928499660283023 23.677600736889929 8.3220901489257812 0.223529 0.160784 0.094118
v 12.710400189271013 23.68750026533678 8.8534402847290039 0.203922 0.149020 0.082353
v 12.466300420162725 23.241700817925334 9.1268301010131836 0.207843 0.149020 0.078431
v 12.8071003309459 23.683600187204888 8.6183004379272461 0.219608 0.156863 0.082353
v 12.558600227976399 23.678699318470422 9.0848398208618164 0.200000 0.137255 0.070588
v 11.916200171216474 23.611799455045002 10.223999977111816 0.560784 0.517647 0.447059
v 11.779800179768245 23.385600150253424 10.029600143432617 0.415686 0.356863 0.274510
v 11.823700128267205 23.577699751810144 9.9586296081542969 0.231373 0.156863 0.074510
v 11.773900449472876 22.669100129238018 10.420999526977539 0.392157 0.313726 0.211765
v 11.736700027460301 22.85190045300368 10.645099639892578 0.250980 0.184314 0.101961
v 11.576199654496463 22.31719927530213 11.039199829101562 0.270588 0.196078 0.101961
v 11.659900059123174 22.119099299692664 10.777799606323242 0.317647 0.227451 0.113725
v 11.458499799871447 22.04170093969168 10.72599983215332 0.145098 0.090196 0.047059
v 11.817100208829629 22.248399655873129 10.461899757385254 0.282353 0.200000 0.098039
v 11.719400220924854 23.034300343317966 10.976400375366211 0.250980 0.184314 0.101961
v 11.445999739444574 21.966800629013903 10.545700073242187 0.152941 0.098039 0.054902
v 11.562899632584731 22.130000298508037 10.221199989318848 0.329412 0.227451 0.109804
v 11.595999611884508 22.135199109213374 11.015899658203125 0.215686 0.145098 0.070588
v 11.845599969615137 22.510599914628472 10.237299919128418 0.364706 0.286275 0.172549
v 11.82540037264323 22.3805995276673 10.156200408935547 0.360784 0.266667 0.149020
v 12.211299714983625 22.4910999847678 9.8429498672485352 0.360784 0.278431 0.164706
v 11.739600068550772 23.325700137474882 9.9254999160766602 0.552941 0.501961 0.419608
v 11.538900239295458 22.00090048262382 12.163299560546875 0.160784 0.117647 0.070588
v 11.578300010978296 22.126599176720958 12.331700325012207 0.333333 0.266667 0.180392
v 11.355200402634864 21.647500354089004 12.29539966583252 0.184314 0.133333 0.078431
v 11.503300201096067 22.378100126637833 12.014100074768066 0.341176 0.286275 0.207843
v 11.545399736834838 22.201299321486999 11.815400123596191 0.200000 0.137255 0.074510
v 11.52460042658447 22.472800729163396 11.427399635314941 0.431373 0.368627 0.278431
v 11.574500265181996 22.145400866995942 11.467399597167969 0.223529 0.156863 0.074510
v 9.7051999251033862 22.739000492407314 12.608699798583984 0.760784 0.623529 0.439216
v 9.9365901428965913 23.08559989566217 12.605199813842773 0.717647 0.580392 0.388235
v 9.7749299200160635 22.916099847881213 12.399800300598145 0.662745 0.521569 0.321569
v 11.402800184003468 22.092399817765511 11.242199897766113 0.286275 0.196078 0.082353
v 11.330400022581784 21.775400069777447 11.199099540710449 0.109804 0.094118 0.066667
v 11.460500443179285 21.938100266315757 10.928899765014648 0.152941 0.098039 0.047059
v 11.492700142699391 21.861899614314325 9.9978799819946289 0.337255 0.254902 0.149020
v 11.306300126370616 21.671800206199862 10.266900062561035 0.203922 0.125490 0.058824
v 12.083800148131445 22.943099470159268 9.9267702102661133 0.325490 0.247059 0.141176
v 11.296000530707033 21.757200568826249 10.690699577331543 0.145098 0.094118 0.054902
v 10.397800269511094 23.335800235938109 10.71660041809082 0.517647 0.380392 0.152941
v 10.551399693724647 23.681399214794453 10.362500190734863 0.537255 0.423529 0.250980
v 10.391900233083788 23.510999624772239 10.14680004119873 0.552941 0.427451 0.223529
v 11.183100089282675 21.529100538827208 10.448399543762207 0.152941 0.094118 0.050980
v 11.162800442873731 21.627300640406986 10.654999732971191 0.133333 0.078431 0.043137
v 11.323799907462558 21.598399349662429 9.9745597839355469 0.313726 0.231373 0.125490
v 11.063799681927435 21.329800527832674 10.185700416564941 0.219608 0.152941 0.058824
v 11.113299889219775 21.399599228833779 10.789999961853027 0.133333 0.086275 0.050980
v 11.220800123530807 21.491500203418752 11.143199920654297 0.133333 0.094118 0.058824
v 10.894599920473865 21.154600532953737 11.099100112915039 0.164706 0.109804 0.054902
v 10.977400149673485 21.222399751291562 10.821700096130371 0.164706 0.105882 0.058824
v 10.994700070822205 21.190100669525975 10.403200149536133 0.192157 0.101961 0.050980
v 10.391799549566372 23.082399637447111 11.255999565124512 0.517647 0.380392 0.152941
v 10.844499544271457 23.468500132768668 11.305299758911133 0.513726 0.419608 0.274510
v 11.186799638711364 21.606399287282102 10.249099731445312 0.192157 0.117647 0.058824
v 10.7630003027366 21.086499778530538 10.567600250244141 0.219608 0.125490 0.058824
v 11.825099773117586 23.362400313975456 10.494799613952637 0.349020 0.290196 0.207843
v 10.576099965583012 23.68879923331599 10.69629955291748 0.533333 0.403922 0.203922
v 10.637199820039541 21.049500403297259 11.510600090026855 0.278431 0.211765 0.133333
v 10.439300167106808 21.066299653646809 10.549400329589844 0.356863 0.176471 0.058824
v 10.072200171395593 23.167799474638798 10.027600288391113 0.745098 0.576471 0.372549
v 10.046299918660111 23.080599673758627 10.447600364685059 0.533333 0.400000 0.188235
v 9.9187597046404221 23.018699182349081 10.171299934387207 0.701961 0.541176 0.341176
v 9.8454600862004327 22.75979952259928 10.602899551391602 0.584314 0.439216 0.227451
v 10.003000244942314 22.946700544864655 10.780300140380859 0.525490 0.392157 0.172549
v 10.402900126692543 21.083999199034338 11.320899963378906 0.364706 0.278431 0.188235
v 9.8713000167993528 23.239400470479296 9.9435501098632812 0.784314 0.627451 0.411765
v 9.7412900139026419 22.961400599893153 9.9745903015136719 0.800000 0.650980 0.435294
v 9.7123900770479281 22.680900513406328 10.211099624633789 0.619608 0.466667 0.254902
v 9.7416599748624435 22.767300138796344 11.039799690246582 0.537255 0.407843 0.192157
v 10.143600450394501 21.204100110837771 11.339099884033203 0.454902 0.364706 0.258824
v 9.5116698619999056 22.30120091142382 10.435600280761719 0.533333 0.396078 0.168627
v 9.5946899954890341 22.531100930122989 10.771100044250488 0.552941 0.419608 0.215686
v 9.4024498219362727 22.34799974467083 11.037500381469727 0.588235 0.462745 0.282353
v 9.462520020078216 22.389499562171835 11.224200248718262 0.584314 0.454902 0.262745
v 10.220299983846758 21.159699711181929 10.325300216674805 0.490196 0.294118 0.090196
v 9.3903301558105454 22.160299315836852 10.904899597167969 0.556863 0.427451 0.235294
v 9.5512699697264338 22.503799971577479 10.206299781799316 0.725490 0.560784 0.388235
v 9.4080799160109336 22.074399601170455 10.404600143432617 0.549020 0.419608 0.211765
v 9.4188698437162088 22.180099643376224 10.033599853515625 0.780392 0.639216 0.450980
v 9.8179499475255625 21.430800659039278 10.130200386047363 0.666667 0.564706 0.439216
v 9.7225699597065613 21.505700404675395 11.023900032043457 0.517647 0.415686 0.278431
v 9.8078900079256073 21.418799742958583 12.586600303649902 0.807843 0.694118 0.505882
v 9.5732301276696035 21.649300649379654 10.160099983215332 0.701961 0.596078 0.466667
v 10.002699854453908 21.28390003222728 10.123600006103516 0.631373 0.521569 0.337255
v 9.8501599312058374 21.512099411828416 9.9698400497436523 0.662745 0.556863 0.411765
v 9.428540118947808 22.597600170953399 9.9196901321411133 0.796078 0.650980 0.423529
v 9.6033398725455186 21.610699387398739 12.300600051879883 0.611765 0.505882 0.360784
v 9.4048600291670823 22.071700310935086 11.196800231933594 0.556863 0.427451 0.239216
v 9.4504500772694087 21.844499991096342 11.101300239562988 0.533333 0.403922 0.211765
v 9.4207902273007562 21.886700674394177 10.144399642944336 0.764706 0.647059 0.490196
v 9.5872500915990599 21.757700930427319 9.9974899291992187 0.654902 0.552941 0.427451
v 9.5288197816684601 21.751799155431826 9.9390401840209961 0.800000 0.674510 0.458824
v 9.1746900166364185 21.943900233501722 9.9558496475219727 0.803922 0.674510 0.450980
v 12.282400310454477 21.811299792132729 9.4952497482299805 0.266667 0.207843 0.137255
v 12.230099905275438 21.764899776879133 9.857609748840332 0.372549 0.290196 0.196078
v 12.475999647526351 21.550899117932602 9.0009803771972656 0.168627 0.113725 0.078431
v 12.225999653961253 22.041599796050605 9.8999900817871094 0.380392 0.294118 0.184314
v 12.059400179885415 22.014200745988205 9.0184001922607422 0.105882 0.082353 0.058824
v 12.187199754213225 21.440999510556992 9.9263095855712891 0.360784 0.282353 0.207843
v 12.305300103950685 21.47390068805089 9.7098102569580078 0.360784 0.282353 0.207843
v 12.210600194802964 22.858899392986189 8.2245903015136719 0.160784 0.117647 0.066667
v 11.322400280522402 22.007700756340853 7.8163299560546875 0.105882 0.082353 0.058824
v 12.387699632154181 23.672299491570413 9.6048202514648437 0.254902 0.172549 0.078431
v 12.22410032908715 22.904299634883728 9.8369197845458984 0.223529 0.152941 0.074510
v 11.535200388395538 22.684599754759006 12.362700462341309 0.501961 0.403922 0.270588
v 11.599600215288092 22.350000873230329 12.603099822998047 0.647059 0.529412 0.368627
v 11.615300043451271 22.013600339620211 12.587800025939941 0.517647 0.439216 0.329412
v 12.203499777523575 23.29140078863395 9.8695297241210937 0.243137 0.168627 0.086275
v 11.446900126859191 22.75929986367521 12.256500244140625 0.415686 0.329412 0.215686
v 12.191699695380862 22.286500735627101 9.8651199340820312 0.368627 0.286275 0.180392
v 11.843400222444416 23.177000401929945 9.9703197479248047 0.356863 0.266667 0.152941
v 11.60330045742603 22.056600864701409 11.322299957275391 0.121569 0.082353 0.054902
v 11.398199964728633 21.693200435441042 12.517299652099609 0.392157 0.313726 0.207843
v 11.406499854478739 22.70920007426497 11.707300186157227 0.592157 0.533333 0.439216
v 11.363900120333938 22.690299199445008 12.043600082397461 0.592157 0.533333 0.439216
v 11.564699753712034 22.100400981427526 11.73639965057373 0.278431 0.196078 0.098039
v 11.531499714463052 23.312900079362123 11.47029972076416 0.592157 0.533333 0.439216
v 11.398599459943171 22.99709916076722 12.389300346374512 0.603922 0.478431 0.294118
v 11.347199615921227 22.063399267962268 11.848400115966797 0.145098 0.105882 0.062745
v 11.292899673865804 21.717300506196011 11.605099678039551 0.172549 0.125490 0.066667
v 11.470599637826354 22.117900121006414 11.610199928283691 0.156863 0.109804 0.062745
v 10.905400232282659 21.10350045386997 12.591500282287598 0.576471 0.501961 0.392157
v 11.338100122007859 21.795699908801225 12.00730037689209 0.137255 0.105882 0.066667
v 11.097300348191311 21.308899808276465 12.360099792480469 0.329412 0.254902 0.156863
v 11.247499820599046 21.536199885027258 11.67609977722168 0.137255 0.090196 0.047059
v 11.086099582676525 21.237600346190334 12.260100364685059 0.160784 0.105882 0.054902
v 11.086799788249891 21.366200210292277 12.06350040435791 0.152941 0.101961 0.054902
v 10.992700087098456 21.214999945347245 11.872500419616699 0.176471 0.117647 0.062745
v 11.040099803377984 21.307799172827629 11.287899971008301 0.121569 0.078431 0.050980
v 10.86509972405031 21.112099101607043 12.213500022888184 0.215686 0.156863 0.090196
v 10.923000145907622 23.04259944361371 11.789699554443359 0.592157 0.533333 0.439216
v 10.532599517629592 21.024599289674029 12.583900451660156 0.678431 0.596078 0.494118
v 10.617800016194451 21.038500842542987 12.362799644470215 0.603922 0.541176 0.458824
v 10.404900046279408 21.074899208852628 12.27649974822998 0.423529 0.345098 0.250980
v 10.130899703326577 21.205199552987835 12.584099769592285 0.780392 0.674510 0.513726
v 9.6240001786929383 22.539400834866655 12.054300308227539 0.580392 0.443137 0.215686
v 9.6108300011695178 22.761800077844583 12.285499572753906 0.631373 0.494118 0.290196
v 9.8090201022151291 22.795900241441785 12.014399528503418 0.596078 0.458824 0.247059
v 9.9208698090906182 23.121199122968846 12.318400382995605 0.635294 0.490196 0.274510
v 9.8346198538892509 22.872399122886605 12.36400032043457 0.658824 0.521569 0.321569
v 9.8120899509810897 22.758299420635069 11.590700149536133 0.556863 0.423529 0.211765
v 9.5316500217829798 22.438100629420376 11.616999626159668 0.564706 0.431373 0.219608
v 9.5160800071585072 22.41159968699975 12.280400276184082 0.635294 0.501961 0.309804
v 9.6540400368524502 22.677700301829447 11.384699821472168 0.549020 0.419608 0.200000
v 9.3905096842004241 22.083399146930162 12.590999603271484 0.835294 0.705882 0.478431
v 9.4322398298481858 22.15099931666731 12.344099998474121 0.776471 0.650980 0.490196
v 9.4912097609384887 22.269699738378705 11.97089958190918 0.580392 0.443137 0.235294
v 9.3737398648404451 21.917599154038726 12.555399894714355 0.811765 0.678431 0.482353
v 9.4195097768688356 22.210799918291798 11.660599708557129 0.584314 0.454902 0.270588
v 9.413919962717614 22.028799875021036 11.940699577331543 0.572549 0.443137 0.250980
v 9.4677899762411926 21.799599443880311 12.352199554443359 0.815686 0.698039 0.521569
v 9.4884498903676899 21.755800284862602 12.584199905395508 0.870588 0.741176 0.501961
v 11.667200018753533 22.636899991826965 7.5538601875305176 0.176471 0.121569 0.070588
v 11.385600149942093 22.112499830379591 7.4527101516723633 0.090196 0.070588 0.047059
v 11.765799935091422 22.89780068980258 7.2589898109436035 0.180392 0.137255 0.054902
v 11.313500413970587 21.235200562042792 8.0556297302246094 0.113725 0.066667 0.043137
v 11.911300346417761 23.654699981415718 10.695099830627441 0.301961 0.231373 0.141176
v 10.341799929715762 23.665300949007758 9.8544397354125977 0.576471 0.450980 0.262745
v 10.392000038006586 23.668900519439489 10.179499626159668 0.576471 0.458824 0.294118
v 10.105100139365049 23.350599258636748 10.005800247192383 0.541176 0.400000 0.160784
v 11.950099808144728 23.556499286484268 11.088299751281738 0.313726 0.235294 0.129412
v 11.900800250288512 20.484099853172438 4.4877300262451172 0.105882 0.066667 0.047059
v 11.682499565647618 20.792499637361516 4.3170900344848633 0.160784 0.109804 0.062745
v 11.715500319806438 20.152899570527097 4.3332099914550781 0.188235 0.145098 0.098039
v 11.84090007515897 21.131400611817241 4.4890098571777344 0.435294 0.364706 0.286275
v 12.053500382587004 18.87889924522932 4.2730197906494141 0.254902 0.231373 0.172549
v 11.899400404796097 19.107400600641313 4.3978800773620605 0.215686 0.188235 0.141176
v 11.849800417877873 18.788499728555621 4.3668899536132812 0.309804 0.274510 0.215686
v 11.69080049659874 19.506500465308704 4.339360237121582 0.231373 0.192157 0.137255
v 11.615200374020674 19.002099704070588 4.3336801528930664 0.243137 0.200000 0.145098
v 11.850000329483009 19.749600318543514 4.4172101020812988 0.149020 0.113725 0.078431
v 12.125000150921323 18.670199889434684 4.496190071105957 0.243137 0.219608 0.176471
v 12.333799726371694 19.122000375950222 4.4991698265075684 0.250980 0.223529 0.184314
v 12.099700302792598 19.08750049756884 4.3276700973510742 0.223529 0.192157 0.137255
v 12.25389993013232 19.454100948883479 4.2426300048828125 0.270588 0.235294 0.184314
v 11.953500403351427 19.472699427430086 4.3254899978637695 0.211765 0.176471 0.133333
v 12.429800382411486 19.333599323133171 4.4402298927307129 0.243137 0.215686 0.176471
v 12.537399909696319 19.12969981091203 4.5408000946044922 0.270588 0.235294 0.192157
v 12.484900304831967 19.215700497154785 4.6125998497009277 0.258824 0.227451 0.188235
v 12.067900147618388 19.511300864450618 4.375579833984375 0.152941 0.117647 0.082353
v 12.05049988670271 19.861300334517637 4.3774600028991699 0.113725 0.078431 0.058824
v 11.646600038466204 18.752600919006227 4.1570100784301758 0.243137 0.192157 0.141176
v 12.056399892364539 20.182000212051832 4.6053500175476074 0.117647 0.074510 0.054902
v 11.852200221901057 18.39919984231733 4.4286799430847168 0.266667 0.239216 0.184314
v 12.118699565430006 19.889100002028044 4.4965000152587891 0.121569 0.086275 0.058824
v 12.226500334291245 20.123499229754202 4.6491098403930664 0.121569 0.078431 0.054902
v 35.863400124249665 23.630600057701713 16.615299224853516 0.137255 0.133333 0.101961
v 35.680098808593357 23.235699852402604 17.064899444580078 0.250980 0.239216 0.180392
v 36.060201696908621 23.957799417474916 17.126899719238281 0.396078 0.352941 0.270588
v 35.960499139547665 23.942300756758641 16.691999435424805 0.164706 0.164706 0.121569
v 35.777700290163352 23.415699021552655 16.679800033569336 0.141176 0.152941 0.117647
v 35.907400211077061 23.655699815486514 17.39430046081543 0.223529 0.231373 0.168627
v 35.71859907928183 23.421000777560266 17.509500503540039 0.266667 0.294118 0.211765
v 35.703400335463925 23.304399357452439 17.320699691772461 0.219608 0.250980 0.192157
v 35.68899945207113 23.142899145617321 17.743099212646484 0.286275 0.250980 0.168627
v 35.844701591766125 23.58390001474595 17.611499786376953 0.274510 0.278431 0.211765
v 35.734100417146351 23.134199317800949 16.952299118041992 0.403922 0.372549 0.294118
v 35.76719836359689 23.151900177579819 16.660600662231445 0.325490 0.301961 0.231373
v 35.999999094275836 23.847499326055413 17.316699981689453 0.223529 0.227451 0.180392
v 35.68380161528512 23.897299561839873 16.468399047851563 0.172549 0.172549 0.121569
v 35.668200084659588 23.651399331603216 16.384099960327148 0.133333 0.129412 0.086275
v 36.005900018124066 22.919600027120168 16.513299942016602 0.341176 0.301961 0.219608
v 35.811901784564611 22.959199435455275 16.870399475097656 0.407843 0.368627 0.294118
v 14.134900216674509 13.251500277948139 2.3028600215911865 0.474510 0.392157 0.270588
v 15.177399767808367 14.111000072203353 2.5555400848388672 0.474510 0.392157 0.270588
v 14.778100397401715 13.16179969116763 2.3362300395965576 0.474510 0.392157 0.270588
v 14.381700266026087 12.75550032205274 2.2714900970458984 0.474510 0.392157 0.270588
v 14.871200347515241 14.598499606623307 2.5879199504852295 0.474510 0.392157 0.270588
v 14.652399648091205 12.506100335336328 2.1914401054382324 0.470588 0.396078 0.282353
v 15.068600187102049 12.421299984306074 2.1440799236297607 0.478431 0.407843 0.301961
v 14.951399953241435 12.599000409315579 2.174530029296875 0.474510 0.400000 0.286275
v 14.519799751233336 12.422600285748331 2.162559986114502 0.478431 0.396078 0.274510
v 51.094400927763786 -26.554600601668426 1.1345100402832031 0.462745 0.447059 0.392157
v 50.855598739593916 -25.948900207524048 1.0629500150680542 0.552941 0.549020 0.505882
v 50.787400827175702 -26.61680078338577 1.6268600225448608 0.556863 0.552941 0.505882
v 51.253299072092091 -26.180898975761238 0.76096302270889282 0.254902 0.219608 0.145098
v 51.392701673647139 -26.941400450406491 0.88862597942352295 0.254902 0.219608 0.145098
v 51.601500866051424 -26.656900617374049 0.48748400807380676 0.254902 0.219608 0.145098
v 51.74200117018006 -26.420699786401656 0.30308499932289124 0.254902 0.219608 0.145098
v 51.593501546789412 -27.490700712392254 0.75278300046920776 0.466667 0.450980 0.396078
v 51.159099835375969 -27.09509953815359 1.4342700242996216 0.556863 0.552941 0.501961
v 50.815198326880932 -27.020199425338433 2.1740999221801758 0.556863 0.552941 0.501961
v 51.545799463067283 -27.760200412057429 1.2100900411605835 0.556863 0.552941 0.501961
v 51.769699489243067 -28.346799624122923 1.8854000568389893 0.564706 0.560784 0.513726
v 51.597901459189529 -27.9942004951331 1.4921799898147583 0.556863 0.552941 0.501961
v 51.271600804990044 -27.651700495554678 1.9417500495910645 0.556863 0.552941 0.501961
v 51.024198271486171 -27.470000110323554 2.9711298942565918 0.564706 0.560784 0.513726
v 51.358098595824231 -27.853699826615184 2.9621999263763428 0.572549 0.568627 0.521569
v 35.675401630120177 23.309200550122341 16.332799911499023 0.223529 0.211765 0.149020
v 35.474198360167975 23.761599588318404 16.104000091552734 0.211765 0.211765 0.156863
v 35.264000966074832 23.962199631178919 15.917499542236328 0.227451 0.211765 0.141176
v 35.403101646783171 23.492699234008569 15.856800079345703 0.345098 0.317647 0.239216
v 35.550000771912096 22.939699953113177 15.925700187683105 0.305882 0.294118 0.231373
v 35.514901370008374 23.873200726417963 16.329299926757813 0.180392 0.168627 0.113725
v 35.334201332284465 24.001099551110883 16.098400115966797 0.223529 0.215686 0.152941
v 35.728998383282601 23.189099822873231 17.423700332641602 0.278431 0.247059 0.176471
v 35.810399351354363 23.027301000732223 16.320999145507812 0.321569 0.294118 0.223529
v 35.801800557023626 22.939900604828381 15.629300117492676 0.356863 0.333333 0.266667
v 35.675201759449237 22.733199251716997 15.916899681091309 0.349020 0.313726 0.239216
v 35.611499981463567 22.97189936936843 16.055599212646484 0.290196 0.274510 0.207843
v 27.354599539080596 23.665099456060148 23.350799560546875 0.494118 0.450980 0.356863
v 27.457699758397553 23.74679946735921 23.787200927734375 0.349020 0.317647 0.266667
v 27.099100146456522 23.664699625838239 23.796699523925781 0.356863 0.345098 0.325490
v 26.850700508712407 23.760999603505297 24.622299194335937 0.345098 0.341176 0.321569
v 27.167099561513623 23.674799276785507 23.449899673461914 0.478431 0.439216 0.360784
v 27.160399616306108 23.76930046952566 25.1072998046875 0.337255 0.337255 0.313726
v 26.783499460812322 23.772100960261469 25.007600784301758 0.341176 0.341176 0.317647
v 27.157899178568073 23.725900138347924 24.458400726318359 0.372549 0.364706 0.345098
v 26.772300530871235 23.728500836207559 24.116800308227539 0.411765 0.396078 0.364706
v 36.017001173645895 23.275399478622148 14.950599670410156 0.384314 0.313726 0.203922
v 35.599499206593464 23.598400394074815 17.562700271606445 0.286275 0.258824 0.184314
v 32.639600422878061 15.709499742144658 -0.2710379958152771 0.082353 0.058824 0.039216
v 32.493899299991426 16.230100351039709 -0.37122899293899536 0.082353 0.058824 0.039216
v 32.284499305437862 15.78180013307167 0.022811900824308395 0.105882 0.082353 0.062745
v 34.430598709929541 15.479000533666522 -0.4547019898891449 0.082353 0.058824 0.039216
v 34.519300450828496 16.267700639494251 -0.78277599811553955 0.082353 0.058824 0.039216
v 31.793699639551392 15.949299692215504 -0.055358901619911194 0.125490 0.105882 0.082353
v -27.918099476424402 -1.6630202734372688 20.56410026550293 0.709804 0.698039 0.639216
v -27.888799265717751 -1.6054400743128099 20.767200469970703 0.713726 0.701961 0.643137
v -27.955700764625334 -1.6769901626918795 20.843399047851563 0.717647 0.705882 0.647059
v -27.810499282344296 -1.9039200719586802 20.883199691772461 0.721569 0.721569 0.658824
v -27.820900139125456 -1.8725300475530275 20.526199340820312 0.713726 0.709804 0.650980
v -27.97999910764662 -1.6341303177866848 21.264799118041992 0.717647 0.705882 0.643137
v -27.823199561331393 -2.0696299121734114 20.666000366210938 0.725490 0.725490 0.670588
v -27.785499122612265 -2.0091898745739059 20.350099563598633 0.709804 0.709804 0.650980
v -27.956300673305833 -1.6804497879176665 20.40410041809082 0.709804 0.701961 0.643137
v -27.827199059821965 -2.0047501441365512 21.058399200439453 0.721569 0.721569 0.666667
v -27.819000168672403 -1.7959497513237466 21.228300094604492 0.721569 0.717647 0.654902
v -27.938500039882001 -1.5304999056060069 19.595199584960937 0.701961 0.694118 0.647059
v -28.007500695042864 -1.4337100182363542 19.176200866699219 0.847059 0.882353 0.847059
v -28.074500356036609 -1.3363499665376537 19.581100463867188 0.913725 0.941176 0.917647
v -27.859999112542141 -1.6032198602301833 19.979900360107422 0.698039 0.686275 0.631373
v -28.04800033461342 -1.6365500164829996 21.50830078125 0.725490 0.717647 0.650980
v -27.951400236164289 -1.3866097863140681 19.945699691772461 0.898039 0.925490 0.898039
v -27.88079938407617 -1.7509098805526264 20.202800750732422 0.709804 0.698039 0.639216
v -27.7965992390167 -1.8871201362361489 19.781000137329102 0.678431 0.670588 0.619608
v -27.992799652687808 -1.3914198959990358 20.472499847412109 0.894118 0.917647 0.882353
v -27.950299529094906 -1.5367800736387949 20.307199478149414 0.705882 0.694118 0.639216
v 50.145300246169569 -4.5257000328030088 -0.010747900232672691 0.180392 0.121569 0.062745
v 49.618498812284365 -6.0015998715514201 -0.6399880051612854 0.145098 0.101961 0.054902
v 49.874301031093026 -4.6893401017460938 0.10361500084400177 0.137255 0.094118 0.050980
v 49.907199103855071 -4.133039934849748 0.22801999747753143 0.152941 0.105882 0.058824
v 47.901498835903617 -4.5078198874860531 -0.0044765500351786613 0.149020 0.109804 0.062745
v 48.323299640842528 -4.7463199640030034 -0.0047321300953626633 0.121569 0.086275 0.054902
v 47.341399120040514 -6.1018198671703914 -0.55921602249145508 0.156863 0.113725 0.066667
v 49.611100040567464 -4.9974700051985792 -0.049716901034116745 0.117647 0.082353 0.050980
v 49.333800322487868 -4.9521400334410881 -0.17244100570678711 0.109804 0.078431 0.050980
v 48.952199911803845 -4.8045099886261742 -0.32425099611282349 0.105882 0.074510 0.047059
v -17.299300053372917 -26.421400533164842 6.7874698638916016 0.615686 0.615686 0.576471
v -17.302799840484113 -26.655799104457856 6.6107401847839355 0.482353 0.450980 0.392157
v -17.476600101166923 -26.904000620953298 7.0702099800109863 0.411765 0.368627 0.298039
v -17.283899967448178 -26.497000081005979 5.8280601501464844 0.388235 0.349020 0.282353
v -17.301600270178255 -26.517799074999061 6.1629600524902344 0.584314 0.576471 0.533333
v -17.32469962934556 -26.381500834454243 5.9148898124694824 0.603922 0.607843 0.560784
v -17.264399977026528 -26.352800645669447 6.4923300743103027 0.639216 0.635294 0.592157
v -17.446000312599836 -26.786200086589645 7.2463297843933105 0.447059 0.419608 0.349020
v -17.461200175701833 -26.591799307672602 7.134699821472168 0.521569 0.513726 0.462745
v -17.492999545668795 -27.106299181731458 7.4421401023864746 0.266667 0.188235 0.086275
v -17.413800241759418 -26.489600238538003 7.0147700309753418 0.517647 0.505882 0.427451
v -17.451800295678595 -26.1574007717266 7.4244799613952637 0.619608 0.623529 0.584314
v -17.399099965758182 -26.424100660216425 7.459169864654541 0.615686 0.619608 0.556863
v -17.576100395628714 -27.384300178990884 7.4029998779296875 0.345098 0.258824 0.149020
v -17.434999604773452 -26.665699927832691 7.4498200416564941 0.458824 0.431373 0.349020
v -17.37549971250337 -26.117800493617949 7.0297298431396484 0.486275 0.427451 0.305882
v -17.310799826691436 -26.395800797627032 6.9988298416137695 0.376471 0.298039 0.196078
v -17.374299497149309 -26.966899121313304 6.9021201133728027 0.352941 0.286275 0.196078
v -17.488699610128037 -27.184500267365593 7.0834898948669434 0.313726 0.235294 0.129412
v 49.763299303286175 -8.9701298693138938 10.342599868774414 0.082353 0.062745 0.035294
v 50.079799811000925 -8.8446398669029236 10.406399726867676 0.066667 0.050980 0.031373
v 49.647498437279779 -8.7504397154028197 10.401000022888184 0.098039 0.074510 0.043137
v 48.664199755067003 -7.0541300256386705 9.8297500610351562 0.098039 0.074510 0.043137
v 48.576001005112758 -7.1236199929185489 9.7462701797485352 0.098039 0.074510 0.043137
v 48.836098971394193 -7.1828197930685178 10.005599975585937 0.090196 0.066667 0.039216
v 48.424801419034992 -7.884520085824704 9.7799301147460937 0.125490 0.090196 0.047059
v 48.469400335420289 -7.6639000094675112 9.7468299865722656 0.125490 0.094118 0.054902
v 48.317799587198351 -7.6723798555128724 9.684849739074707 0.133333 0.098039 0.058824
v 48.124498947331958 -7.5934998633572093 10.035300254821777 0.090196 0.070588 0.043137
v 48.375500438008359 -7.4269101268072006 9.9285202026367188 0.105882 0.082353 0.047059
v 48.00439959189886 -7.4727399335027087 10.125200271606445 0.137255 0.105882 0.058824
v 47.83319810257187 -7.6429998659733371 10.031000137329102 0.109804 0.082353 0.043137
v 49.365499286227134 -8.765470006902774 10.439299583435059 0.101961 0.074510 0.043137
v 49.290599561040565 -8.6356099132789552 10.231399536132812 0.109804 0.078431 0.043137
v 49.567000142489491 -8.6166400776527894 10.286499977111816 0.098039 0.074510 0.047059
v 49.684600473882043 -8.4635400289610345 10.342399597167969 0.094118 0.074510 0.039216
v 49.444999350831267 -8.1839898188836742 10.229999542236328 0.082353 0.058824 0.035294
v 49.225299644744084 -8.3965500630616532 10.250100135803223 0.129412 0.094118 0.050980
v 49.085801397845785 -8.2097100949417836 10.261699676513672 0.117647 0.090196 0.054902
v 49.585499426652831 -7.8229998532019067 10.119199752807617 0.094118 0.070588 0.043137
v 49.718499641005295 -8.0554600830684251 10.196700096130371 0.086275 0.062745 0.035294
v 49.235701052243684 -7.6703001656005085 10.035699844360352 0.090196 0.066667 0.035294
v 49.016799016596977 -7.3465800227897091 9.9956502914428711 0.090196 0.070588 0.039216
v 48.875000639556205 -7.6755200472088916 10.093400001525879 0.105882 0.086275 0.054902
v 49.309699465550963 -7.5040299380153499 10.10830020904541 0.101961 0.078431 0.043137
v 49.334001360014668 -7.9712402131101499 10.101200103759766 0.117647 0.090196 0.054902
v 48.638801251229765 -7.4708800938498996 9.792719841003418 0.101961 0.074510 0.043137
v 48.749501319636806 -7.7035202074957851 9.9241199493408203 0.113725 0.086275 0.050980
v 48.533699779116716 -8.1473600748571471 9.8510198593139648 0.125490 0.094118 0.054902
v 48.877198490766119 -7.9861498839787259 9.9322595596313477 0.109804 0.086275 0.047059
v 48.936800959599992 -8.5765000262591116 10.129400253295898 0.121569 0.090196 0.050980
v 48.661499978135581 -8.3560199623634901 9.9735403060913086 0.117647 0.086275 0.050980
v 48.956899086836501 -8.1917998721011713 9.9924497604370117 0.109804 0.086275 0.050980
v 49.197701075949055 -8.7035499904660583 10.179599761962891 0.117647 0.086275 0.050980
v 49.868501815158993 -8.330220260711485 10.388099670410156 0.070588 0.050980 0.027451
v 48.787100051181923 -7.4530200015173875 9.9786396026611328 0.117647 0.090196 0.054902
v 48.652998461644913 -7.32791973661719 9.9281501770019531 0.109804 0.082353 0.043137
v 48.355298357467191 -7.0023198323997633 9.7630701065063477 0.105882 0.078431 0.043137
v 49.961801618572593 -8.5526002590224266 10.503100395202637 0.078431 0.054902 0.031373
v 26.820400539974344 23.829200014908679 25.475500106811523 0.321569 0.317647 0.298039
v 27.477700431724429 23.783400736614681 25.282800674438477 0.388235 0.376471 0.352941
v 26.743600262150153 23.824600828179427 25.799100875854492 0.333333 0.329412 0.309804
v 27.451300496943759 23.833600363895471 25.965499877929688 0.349020 0.341176 0.313726
v -19.491399782704548 -8.1737800589571634 0.52505099773406982 0.168627 0.054902 0.050980
v -19.714000617204135 -8.0675703964635659 0.36877098679542542 0.141176 0.054902 0.047059
v -19.820200109929431 -8.0797904042909749 0.5086439847946167 0.180392 0.058824 0.054902
v -20.264699258009387 -8.2135497488202418 0.3618369996547699 0.160784 0.062745 0.054902
v -20.219700211270379 -8.3282900832355153 -0.92955398559570313 0.133333 0.050980 0.043137
v -20.680799911605959 -8.5225596967341062 0.20248199999332428 0.192157 0.082353 0.066667
v -20.984099245906577 -8.7369397457232481 0.5362820029258728 0.227451 0.101961 0.082353
v -21.089200486278685 -8.5821103167877482 0.15357199311256409 0.305882 0.129412 0.121569
v -20.792400652205117 -8.7440996654087257 0.57070201635360718 0.196078 0.090196 0.062745
v -20.64989950088875 -8.6456703071035008 0.55205702781677246 0.207843 0.086275 0.066667
v -21.108499356815003 -8.7282602429318104 0.55485302209854126 0.305882 0.129412 0.121569
v -21.549399495589512 -8.583180390400571 0.23153300583362579 0.262745 0.121569 0.101961
v -21.557300766828348 -8.7852801828616975 0.50759702920913696 0.282353 0.121569 0.109804
v -22.071200376674312 -8.3138300526973126 -0.92955398559570313 0.223529 0.113725 0.086275
v -17.282699601296713 -26.384199269330168 5.3733701705932617 0.615686 0.607843 0.560784
v -17.193700551377788 -26.521300904340876 5.2727599143981934 0.419608 0.384314 0.313726
v -17.179399917686396 -26.613300023067609 5.5353198051452637 0.568627 0.560784 0.505882
v -17.177699643341384 -26.563600278683452 5.0383901596069336 0.498039 0.470588 0.403922
v -13.160800097559786 -32.57240113134003 5.1508197784423828 0.286275 0.223529 0.121569
v -13.124199678906734 -32.274300876625489 5.0389399528503418 0.262745 0.207843 0.113725
v -13.123500154563089 -32.752599442267638 5.1410598754882812 0.294118 0.227451 0.121569
v -13.278699963515123 -32.670298493657867 4.7034101486206055 0.290196 0.227451 0.121569
v -13.403500105182957 -32.573398235199988 4.1220102310180664 0.298039 0.235294 0.141176
v -13.484699983356336 -32.460899839758611 4.3110499382019043 0.223529 0.172549 0.094118
v -13.681900599771666 -32.834901449309598 4.1573600769042969 0.254902 0.203922 0.109804
v -13.331100080945475 -32.469799875344904 4.6402401924133301 0.266667 0.207843 0.113725
v -12.96030039609343 -31.539899728467674 5.1838297843933105 0.466667 0.403922 0.290196
v -12.925600367395532 -31.661500573531441 5.0863900184631348 0.450980 0.392157 0.290196
v -13.01580031407434 -31.472401296684325 4.4926300048828125 0.400000 0.329412 0.215686
v -12.943799559227273 -31.605800057259785 4.5562601089477539 0.466667 0.407843 0.301961
v -13.022900017597294 -31.877501283109268 5.3211698532104492 0.270588 0.215686 0.129412
v -13.013900063573715 -31.766001441958622 5.1676201820373535 0.376471 0.325490 0.239216
v -13.156599458935034 -32.202098991619664 4.5786600112915039 0.227451 0.176471 0.098039
v -13.021399810935918 -31.687198387814533 4.5925698280334473 0.454902 0.396078 0.290196
v -13.012400346203663 -31.479898842457658 4.1261501312255859 0.407843 0.337255 0.219608
v -12.884399869126355 -31.815400040617419 5.2162899971008301 0.298039 0.250980 0.172549
v -13.074600273526357 -32.084298388370371 4.8247799873352051 0.254902 0.200000 0.109804
v -13.016599592098601 -31.894299613298244 4.6530799865722656 0.270588 0.211765 0.125490
v -12.924200348029217 -31.626398902107894 4.142399787902832 0.474510 0.411765 0.301961
v -13.080600547769791 -32.082201342605458 4.3171200752258301 0.313726 0.247059 0.141176
v -13.034299457861721 -31.714398366332659 4.1681399345397949 0.450980 0.392157 0.282353
v -13.017099707959801 -31.93200084190056 4.2932901382446289 0.305882 0.243137 0.141176
v -13.137300328349284 -32.034698810220107 4.0717902183532715 0.352941 0.286275 0.180392
v -13.258999866483123 -32.105099712358822 4.1796598434448242 0.313726 0.247059 0.145098
v -13.233099810187241 -32.303999822106903 4.2926797866821289 0.286275 0.223529 0.125490
v -16.098100033834498 -26.511599851063181 2.0856499671936035 0.486275 0.462745 0.396078
v -16.209499793436294 -26.495599775352673 2.0163800716400146 0.498039 0.474510 0.403922
v -16.070900270165225 -26.593299917587387 2.1703701019287109 0.450980 0.423529 0.317647
v -15.903300132236836 -26.349299336217086 2.0396900177001953 0.513726 0.478431 0.403922
v -16.354800396676751 -26.182799975290209 1.9136899709701538 0.521569 0.482353 0.407843
v -16.47750025486539 -26.65369946417627 1.9441499710083008 0.337255 0.290196 0.192157
v -16.706500332780934 -26.180500774382438 1.9315400123596191 0.525490 0.486275 0.415686
v -17.047100486964041 -26.364700860631274 2.0255498886108398 0.505882 0.458824 0.360784
v -16.812000313923363 -26.416199921473435 1.9946999549865723 0.533333 0.501961 0.423529
v -17.013500202719456 -26.585000818552544 2.0034899711608887 0.396078 0.329412 0.223529
v -16.275200191669001 -26.718699176162488 1.8419300317764282 0.435294 0.403922 0.309804
v -17.318600390244114 -26.167199718576171 1.9249099493026733 0.509804 0.462745 0.384314
v -17.236700465578679 -26.257799893353706 2.0108499526977539 0.576471 0.552941 0.482353
v -17.315700221640441 -26.38119943575856 2.0375199317932129 0.525490 0.494118 0.423529
v -17.452300332056552 -26.358699083136287 2.0812399387359619 0.505882 0.482353 0.415686
v -17.512699603952797 -26.51789956619649 2.0007901191711426 0.470588 0.439216 0.364706
v -17.544399510141488 -26.644799674117564 1.9465500116348267 0.407843 0.364706 0.266667
v -17.392599926851972 -26.605900354806522 2.0187399387359619 0.450980 0.419608 0.333333
v -17.647499582866089 -26.288300569707246 2.0215001106262207 0.560784 0.537255 0.470588
v -17.877500299027133 -26.376699056494488 2.0506598949432373 0.509804 0.490196 0.419608
v -18.01049956001566 -26.681799296518307 2.0165700912475586 0.266667 0.207843 0.125490
v -18.030999774759039 -26.500100256192525 1.9590300321578979 0.494118 0.462745 0.384314
v -18.014699826514857 -26.171099080801355 1.958299994468689 0.529412 0.498039 0.427451
v -18.335300035431146 -26.303900613291603 2.017549991607666 0.541176 0.505882 0.411765
v -18.243799545608567 -26.661999487571904 2.0573999881744385 0.243137 0.192157 0.113725
v -18.581899360400485 -26.158600183922431 1.9392499923706055 0.498039 0.454902 0.376471
v -32.130400842567354 -1.9375697092785344 0.8171200156211853 0.109804 0.066667 0.047059
v -32.652698914140984 -1.8047602597131913 0.4972819983959198 0.117647 0.070588 0.050980
v -33.180600042520894 -2.7591399586448233 -0.92955398559570313 0.121569 0.074510 0.050980
v -32.280699474373137 -1.8655299936060601 1.2041900157928467 0.117647 0.070588 0.050980
v -32.142000223773721 -1.791490015245131 1.341920018196106 0.109804 0.058824 0.043137
v -32.109300459675751 -29.124398243424025 -0.4396040141582489 0.066667 0.054902 0.039216
v -32.036900115597632 -26.426899645805406 -1.2941999435424805 0.062745 0.050980 0.035294
v -31.329000055619304 -28.695500451309613 -0.92955398559570313 0.078431 0.058824 0.039216
v -32.187301005776817 -29.135901309680662 -0.24709700047969818 0.050980 0.043137 0.031373
v -32.271999856969956 -28.612899344294078 0.30131000280380249 0.050980 0.043137 0.035294
v -32.692299708140695 -27.811100963428544 0.74839800596237183 0.050980 0.043137 0.035294
v -32.456699868060355 -28.940499177237939 -0.86757498979568481 0.054902 0.047059 0.031373
v 3.524929893756223 0.80023404913943352 3.6745998859405518 0.447059 0.356863 0.215686
v 3.4557200481222345 0.22471798678299848 3.6263999938964844 0.321569 0.243137 0.152941
v 3.4527399651686395 1.2516399613966058 3.5980899333953857 0.380392 0.266667 0.164706
v 3.4748100160610953 0.042849798749507784 3.6165099143981934 0.403922 0.309804 0.192157
v 3.4316700983499686 -0.92963302872273346 3.6134400367736816 0.349020 0.270588 0.168627
v 3.5440398869169485 1.237380026016794 3.6751699447631836 0.431373 0.337255 0.203922
v 3.4665500168602534 1.8428499292423197 3.6467599868774414 0.329412 0.243137 0.137255
v 50.022300769634768 -8.1608201813062919 31.831499099731445 0.352941 0.364706 0.290196
v 50.207599165939328 -7.7335899361842451 31.679100036621094 0.454902 0.431373 0.325490
v 50.094199077837246 -8.2767398701386412 31.791500091552734 0.423529 0.427451 0.337255
v 50.891799967305019 -12.852699797940886 36.926101684570313 0.584314 0.513726 0.372549
v 51.859399430657078 -12.196499710140017 34.434501647949219 0.584314 0.513726 0.372549
v 51.087501275307744 -12.149000149015535 36.622001647949219 0.584314 0.513726 0.376471
v 51.166801876363365 -13.550999808253664 37.150199890136719 0.584314 0.513726 0.372549
v 49.962600872206792 -9.4047698469995566 31.663999557495117 0.580392 0.525490 0.396078
v 49.559299201357504 -9.4729997340003251 31.569099426269531 0.505882 0.466667 0.345098
v 49.586101407469329 -9.2366300361741764 31.556600570678711 0.447059 0.462745 0.388235
v 50.276499205665615 -7.4628099392328693 31.527000427246094 0.466667 0.427451 0.309804
v 50.337801697470951 -7.1808801459361007 31.668699264526367 0.505882 0.474510 0.364706
v 50.461201750389762 -7.4368300611591849 31.436500549316406 0.584314 0.525490 0.400000
v 50.388600084540556 -6.9786000132304764 31.795700073242187 0.541176 0.505882 0.396078
v 50.369299105788542 -7.8475900081783152 31.724000930786133 0.407843 0.376471 0.274510
v 50.393600372501126 -8.0645001471226863 31.722799301147461 0.431373 0.403922 0.298039
v 50.423299649597013 -8.3360599855930957 31.874000549316406 0.384314 0.368627 0.262745
v 50.417101467529875 -8.8321499559654626 31.893499374389648 0.443137 0.400000 0.239216
v 50.084701282563785 -8.491730134536823 31.850900650024414 0.403922 0.392157 0.274510
v 49.930901420481149 -9.0781299903910053 31.622900009155273 0.525490 0.482353 0.345098
v 50.369701474627504 -9.0391399539109898 31.991600036621094 0.505882 0.478431 0.337255
v 50.416399192733593 -9.4069896967796467 31.929800033569336 0.494118 0.474510 0.345098
v 50.299898480832013 -9.4116200641051933 31.996999740600586 0.584314 0.533333 0.400000
v 50.365999778484195 -9.6754400376324838 32.166698455810547 0.568627 0.521569 0.396078
v 49.698299470201619 -8.8381997646547461 31.654300689697266 0.462745 0.431373 0.262745
v 49.680098670273082 -8.9433198962626648 31.768699645996094 0.458824 0.439216 0.298039
v 49.709900797909341 -9.585160004405509 31.658199310302734 0.513726 0.470588 0.352941
v -5.8201199247317845 -13.180100012336737 34.230998992919922 0.882353 0.803922 0.635294
v -6.295389803236219 -12.033800138445798 34.180999755859375 0.913725 0.870588 0.721569
v -5.8201199847280236 -13.200800396625823 33.756500244140625 0.831373 0.717647 0.533333
v -6.2953897727432491 -12.054499573363273 33.706401824951172 0.913725 0.870588 0.721569
v 1.6640601138694535 -14.185199842488359 33.799400329589844 0.564706 0.486275 0.352941
v 2.4201199056148255 -13.200800269492007 33.756500244140625 0.560784 0.478431 0.341176
v 1.6640598460335809 -14.164500384948582 34.273998260498047 0.596078 0.494118 0.352941
v 2.4201199656110646 -13.180099885202921 34.230998992919922 0.541176 0.474510 0.341176
v -0.46866798928530784 -6.2332999244483318 33.452301025390625 0.745098 0.545098 0.345098
v -1.7000000001913946 -6.0713400046667587 33.445201873779297 0.721569 0.537255 0.368627
v -0.46866798783743668 -6.2125798956489158 33.926799774169922 0.694118 0.552941 0.403922
v -1.6999999839095921 -6.0506199772812366 33.919700622558594 0.623529 0.509804 0.360784
v -6.295389826078349 -12.013000114617114 34.655498504638672 0.917647 0.874510 0.717647
v -5.8201198647355454 -13.159399628047652 34.705600738525391 0.894118 0.835294 0.674510
v 1.6640600605343536 -14.1437003837422 34.748500823974609 0.650980 0.509804 0.356863
v 2.4201199351180946 -13.159400450285446 34.705600738525391 0.533333 0.470588 0.341176
v -0.46866798638956553 -6.1918598668494997 34.401401519775391 0.713726 0.545098 0.380392
v -1.6999999676277895 -6.0298999498957144 34.394298553466797 0.619608 0.509804 0.356863
v -6.2953897660821099 -11.992299730328028 35.130100250244141 0.901961 0.862745 0.705882
v -5.8201198875776754 -13.138599604218967 35.180099487304687 0.909804 0.850980 0.670588
v 1.66405988318769 -14.122999976830812 35.223098754882813 0.584314 0.501961 0.376471
v 2.4201199122759647 -13.138600426456762 35.180099487304687 0.529412 0.462745 0.337255
v -0.46866798494169437 -6.1711398380500837 34.875900268554688 0.623529 0.513726 0.368627
v -1.6999999521110709 -6.0091899814013132 34.868801116943359 0.615686 0.505882 0.356863
v -6.2953897965750798 -11.971600295410553 35.604598999023438 0.901961 0.858824 0.705882
v -5.8201199180706453 -13.117900169301492 35.654701232910156 0.800000 0.674510 0.501961
v 2.4201199722722038 -13.117900042167676 35.654701232910156 0.537255 0.470588 0.341176
v 1.6640599431839291 -14.102299592541726 35.697601318359375 0.619608 0.490196 0.337255
v -0.46866798349382321 -6.1504198092506677 35.350498199462891 0.721569 0.568627 0.407843
v -1.6999999358292683 -5.9884699540157911 35.343399047851563 0.615686 0.505882 0.352941
v -5.8201198580744062 -13.097199785012407 36.129199981689453 0.913725 0.882353 0.729412
v -6.295390211264646 -11.950899865876863 36.079200744628906 0.901961 0.858824 0.701961
v 1.6640599126909592 -14.081600157624251 36.172199249267578 0.545098 0.478431 0.349020
v 2.4201200322684429 -13.097199657878591 36.129199981689453 0.529412 0.462745 0.337255
v -0.46866798204595206 -6.1296997804512516 35.825000762939453 0.615686 0.509804 0.364706
v -1.7000000382189171 -5.9677499153191178 35.817901611328125 0.611765 0.501961 0.352941
v -6.295390241757616 -11.930200430959388 36.553699493408203 0.894118 0.850980 0.694118
v -5.8201198885673762 -13.076500350094932 36.603801727294922 0.796078 0.674510 0.513726
v 1.6640599726871983 -14.060899773335166 36.646701812744141 0.600000 0.490196 0.352941
v 2.4201200017754729 -13.076500222961116 36.603801727294922 0.533333 0.466667 0.333333
v -0.4686680184257197 -6.1089802270445883 36.299598693847656 0.694118 0.549020 0.384314
v -1.7000000219371145 -5.9470298879335957 36.292499542236328 0.619608 0.505882 0.352941
v -6.2953902645997459 -11.909400407130704 37.028301239013672 0.905882 0.866667 0.705882
v -5.8201198285711371 -13.055799965805846 37.078300476074219 0.917647 0.878431 0.721569
v 2.420120061771712 -13.05579983867203 37.078300476074219 0.529412 0.462745 0.333333
v 1.6640599498450683 -14.040099749506481 37.121299743652344 0.545098 0.478431 0.349020
v -0.46866801697784854 -6.0882601982451714 36.774101257324219 0.619608 0.509804 0.360784
v -1.700000005655312 -5.9263098605480735 36.766998291015625 0.619608 0.505882 0.356863
v -5.820119851413267 -13.034999941977162 37.552898406982422 0.800000 0.690196 0.513726
v -6.2953902046035068 -11.888700022841618 37.502799987792969 0.909804 0.866667 0.701961
v 2.4201200389295821 -13.034999814843346 37.552898406982422 0.541176 0.466667 0.337255
v 1.6640599193520984 -14.019400314589006 37.595798492431641 0.592157 0.482353 0.349020
v -0.46866801552997739 -6.0675401694457562 37.248600006103516 0.694118 0.556863 0.403922
v -1.6999999893735094 -5.9055898331625514 37.241600036621094 0.627451 0.509804 0.352941
v -5.820119791417028 -13.014299557688076 38.027400970458984 0.917647 0.874510 0.709804
v -6.2953901446072678 -11.867999638552533 37.977401733398438 0.913725 0.870588 0.698039
v 1.6640599793483375 -13.998699930299921 38.070400238037109 0.662745 0.564706 0.443137
v 2.4201200084366121 -13.014300379925871 38.027400970458984 0.533333 0.462745 0.333333
v -1.6999999730917068 -5.8848698057770292 37.716098785400391 0.615686 0.505882 0.352941
v -0.46866801408210623 -6.0468201406463393 37.723201751708984 0.631373 0.513726 0.368627
v -6.2953901751002377 -11.847300203635058 38.451900482177734 0.917647 0.874510 0.701961
v -5.8201198219099979 -12.993600122770602 38.501899719238281 0.772549 0.666667 0.521569
v 1.6640600393445766 -13.977999546010835 38.544898986816406 0.623529 0.517647 0.392157
v 2.4201200684328512 -12.993599995636785 38.501899719238281 0.541176 0.466667 0.333333
v -0.46866801263423508 -6.0261001118469242 38.197700500488281 0.670588 0.545098 0.396078
v -1.6999999568099042 -5.8641497783915071 38.190700531005859 0.627451 0.505882 0.352941
v -5.8201197619137588 -12.972899738481516 38.97650146484375 0.823529 0.745098 0.576471
v -6.2953901151039986 -11.826599819345972 38.926399230957031 0.913725 0.866667 0.694118
v 1.6640600088516067 -13.95730011109336 39.019500732421875 0.690196 0.588235 0.458824
v 2.4201201284290903 -12.9728996113477 38.97650146484375 0.541176 0.470588 0.337255
v -0.46866801195144792 -6.0053901419386282 38.672298431396484 0.650980 0.533333 0.388235
v -1.6999999857727062 -5.8434302256917903 38.665199279785156 0.619608 0.505882 0.356863
v -6.2953901379461286 -11.805799795517288 39.4010009765625 0.894118 0.819608 0.627451
v -5.8201197924067287 -12.952200303564041 39.451000213623047 0.890196 0.831373 0.647059
v 1.6640599860094767 -13.936500087264676 39.493999481201172 0.549020 0.474510 0.321569
v 2.4201200979361204 -12.952200176430225 39.451000213623047 0.545098 0.466667 0.313726
v -0.46866801050357676 -5.984670113139213 39.146800994873047 0.705882 0.592157 0.431373
v -1.6999999694909036 -5.8227101983062681 39.139801025390625 0.686275 0.576471 0.427451
v -5.8201199247317845 -13.180100012336737 34.230998992919922 0.811765 0.694118 0.533333
v -5.8201199847280236 -13.200800396625823 33.756500244140625 0.725490 0.537255 0.345098
v -6.295389803236219 -12.033800138445798 34.180999755859375 0.784314 0.407843 0.168627
v -6.2953897727432491 -12.054499573363273 33.706401824951172 0.741176 0.498039 0.294118
v 1.6640601138694535 -14.185199842488359 33.799400329589844 0.772549 0.521569 0.309804
v 1.6640598460335809 -14.164500384948582 34.273998260498047 0.749020 0.490196 0.290196
v 2.4201199056148255 -13.200800269492007 33.756500244140625 0.772549 0.427451 0.184314
v 2.4201199656110646 -13.180099885202921 34.230998992919922 0.772549 0.360784 0.094118
v -1.6999999839095921 -6.0506199772812366 33.919700622558594 0.760784 0.384314 0.109804
v -1.7000000001913946 -6.0713400046667587 33.445201873779297 0.729412 0.392157 0.149020
v -0.46866798783743668 -6.2125798956489158 33.926799774169922 0.729412 0.427451 0.211765
v -0.46866798928530784 -6.2332999244483318 33.452301025390625 0.729412 0.427451 0.211765
v -6.295389826078349 -12.013000114617114 34.655498504638672 0.737255 0.407843 0.168627
v -5.8201198647355454 -13.159399628047652 34.705600738525391 0.835294 0.623529 0.443137
v 1.6640600605343536 -14.1437003837422 34.748500823974609 0.796078 0.505882 0.286275
v 2.4201199351180946 -13.159400450285446 34.705600738525391 0.760784 0.431373 0.160784
v -1.6999999676277895 -6.0298999498957144 34.394298553466797 0.768627 0.427451 0.160784
v -0.46866798638956553 -6.1918598668494997 34.401401519775391 0.737255 0.533333 0.337255
v -6.2953897660821099 -11.992299730328028 35.130100250244141 0.733333 0.427451 0.188235
v -5.8201198875776754 -13.138599604218967 35.180099487304687 0.796078 0.643137 0.501961
v 1.66405988318769 -14.122999976830812 35.223098754882813 0.756863 0.458824 0.247059
v 2.4201199122759647 -13.138600426456762 35.180099487304687 0.737255 0.380392 0.125490
v -0.46866798494169437 -6.1711398380500837 34.875900268554688 0.760784 0.411765 0.141176
v -1.6999999521110709 -6.0091899814013132 34.868801116943359 0.752941 0.380392 0.129412
v -6.2953897965750798 -11.971600295410553 35.604598999023438 0.690196 0.407843 0.156863
v -5.8201199180706453 -13.117900169301492 35.654701232910156 0.772549 0.603922 0.427451
v 2.4201199722722038 -13.117900042167676 35.654701232910156 0.745098 0.423529 0.156863
v 1.6640599431839291 -14.102299592541726 35.697601318359375 0.737255 0.482353 0.274510
v -0.46866798349382321 -6.1504198092506677 35.350498199462891 0.713726 0.501961 0.301961
v -1.6999999358292683 -5.9884699540157911 35.343399047851563 0.749020 0.431373 0.180392
v -5.8201198580744062 -13.097199785012407 36.129199981689453 0.721569 0.419608 0.164706
v -6.295390211264646 -11.950899865876863 36.079200744628906 0.682353 0.419608 0.172549
v 1.6640599126909592 -14.081600157624251 36.172199249267578 0.701961 0.423529 0.180392
v 2.4201200322684429 -13.097199657878591 36.129199981689453 0.709804 0.407843 0.160784
v -0.46866798204595206 -6.1296997804512516 35.825000762939453 0.717647 0.427451 0.160784
v -1.7000000382189171 -5.9677499153191178 35.817901611328125 0.694118 0.407843 0.160784
v -6.295390241757616 -11.930200430959388 36.553699493408203 0.690196 0.443137 0.200000
v -5.8201198885673762 -13.076500350094932 36.603801727294922 0.768627 0.631373 0.466667
v 1.6640599726871983 -14.060899773335166 36.646701812744141 0.705882 0.509804 0.313726
v 2.4201200017754729 -13.076500222961116 36.603801727294922 0.721569 0.435294 0.176471
v -0.4686680184257197 -6.1089802270445883 36.299598693847656 0.690196 0.509804 0.325490
v -1.7000000219371145 -5.9470298879335957 36.292499542236328 0.717647 0.458824 0.239216
v -6.2953902645997459 -11.909400407130704 37.028301239013672 0.682353 0.439216 0.188235
v -5.8201198285711371 -13.055799965805846 37.078300476074219 0.670588 0.423529 0.172549
v 2.420120061771712 -13.05579983867203 37.078300476074219 0.698039 0.431373 0.180392
v 1.6640599498450683 -14.040099749506481 37.121299743652344 0.725490 0.447059 0.200000
v -0.46866801697784854 -6.0882601982451714 36.774101257324219 0.733333 0.478431 0.250980
v -1.700000005655312 -5.9263098605480735 36.766998291015625 0.713726 0.454902 0.219608
v -5.820119851413267 -13.034999941977162 37.552898406982422 0.780392 0.658824 0.505882
v -6.2953902046035068 -11.888700022841618 37.502799987792969 0.705882 0.450980 0.211765
v 2.4201200389295821 -13.034999814843346 37.552898406982422 0.713726 0.447059 0.211765
v 1.6640599193520984 -14.019400314589006 37.595798492431641 0.721569 0.533333 0.352941
v -0.46866801552997739 -6.0675401694457562 37.248600006103516 0.690196 0.521569 0.349020
v -1.6999999893735094 -5.9055898331625514 37.241600036621094 0.717647 0.474510 0.254902
v -5.820119791417028 -13.014299557688076 38.027400970458984 0.717647 0.454902 0.219608
v -6.2953901446072678 -11.867999638552533 37.977401733398438 0.709804 0.454902 0.219608
v 2.4201200084366121 -13.014300379925871 38.027400970458984 0.705882 0.431373 0.184314
v 1.6640599793483375 -13.998699930299921 38.070400238037109 0.709804 0.525490 0.349020
v -1.6999999730917068 -5.8848698057770292 37.716098785400391 0.725490 0.462745 0.231373
v -0.46866801408210623 -6.0468201406463393 37.723201751708984 0.705882 0.486275 0.266667
v -6.2953901751002377 -11.847300203635058 38.451900482177734 0.725490 0.470588 0.243137
v -5.8201198219099979 -12.993600122770602 38.501899719238281 0.780392 0.666667 0.486275
v 1.6640600393445766 -13.977999546010835 38.544898986816406 0.701961 0.541176 0.368627
v 2.4201200684328512 -12.993599995636785 38.501899719238281 0.701961 0.454902 0.223529
v -1.6999999568099042 -5.8641497783915071 38.190700531005859 0.725490 0.494118 0.290196
v -0.46866801263423508 -6.0261001118469242 38.197700500488281 0.686275 0.517647 0.349020
v -5.8201197619137588 -12.972899738481516 38.97650146484375 0.741176 0.482353 0.254902
v -6.2953901151039986 -11.826599819345972 38.926399230957031 0.737255 0.482353 0.258824
v 1.6640600088516067 -13.95730011109336 39.019500732421875 0.694118 0.490196 0.282353
v 2.4201201284290903 -12.9728996113477 38.97650146484375 0.666667 0.415686 0.172549
v -1.6999999857727062 -5.8434302256917903 38.665199279785156 0.690196 0.466667 0.250980
v -0.46866801195144792 -6.0053901419386282 38.672298431396484 0.686275 0.474510 0.270588
v -6.2953901379461286 -11.805799795517288 39.4010009765625 0.811765 0.725490 0.549020
v -5.8201197924067287 -12.952200303564041 39.451000213623047 0.792157 0.698039 0.513726
v 1.6640599860094767 -13.936500087264676 39.493999481201172 0.713726 0.611765 0.462745
v 2.4201200979361204 -12.952200176430225 39.451000213623047 0.733333 0.603922 0.443137
v -0.46866801050357676 -5.984670113139213 39.146800994873047 0.745098 0.545098 0.360784
v -1.6999999694909036 -5.8227101983062681 39.139801025390625 0.698039 0.509804 0.321569
v -6.4575001182377605 -10.824299770771717 33.652698516845703 0.913725 0.870588 0.705882
v -6.4575001487307304 -10.803600335854242 34.127300262451172 0.929412 0.890196 0.741176
v 0.6787500408319147 -14.940500270989162 33.832401275634766 0.556863 0.486275 0.352941
v 0.67875010082815379 -14.919799886700076 34.306999206542969 0.556863 0.486275 0.352941
v 0.67874994248637677 -6.6873999978589893 33.947498321533203 0.631373 0.521569 0.372549
v 0.67875004487602553 -6.7081200365556626 33.472999572753906 0.796078 0.658824 0.486275
v -6.4575000887344913 -10.782899951565156 34.601799011230469 0.925490 0.886275 0.733333
v 0.67875007033518386 -14.899100451782601 34.781501770019531 0.545098 0.474510 0.345098
v 0.67874995876817934 -6.6666799704734672 34.422100067138672 0.627451 0.513726 0.372549
v -6.4575000287382522 -10.76219956727607 35.076400756835938 0.917647 0.878431 0.721569
v 0.67874989298852029 -14.878400044871213 35.256099700927734 0.549020 0.478431 0.352941
v 0.67874997504998191 -6.645959943087945 34.896598815917969 0.623529 0.513726 0.368627
v -6.4575000515803822 -10.741399543447386 35.550899505615234 0.917647 0.878431 0.717647
v 0.67875010748929299 -14.857600043664831 35.730598449707031 0.545098 0.474510 0.345098
v 0.67874999133178449 -6.6252399157024229 35.371200561523438 0.627451 0.513726 0.368627
v -6.4575000820733521 -10.720700108529911 36.025501251220703 0.878431 0.839216 0.670588
v 0.67874993014262941 -14.836899636753444 36.2052001953125 0.541176 0.474510 0.345098
v 0.67875000761358706 -6.6045198883169007 35.845699310302734 0.619608 0.509804 0.368627
v -6.457500022077113 -10.699999724240826 36.5 0.917647 0.874510 0.709804
v 0.67874989964965948 -14.816200201835969 36.679698944091797 0.545098 0.474510 0.345098
v 0.67875002313030564 -6.5838099198224995 36.320301055908203 0.623529 0.509804 0.364706
v -6.457500052570083 -10.679300289323351 36.974498748779297 0.925490 0.886275 0.721569
v 0.67874995964589857 -14.795499817546883 37.154300689697266 0.545098 0.478431 0.349020
v 0.67875003941210821 -6.5630898924369774 36.7947998046875 0.619608 0.513726 0.372549
v -6.4574999925738439 -10.658599905034265 37.449100494384766 0.925490 0.882353 0.713726
v 0.67874992915292864 -14.774800382629408 37.628799438476562 0.549020 0.478431 0.349020
v 0.67875005569391078 -6.5423698650514552 37.269401550292969 0.627451 0.513726 0.368627
v -6.4575000154159738 -10.637799881205581 37.923599243164063 0.929412 0.886275 0.713726
v 0.67874990631079868 -14.754000358800724 38.103401184082031 0.556863 0.478431 0.349020
v 0.67875007197571335 -6.5216498376659331 37.743900299072266 0.615686 0.509804 0.364706
v -6.4575000459089438 -10.617100446288106 38.398200988769531 0.929412 0.886275 0.709804
v 0.67874996630703777 -14.733299974511638 38.577899932861328 0.560784 0.490196 0.360784
v 0.67874996958606459 -6.5009297989692598 38.218498229980469 0.627451 0.517647 0.372549
v -6.4574999859127047 -10.59640006199902 38.872699737548828 0.925490 0.882353 0.701961
v 0.67875002630327685 -14.712599590222553 39.052501678466797 0.560784 0.486275 0.356863
v 0.67874998586786717 -6.4802097715837377 38.693000793457031 0.662745 0.549020 0.407843
v -6.4574999259164656 -10.575699677709935 39.347301483154297 0.870588 0.792157 0.619608
v 0.67874999581030693 -14.691900155305078 39.527000427246094 0.564706 0.490196 0.349020
v 0.67874995690506523 -6.4594902188840209 39.167598724365234 0.658824 0.552941 0.396078
v -6.4575001182377605 -10.824299770771717 33.652698516845703 0.784314 0.407843 0.156863
v -6.4575001487307304 -10.803600335854242 34.127300262451172 0.803922 0.435294 0.168627
v 0.67875010082815379 -14.919799886700076 34.306999206542969 0.768627 0.478431 0.254902
v 0.6787500408319147 -14.940500270989162 33.832401275634766 0.788235 0.584314 0.376471
v 0.67874994248637677 -6.6873999978589893 33.947498321533203 0.760784 0.407843 0.172549
v 0.67875004487602553 -6.7081200365556626 33.472999572753906 0.721569 0.411765 0.184314
v -6.4575000887344913 -10.782899951565156 34.601799011230469 0.764706 0.415686 0.160784
v 0.67875007033518386 -14.899100451782601 34.781501770019531 0.756863 0.443137 0.180392
v 0.67874995876817934 -6.6666799704734672 34.422100067138672 0.713726 0.356863 0.101961
v -6.4575000287382522 -10.76219956727607 35.076400756835938 0.756863 0.423529 0.156863
v 0.67874989298852029 -14.878400044871213 35.256099700927734 0.780392 0.462745 0.196078
v 0.67874997504998191 -6.645959943087945 34.896598815917969 0.733333 0.372549 0.121569
v -6.4575000515803822 -10.741399543447386 35.550899505615234 0.733333 0.450980 0.211765
v 0.67875010748929299 -14.857600043664831 35.730598449707031 0.745098 0.462745 0.223529
v 0.67874999133178449 -6.6252399157024229 35.371200561523438 0.701961 0.372549 0.113725
v -6.4575000820733521 -10.720700108529911 36.025501251220703 0.698039 0.427451 0.164706
v 0.67874993014262941 -14.836899636753444 36.2052001953125 0.717647 0.478431 0.254902
v 0.67875000761358706 -6.6045198883169007 35.845699310302734 0.674510 0.372549 0.109804
v -6.457500022077113 -10.699999724240826 36.5 0.686275 0.439216 0.192157
v 0.67874989964965948 -14.816200201835969 36.679698944091797 0.713726 0.466667 0.239216
v 0.67875002313030564 -6.5838099198224995 36.320301055908203 0.674510 0.415686 0.164706
v -6.457500052570083 -10.679300289323351 36.974498748779297 0.690196 0.431373 0.180392
v 0.67874995964589857 -14.795499817546883 37.154300689697266 0.713726 0.470588 0.250980
v 0.67875003941210821 -6.5630898924369774 36.7947998046875 0.690196 0.435294 0.184314
v -6.4574999925738439 -10.658599905034265 37.449100494384766 0.705882 0.447059 0.203922
v 0.67874992915292864 -14.774800382629408 37.628799438476562 0.701961 0.462745 0.235294
v 0.67875005569391078 -6.5423698650514552 37.269401550292969 0.705882 0.450980 0.203922
v -6.4575000154159738 -10.637799881205581 37.923599243164063 0.733333 0.462745 0.219608
v 0.67874990631079868 -14.754000358800724 38.103401184082031 0.713726 0.474510 0.247059
v 0.67875007197571335 -6.5216498376659331 37.743900299072266 0.709804 0.447059 0.200000
v -6.4575000459089438 -10.617100446288106 38.398200988769531 0.741176 0.482353 0.254902
v 0.67874996630703777 -14.733299974511638 38.577899932861328 0.694118 0.462745 0.239216
v 0.67874996958606459 -6.5009297989692598 38.218498229980469 0.713726 0.470588 0.243137
v -6.4574999859127047 -10.59640006199902 38.872699737548828 0.745098 0.482353 0.250980
v 0.67875002630327685 -14.712599590222553 39.052501678466797 0.674510 0.447059 0.211765
v 0.67874998586786717 -6.4802097715837377 38.693000793457031 0.721569 0.439216 0.192157
v -6.4574999259164656 -10.575699677709935 39.347301483154297 0.800000 0.713726 0.533333
v 0.67874999581030693 -14.691900155305078 39.527000427246094 0.717647 0.623529 0.478431
v 0.67874995690506523 -6.4594902188840209 39.167598724365234 0.725490 0.545098 0.360784
v -6.2953899369933879 -9.5941602980523726 33.5989990234375 0.921569 0.874510 0.682353
v -6.2953898754669808 -9.5734397959810451 34.073600769042969 0.909804 0.862745 0.701961
v -0.46866801478790876 -15.394600099464327 34.327701568603516 0.556863 0.486275 0.356863
v -0.46866798429493883 -15.415299534381802 33.853199005126953 0.619608 0.478431 0.329412
v 1.6640599514177836 -7.4634599634861303 33.506000518798828 0.729412 0.486275 0.294118
v 1.6640599676995862 -7.4427399361006081 33.980499267578125 0.596078 0.498039 0.356863
v -6.2953899044297827 -9.5527202432813283 34.548099517822266 0.905882 0.862745 0.694118
v -0.46866795479166967 -15.373899715175241 34.802299499511719 0.572549 0.494118 0.360784
v 1.6640599839813888 -7.422019908715086 34.455101013183594 0.600000 0.501961 0.360784
v -6.2953898429033757 -9.5319997412100008 35.022598266601562 0.901961 0.854902 0.686275
v -0.46866804462036527 -15.353200274602191 35.276798248291016 0.552941 0.490196 0.364706
v 1.6640600002631913 -7.4012998813295638 34.929599761962891 0.592157 0.498039 0.356863
v -6.2953898718661776 -9.511280188510284 35.497200012207031 0.901961 0.854902 0.682353
v -0.46866798462412618 -15.332499890313105 35.751399993896484 0.568627 0.494118 0.368627
v 1.6640600165449939 -7.3805798539440417 35.404201507568359 0.600000 0.505882 0.364706
v -6.2953898103397705 -9.4905596864389565 35.971698760986328 0.898039 0.854902 0.686275
v -0.46866800746625614 -15.311699866484421 36.225898742675781 0.556863 0.494118 0.372549
v 1.6640600328267965 -7.3598598265585196 35.878700256347656 0.592157 0.498039 0.352941
v -6.2953898393025725 -9.4698401337392397 36.446300506591797 0.898039 0.850980 0.674510
v -0.46866803795922607 -15.291000431566946 36.700401306152344 0.568627 0.498039 0.372549
v 1.6640600491085991 -7.3391397991729974 36.353298187255859 0.596078 0.498039 0.360784
v -6.2953897777761654 -9.4491196316679122 36.920799255371094 0.905882 0.858824 0.678431
v -0.46866797796298698 -15.270300047277861 37.174999237060547 0.560784 0.494118 0.368627
v 1.6640600653904016 -7.3184197717874753 36.827800750732422 0.592157 0.498039 0.356863
v -6.2953898067389673 -9.4284000789681954 37.395401000976562 0.905882 0.854902 0.674510
v -0.46866797730247356 -15.249599657333199 37.649501800537109 0.568627 0.501961 0.376471
v 1.6640600364275997 -7.2977002190877585 37.302398681640625 0.600000 0.501961 0.360784
v -6.2953897452125602 -9.407679576896868 37.869899749755859 0.913725 0.862745 0.678431
v -0.46866800779544349 -15.228900222415724 38.124099731445313 0.576471 0.505882 0.380392
v 1.6640600527094023 -7.2769801917022363 37.776901245117187 0.596078 0.498039 0.360784
v -6.2953897741753622 -9.3869600241971511 38.344501495361328 0.905882 0.854902 0.666667
v -0.46866803063757345 -15.20810019858704 38.598598480224609 0.564706 0.501961 0.376471
v 1.6640600689912048 -7.2562601643167142 38.251499176025391 0.600000 0.501961 0.360784
v -6.2953902778239694 -9.3662404262528298 38.819000244140625 0.909804 0.854902 0.662745
v -0.46866797064133436 -15.187399814297954 39.073200225830078 0.588235 0.513726 0.388235
v 1.6640600852730074 -7.235540136931192 38.726001739501953 0.600000 0.501961 0.360784
v -6.2953902162975623 -9.3455199241815023 39.293598175048828 0.886275 0.807843 0.615686
v -0.46866806047002996 -15.166700373724904 39.547698974609375 0.580392 0.505882 0.372549
v 1.664060100789726 -7.2148301684367908 39.200599670410156 0.662745 0.556863 0.388235
v -6.2953898754669808 -9.5734397959810451 34.073600769042969 0.780392 0.403922 0.145098
v -6.2953899369933879 -9.5941602980523726 33.5989990234375 0.666667 0.372549 0.152941
v -0.46866801478790876 -15.394600099464327 34.327701568603516 0.800000 0.462745 0.196078
v -0.46866798429493883 -15.415299534381802 33.853199005126953 0.764706 0.556863 0.388235
v 1.6640599676995862 -7.4427399361006081 33.980499267578125 0.760784 0.345098 0.090196
v 1.6640599514177836 -7.4634599634861303 33.506000518798828 0.666667 0.470588 0.270588
v -6.2953899044297827 -9.5527202432813283 34.548099517822266 0.788235 0.450980 0.192157
v -0.46866795479166967 -15.373899715175241 34.802299499511719 0.741176 0.447059 0.200000
v 1.6640599839813888 -7.422019908715086 34.455101013183594 0.741176 0.384314 0.113725
v -6.2953898429033757 -9.5319997412100008 35.022598266601562 0.768627 0.435294 0.176471
v -0.46866804462036527 -15.353200274602191 35.276798248291016 0.721569 0.450980 0.219608
v 1.6640600002631913 -7.4012998813295638 34.929599761962891 0.752941 0.400000 0.129412
v -6.2953898718661776 -9.511280188510284 35.497200012207031 0.749020 0.458824 0.211765
v -0.46866798462412618 -15.332499890313105 35.751399993896484 0.729412 0.478431 0.250980
v 1.6640600165449939 -7.3805798539440417 35.404201507568359 0.733333 0.411765 0.145098
v -6.2953898103397705 -9.4905596864389565 35.971698760986328 0.717647 0.443137 0.196078
v -0.46866800746625614 -15.311699866484421 36.225898742675781 0.729412 0.470588 0.247059
v 1.6640600328267965 -7.3598598265585196 35.878700256347656 0.701961 0.411765 0.156863
v -6.2953898393025725 -9.4698401337392397 36.446300506591797 0.705882 0.462745 0.227451
v -0.46866803795922607 -15.291000431566946 36.700401306152344 0.721569 0.466667 0.235294
v 1.6640600491085991 -7.3391397991729974 36.353298187255859 0.694118 0.427451 0.176471
v -6.2953897777761654 -9.4491196316679122 36.920799255371094 0.705882 0.450980 0.207843
v -0.46866797796298698 -15.270300047277861 37.174999237060547 0.721569 0.474510 0.247059
v 1.6640600653904016 -7.3184197717874753 36.827800750732422 0.701961 0.439216 0.192157
v -6.2953898067389673 -9.4284000789681954 37.395401000976562 0.717647 0.474510 0.254902
v -0.46866797730247356 -15.249599657333199 37.649501800537109 0.717647 0.478431 0.250980
v 1.6640600364275997 -7.2977002190877585 37.302398681640625 0.698039 0.439216 0.188235
v -6.2953897452125602 -9.407679576896868 37.869899749755859 0.741176 0.474510 0.239216
v -0.46866800779544349 -15.228900222415724 38.124099731445313 0.694118 0.462745 0.243137
v 1.6640600527094023 -7.2769801917022363 37.776901245117187 0.705882 0.443137 0.200000
v -6.2953897741753622 -9.3869600241971511 38.344501495361328 0.741176 0.494118 0.278431
v -0.46866803063757345 -15.20810019858704 38.598598480224609 0.694118 0.482353 0.266667
v 1.6640600689912048 -7.2562601643167142 38.251499176025391 0.694118 0.423529 0.172549
v -6.2953902778239694 -9.3662404262528298 38.819000244140625 0.737255 0.470588 0.243137
v -0.46866797064133436 -15.187399814297954 39.073200225830078 0.682353 0.435294 0.203922
v 1.6640600852730074 -7.235540136931192 38.726001739501953 0.686275 0.415686 0.172549
v -6.2953902162975623 -9.3455199241815023 39.293598175048828 0.796078 0.709804 0.537255
v -0.46866806047002996 -15.166700373724904 39.547698974609375 0.698039 0.603922 0.458824
v 1.664060100789726 -7.2148301684367908 39.200599670410156 0.721569 0.568627 0.400000
v -5.8201197842291776 -8.4271101850241052 34.02349853515625 0.858824 0.780392 0.603922
v -5.8201197552663757 -8.4478297377238221 33.548999786376953 0.890196 0.835294 0.639216
v -1.700000013480782 -15.556600134870184 34.334800720214844 0.635294 0.564706 0.447059
v -1.6999999533199492 -15.577299572615447 33.860198974609375 0.698039 0.388235 0.168627
v 2.4201201061136715 -8.4271100578902889 34.02349853515625 0.576471 0.490196 0.345098
v 2.4201201350764734 -8.4478296105900057 33.548999786376953 0.776471 0.639216 0.462745
v -5.8201201973885759 -8.4063896377081733 34.498100280761719 0.866667 0.792157 0.623529
v -1.7000000066550491 -15.535800113869287 34.809299468994141 0.670588 0.556863 0.415686
v 2.4201199302971759 -8.4063895331966592 34.498100280761719 0.572549 0.482353 0.337255
v -5.8201202263513778 -8.3856700850084565 34.972599029541016 0.854902 0.772549 0.600000
v -1.6999999763266729 -15.515099726752414 35.283901214599609 0.635294 0.572549 0.462745
v 2.4201199013343739 -8.3856699804969423 34.972599029541016 0.564706 0.482353 0.341176
v -5.8201201648249707 -8.364949582937129 35.447101593017578 0.854902 0.752941 0.572549
v -1.7000000216535742 -15.494400290421044 35.758399963378906 0.674510 0.556863 0.419608
v 2.420119872371572 -8.3649504277972255 35.447101593017578 0.568627 0.482353 0.341176
v -5.8201201937877727 -8.3442300302374122 35.921699523925781 0.858824 0.788235 0.611765
v -1.699999991325198 -15.473699903304173 36.233001708984375 0.643137 0.580392 0.470588
v 2.4201199338979791 -8.3442299257258981 35.921699523925781 0.564706 0.478431 0.337255
v -5.8201201322613656 -8.3235095281660847 36.396198272705078 0.843137 0.729412 0.533333
v -1.7000000514860307 -15.453000465558908 36.707500457763672 0.666667 0.568627 0.439216
v 2.4201199049351771 -8.3235103730261812 36.396198272705078 0.564706 0.478431 0.333333
v -5.8201201612241675 -8.3027899754663679 36.870800018310547 0.862745 0.800000 0.623529
v -1.7000000063237231 -15.43230007985593 37.182098388671875 0.654902 0.584314 0.470588
v 2.4201199664615842 -8.3027898709548538 36.870800018310547 0.564706 0.478431 0.337255
v -5.820120145707449 -8.2820800069719667 37.345298767089844 0.827451 0.709804 0.517647
v -1.6999999994979902 -15.411500058855033 37.656600952148437 0.674510 0.572549 0.443137
v 2.4201199819783028 -8.2820799024604526 37.345298767089844 0.564706 0.478431 0.333333
v -5.8201201746702509 -8.2613604542722499 37.819900512695313 0.870588 0.807843 0.619608
v -1.6999999691696139 -15.39079967173816 38.131198883056641 0.670588 0.592157 0.470588
v 2.4201199982601054 -8.2613598750749304 37.819900512695313 0.568627 0.478431 0.337255
v -5.8201201131438438 -8.2406399522009224 38.294399261474609 0.850980 0.752941 0.537255
v -1.7000000293304467 -15.370100233992897 38.605701446533203 0.666667 0.576471 0.447059
v 2.4201200145419079 -8.2406398476894083 38.294399261474609 0.568627 0.478431 0.333333
v -5.8201201421066457 -8.2199203995012056 38.769001007080078 0.850980 0.760784 0.572549
v -1.699999984168139 -15.349399848289917 39.080299377441406 0.678431 0.584314 0.447059
v 2.4201200308237105 -8.2199198203038861 38.769001007080078 0.568627 0.478431 0.337255
v -5.8201200805802387 -8.1991998974298781 39.243499755859375 0.815686 0.721569 0.533333
v -1.7000000443289718 -15.328700410544656 39.554798126220703 0.631373 0.560784 0.435294
v 2.4201200471055131 -8.199199792918364 39.243499755859375 0.627451 0.529412 0.360784
v -5.8201197842291776 -8.4271101850241052 34.02349853515625 0.788235 0.568627 0.403922
v -5.8201197552663757 -8.4478297377238221 33.548999786376953 0.627451 0.360784 0.156863
v -1.700000013480782 -15.556600134870184 34.334800720214844 0.713726 0.541176 0.368627
v -1.6999999533199492 -15.577299572615447 33.860198974609375 0.784314 0.556863 0.364706
v 2.4201201061136715 -8.4271100578902889 34.02349853515625 0.800000 0.392157 0.133333
v 2.4201201350764734 -8.4478296105900057 33.548999786376953 0.639216 0.478431 0.290196
v -5.8201201973885759 -8.4063896377081733 34.498100280761719 0.800000 0.556863 0.329412
v -1.7000000066550491 -15.535800113869287 34.809299468994141 0.764706 0.509804 0.290196
v 2.4201199302971759 -8.4063895331966592 34.498100280761719 0.819608 0.470588 0.176471
v -5.8201202263513778 -8.3856700850084565 34.972599029541016 0.776471 0.521569 0.317647
v -1.6999999763266729 -15.515099726752414 35.283901214599609 0.705882 0.568627 0.407843
v 2.4201199013343739 -8.3856699804969423 34.972599029541016 0.776471 0.443137 0.188235
v -5.8201201648249707 -8.364949582937129 35.447101593017578 0.756863 0.580392 0.392157
v -1.7000000216535742 -15.494400290421044 35.758399963378906 0.717647 0.564706 0.396078
v 2.420119872371572 -8.3649504277972255 35.447101593017578 0.756863 0.454902 0.207843
v -5.8201201937877727 -8.3442300302374122 35.921699523925781 0.690196 0.443137 0.200000
v -1.699999991325198 -15.473699903304173 36.233001708984375 0.698039 0.482353 0.278431
v 2.4201199338979791 -8.3442299257258981 35.921699523925781 0.749020 0.470588 0.223529
v -5.8201201322613656 -8.3235095281660847 36.396198272705078 0.725490 0.572549 0.403922
v -1.7000000514860307 -15.453000465558908 36.707500457763672 0.733333 0.600000 0.431373
v 2.4201199049351771 -8.3235103730261812 36.396198272705078 0.737255 0.482353 0.250980
v -5.8201201612241675 -8.3027899754663679 36.870800018310547 0.705882 0.470588 0.247059
v -1.7000000063237231 -15.43230007985593 37.182098388671875 0.694118 0.454902 0.235294
v 2.4201199664615842 -8.3027898709548538 36.870800018310547 0.733333 0.458824 0.215686
v -5.820120145707449 -8.2820800069719667 37.345298767089844 0.721569 0.560784 0.392157
v -1.6999999994979902 -15.411500058855033 37.656600952148437 0.721569 0.564706 0.392157
v 2.4201199819783028 -8.2820799024604526 37.345298767089844 0.721569 0.462745 0.227451
v -5.8201201746702509 -8.2613604542722499 37.819900512695313 0.717647 0.498039 0.301961
v -1.6999999691696139 -15.39079967173816 38.131198883056641 0.698039 0.462745 0.243137
v 2.4201199982601054 -8.2613598750749304 37.819900512695313 0.717647 0.454902 0.211765
v -5.8201201131438438 -8.2406399522009224 38.294399261474609 0.729412 0.584314 0.427451
v -1.7000000293304467 -15.370100233992897 38.605701446533203 0.701961 0.564706 0.400000
v 2.4201200145419079 -8.2406398476894083 38.294399261474609 0.709804 0.450980 0.211765
v -5.8201201421066457 -8.2199203995012056 38.769001007080078 0.725490 0.498039 0.301961
v -1.699999984168139 -15.349399848289917 39.080299377441406 0.694118 0.443137 0.203922
v 2.4201200308237105 -8.2199198203038861 38.769001007080078 0.690196 0.427451 0.180392
v -5.8201200805802387 -8.1991998974298781 39.243499755859375 0.733333 0.619608 0.458824
v -1.7000000443289718 -15.328700410544656 39.554798126220703 0.729412 0.631373 0.490196
v 2.4201200471055131 -8.199199792918364 39.243499755859375 0.717647 0.560784 0.388235
v -4.0787499186811829 -6.687400124635829 33.947498321533203 0.784314 0.698039 0.545098
v -4.0787499349629854 -6.7081201520213511 33.472999572753906 0.780392 0.690196 0.525490
v -5.0640599042898486 -7.442739839329505 33.980499267578125 0.823529 0.705882 0.529412
v -5.0640599205716512 -7.4634598667150271 33.506000518798828 0.831373 0.756863 0.568627
v -4.0787500124339431 -14.940499900457894 33.832401275634766 0.701961 0.482353 0.266667
v -2.9313299140831646 -15.415299612386747 33.853199005126953 0.694118 0.560784 0.403922
v -4.078750042926913 -14.919800465540419 34.306999206542969 0.764706 0.709804 0.576471
v -2.9313300632475858 -15.394600166158121 34.327701568603516 0.674510 0.584314 0.450980
v 3.0575000482901942 -10.803600127545167 34.127300262451172 0.572549 0.486275 0.345098
v 3.0575000787831641 -10.824299562462642 33.652698516845703 0.670588 0.576471 0.403922
v 2.8953900275674584 -9.5734396337687855 34.073600769042969 0.635294 0.505882 0.349020
v 2.8953899660410514 -9.594160135840113 33.5989990234375 0.886275 0.807843 0.576471
v -4.0787499023993803 -6.6666800972503069 34.422100067138672 0.776471 0.694118 0.549020
v -5.0640598880080461 -7.4220198119439829 34.455101013183594 0.819608 0.729412 0.576471
v -4.0787499829306739 -14.899100081251333 34.781501770019531 0.760784 0.694118 0.560784
v -2.9313300032513467 -15.373899781869035 34.802299499511719 0.678431 0.600000 0.474510
v 2.8953899986046565 -9.5527200810690687 34.548099517822266 0.705882 0.541176 0.380392
v 3.0575001082864333 -10.782899743256081 34.601799011230469 0.549020 0.470588 0.325490
v -4.0787501234604804 -6.6459600472424825 34.896598815917969 0.784314 0.701961 0.549020
v -5.0640598717262435 -7.4012997845584607 34.929599761962891 0.819608 0.729412 0.560784
v -4.0787499229344348 -14.878399696962248 35.256099700927734 0.752941 0.705882 0.580392
v -2.9313300337443167 -15.35320034695156 35.276798248291016 0.662745 0.611765 0.505882
v 3.0575000777934633 -10.762200308338606 35.076400756835938 0.552941 0.470588 0.329412
v 2.8953900601310636 -9.5319995789977412 35.022598266601562 0.607843 0.505882 0.364706
v -4.0787501071786778 -6.6252400198569603 35.371200561523438 0.768627 0.682353 0.541176
v -5.0640599006890454 -7.3805802318587439 35.404201507568359 0.800000 0.686275 0.529412
v -4.0787499457765648 -14.857599673133564 35.730598449707031 0.745098 0.686275 0.564706
v -2.9313299737480776 -15.332499962662475 35.751399993896484 0.631373 0.564706 0.447059
v 3.0575000549513334 -10.741400284509922 35.550899505615234 0.556863 0.470588 0.333333
v 2.8953900311682617 -9.5112800262980244 35.497200012207031 0.674510 0.517647 0.345098
v -5.0640598844072429 -7.3598602044732218 35.878700256347656 0.815686 0.725490 0.560784
v -4.0787500908968752 -6.6045199924714382 35.845699310302734 0.776471 0.698039 0.549020
v -4.0787499762695347 -14.836900238216089 36.2052001953125 0.749020 0.698039 0.580392
v -2.9313299965902075 -15.31169993883379 36.225898742675781 0.666667 0.603922 0.494118
v 3.0575001149475725 -10.720699900220836 36.025501251220703 0.541176 0.466667 0.325490
v 2.8953900022054597 -9.4905604735983076 35.971698760986328 0.552941 0.470588 0.329412
v -4.0787500753801567 -6.583810023977037 36.320301055908203 0.764706 0.682353 0.537255
v -5.0640598681254403 -7.3391401770876996 36.353298187255859 0.843137 0.745098 0.564706
v -4.0787499162732956 -14.816199853927003 36.679698944091797 0.749020 0.690196 0.564706
v -2.9313299365939685 -15.290999554544705 36.700401306152344 0.639216 0.568627 0.454902
v 3.0575000844546025 -10.700000465303361 36.5 0.545098 0.462745 0.325490
v 2.8953900637318668 -9.4698399715269801 36.446300506591797 0.682353 0.541176 0.384314
v -4.0787500590983541 -6.5630899965915148 36.7947998046875 0.780392 0.701961 0.549020
v -5.0640598518436377 -7.3184201497021775 36.827800750732422 0.807843 0.733333 0.568627
v -4.0787499467662656 -14.795500419009528 37.154300689697266 0.749020 0.694118 0.572549
v -2.9313299670869384 -15.27030011962723 37.174999237060547 0.678431 0.607843 0.494118
v 3.0575001444508416 -10.679300081014276 36.974498748779297 0.541176 0.462745 0.325490
v 2.8953900347690649 -9.4491204188272633 36.920799255371094 0.545098 0.462745 0.321569
v -4.0787500428165515 -6.5423699692059927 37.269401550292969 0.752941 0.658824 0.525490
v -5.0640598355618351 -7.2977001223166553 37.302398681640625 0.866667 0.756863 0.552941
v -4.0787498867700265 -14.774800034720442 37.628799438476562 0.749020 0.690196 0.564706
v -2.9313300257621506 -15.249599724026993 37.649501800537109 0.647059 0.572549 0.458824
v 3.0575002044470807 -10.65859969672519 37.449100494384766 0.545098 0.462745 0.325490
v 2.8953900962954719 -9.4283999167559358 37.395401000976562 0.662745 0.533333 0.388235
v -4.0787500265347489 -6.5216499418204705 37.743900299072266 0.784314 0.701961 0.545098
v -5.0640598192800326 -7.2769800949311332 37.776901245117187 0.819608 0.741176 0.568627
v -2.9313300562551206 -15.228900289109518 38.124099731445313 0.682353 0.603922 0.486275
v -4.0787499096121564 -14.754000010891758 38.103401184082031 0.752941 0.698039 0.572549
v 3.0575001816049507 -10.637799672896506 37.923599243164063 0.541176 0.462745 0.325490
v 2.89539006733267 -9.407680364056219 37.869899749755859 0.576471 0.486275 0.352941
v -4.0787500102529464 -6.5009299144349484 38.218498229980469 0.745098 0.658824 0.529412
v -5.06405980299823 -7.256260067545611 38.251499176025391 0.874510 0.792157 0.592157
v -4.0787498496159174 -14.733299626602673 38.577899932861328 0.756863 0.701961 0.572549
v -2.9313300790972505 -15.208100265280834 38.598598480224609 0.701961 0.611765 0.486275
v 3.0575001511119808 -10.617100237979031 38.398200988769531 0.541176 0.458824 0.317647
v 2.8953901288590771 -9.3869598619848915 38.344501495361328 0.662745 0.533333 0.392157
v -4.0787499939711438 -6.4802098870494262 38.693000793457031 0.772549 0.686275 0.537255
v -5.0640597867164274 -7.2355400401600889 38.726001739501953 0.831373 0.752941 0.572549
v -4.0787501174517899 -14.712600169062895 39.052501678466797 0.760784 0.690196 0.560784
v -2.9313300191010114 -15.187399880991748 39.073200225830078 0.682353 0.603922 0.490196
v 2.8953898625533725 -9.3662402866628724 38.819000244140625 0.635294 0.521569 0.384314
v 3.0575002111082199 -10.596399853689945 38.872699737548828 0.560784 0.478431 0.341176
v -4.0787499776893412 -6.4594898596639041 39.167598724365234 0.713726 0.607843 0.454902
v -5.0640597711997088 -7.2148300716656877 39.200599670410156 0.764706 0.666667 0.490196
v -4.0787500574555509 -14.69189978477381 39.527000427246094 0.788235 0.725490 0.560784
v -2.9313300495939814 -15.166700446074273 39.547698974609375 0.705882 0.639216 0.517647
v 3.05750018061525 -10.57570041877247 39.347301483154297 0.560784 0.474510 0.313726
v 2.8953899240797796 -9.345519784591545 39.293598175048828 0.576471 0.490196 0.325490
v -4.0787499186811829 -6.687400124635829 33.947498321533203 0.772549 0.447059 0.211765
v -5.0640599042898486 -7.442739839329505 33.980499267578125 0.768627 0.537255 0.368627
v -4.0787499349629854 -6.7081201520213511 33.472999572753906 0.678431 0.431373 0.235294
v -5.0640599205716512 -7.4634598667150271 33.506000518798828 0.670588 0.415686 0.223529
v -2.9313300632475858 -15.394600166158121 34.327701568603516 0.749020 0.470588 0.258824
v -2.9313299140831646 -15.415299612386747 33.853199005126953 0.788235 0.521569 0.325490
v -4.078750042926913 -14.919800465540419 34.306999206542969 0.729412 0.356863 0.121569
v -4.0787500124339431 -14.940499900457894 33.832401275634766 0.776471 0.490196 0.282353
v 3.0575000482901942 -10.803600127545167 34.127300262451172 0.788235 0.419608 0.168627
v 2.8953900275674584 -9.5734396337687855 34.073600769042969 0.780392 0.454902 0.231373
v 3.0575000787831641 -10.824299562462642 33.652698516845703 0.788235 0.423529 0.172549
v 2.8953899660410514 -9.594160135840113 33.5989990234375 0.674510 0.470588 0.270588
v -4.0787499023993803 -6.6666800972503069 34.422100067138672 0.729412 0.380392 0.129412
v -5.0640598880080461 -7.4220198119439829 34.455101013183594 0.788235 0.513726 0.286275
v -2.9313300032513467 -15.373899781869035 34.802299499511719 0.749020 0.482353 0.278431
v -4.0787499829306739 -14.899100081251333 34.781501770019531 0.721569 0.392157 0.149020
v 2.8953899986046565 -9.5527200810690687 34.548099517822266 0.741176 0.494118 0.294118
v 3.0575001082864333 -10.782899743256081 34.601799011230469 0.807843 0.431373 0.145098
v -4.0787501234604804 -6.6459600472424825 34.896598815917969 0.717647 0.376471 0.133333
v -5.0640598717262435 -7.4012997845584607 34.929599761962891 0.764706 0.501961 0.298039
v -2.9313300337443167 -15.35320034695156 35.276798248291016 0.713726 0.494118 0.298039
v -4.0787499229344348 -14.878399696962248 35.256099700927734 0.705882 0.435294 0.211765
v 2.8953900601310636 -9.5319995789977412 35.022598266601562 0.807843 0.482353 0.235294
v 3.0575000777934633 -10.762200308338606 35.076400756835938 0.741176 0.380392 0.129412
v -4.0787501071786778 -6.6252400198569603 35.371200561523438 0.709804 0.423529 0.180392
v -5.0640599006890454 -7.3805802318587439 35.404201507568359 0.745098 0.494118 0.278431
v -2.9313299737480776 -15.332499962662475 35.751399993896484 0.737255 0.466667 0.250980
v -4.0787499457765648 -14.857599673133564 35.730598449707031 0.705882 0.443137 0.211765
v 2.8953900311682617 -9.5112800262980244 35.497200012207031 0.709804 0.494118 0.298039
v 3.0575000549513334 -10.741400284509922 35.550899505615234 0.752941 0.454902 0.203922
v -5.0640598844072429 -7.3598602044732218 35.878700256347656 0.717647 0.447059 0.203922
v -4.0787500908968752 -6.6045199924714382 35.845699310302734 0.701961 0.443137 0.196078
v -4.0787499762695347 -14.836900238216089 36.2052001953125 0.701961 0.450980 0.219608
v -2.9313299965902075 -15.31169993883379 36.225898742675781 0.721569 0.509804 0.325490
v 3.0575001149475725 -10.720699900220836 36.025501251220703 0.733333 0.450980 0.200000
v 2.8953900022054597 -9.4905604735983076 35.971698760986328 0.749020 0.454902 0.207843
v -4.0787500753801567 -6.583810023977037 36.320301055908203 0.701961 0.478431 0.258824
v -5.0640598681254403 -7.3391401770876996 36.353298187255859 0.686275 0.458824 0.247059
v -4.0787499162732956 -14.816199853927003 36.679698944091797 0.698039 0.462745 0.239216
v -2.9313299365939685 -15.290999554544705 36.700401306152344 0.721569 0.466667 0.254902
v 3.0575000844546025 -10.700000465303361 36.5 0.733333 0.454902 0.203922
v 2.8953900637318668 -9.4698399715269801 36.446300506591797 0.694118 0.494118 0.305882
v -4.0787500590983541 -6.5630899965915148 36.7947998046875 0.694118 0.450980 0.227451
v -5.0640598518436377 -7.3184201497021775 36.827800750732422 0.698039 0.478431 0.270588
v -4.0787499467662656 -14.795500419009528 37.154300689697266 0.701961 0.458824 0.227451
v -2.9313299670869384 -15.27030011962723 37.174999237060547 0.701961 0.490196 0.286275
v 3.0575001444508416 -10.679300081014276 36.974498748779297 0.733333 0.462745 0.227451
v 2.8953900347690649 -9.4491204188272633 36.920799255371094 0.717647 0.458824 0.219608
v -4.0787500428165515 -6.5423699692059927 37.269401550292969 0.698039 0.470588 0.247059
v -5.0640598355618351 -7.2977001223166553 37.302398681640625 0.686275 0.494118 0.290196
v -4.0787498867700265 -14.774800034720442 37.628799438476562 0.713726 0.494118 0.290196
v -2.9313300257621506 -15.249599724026993 37.649501800537109 0.737255 0.509804 0.317647
v 3.0575002044470807 -10.65859969672519 37.449100494384766 0.725490 0.450980 0.207843
v 2.8953900962954719 -9.4283999167559358 37.395401000976562 0.686275 0.490196 0.298039
v -4.0787500265347489 -6.5216499418204705 37.743900299072266 0.701961 0.462745 0.243137
v -5.0640598192800326 -7.2769800949311332 37.776901245117187 0.709804 0.517647 0.349020
v -2.9313300562551206 -15.228900289109518 38.124099731445313 0.709804 0.505882 0.305882
v -4.0787499096121564 -14.754000010891758 38.103401184082031 0.721569 0.474510 0.250980
v 3.0575001816049507 -10.637799672896506 37.923599243164063 0.721569 0.458824 0.223529
v 2.89539006733267 -9.407680364056219 37.869899749755859 0.709804 0.470588 0.254902
v -4.0787500102529464 -6.5009299144349484 38.218498229980469 0.698039 0.498039 0.298039
v -5.06405980299823 -7.256260067545611 38.251499176025391 0.733333 0.545098 0.356863
v -2.9313300790972505 -15.208100265280834 38.598598480224609 0.713726 0.509804 0.313726
v -4.0787498496159174 -14.733299626602673 38.577899932861328 0.713726 0.509804 0.317647
v 3.0575001511119808 -10.617100237979031 38.398200988769531 0.713726 0.450980 0.211765
v 2.8953901288590771 -9.3869598619848915 38.344501495361328 0.682353 0.486275 0.286275
v -4.0787499939711438 -6.4802098870494262 38.693000793457031 0.721569 0.498039 0.294118
v -5.0640597867164274 -7.2355400401600889 38.726001739501953 0.705882 0.501961 0.309804
v -2.9313300191010114 -15.187399880991748 39.073200225830078 0.725490 0.513726 0.325490
v -4.0787501174517899 -14.712600169062895 39.052501678466797 0.713726 0.454902 0.239216
v 2.8953898625533725 -9.3662402866628724 38.819000244140625 0.662745 0.462745 0.247059
v 3.0575002111082199 -10.596399853689945 38.872699737548828 0.701961 0.450980 0.219608
v -4.0787499776893412 -6.4594898596639041 39.167598724365234 0.729412 0.619608 0.474510
v -5.0640597711997088 -7.2148300716656877 39.200599670410156 0.752941 0.647059 0.498039
v -2.9313300495939814 -15.166700446074273 39.547698974609375 0.749020 0.666667 0.521569
v -4.0787500574555509 -14.69189978477381 39.527000427246094 0.756863 0.674510 0.521569
v 2.8953899240797796 -9.345519784591545 39.293598175048828 0.725490 0.552941 0.380392
v 3.05750018061525 -10.57570041877247 39.347301483154297 0.713726 0.552941 0.372549
v -2.9313299190735336 -6.2333000024532765 33.452301025390625 0.694118 0.580392 0.439216
v -2.931329902791731 -6.2125799750677544 33.926799774169922 0.717647 0.623529 0.498039
v -5.0640600259558539 -14.164500288177479 34.273998260498047 0.874510 0.835294 0.670588
v -5.064059995462884 -14.185199723094954 33.799400329589844 0.682353 0.396078 0.152941
v 2.8953898024590785 -12.054500337900322 33.706401824951172 0.541176 0.466667 0.329412
v 2.8953898624553176 -12.033799953611236 34.180999755859375 0.541176 0.466667 0.329412
v -2.9313298865099284 -6.1918599476822322 34.401401519775391 0.717647 0.627451 0.498039
v -5.0640600487979839 -14.143700264348794 34.748500823974609 0.882353 0.847059 0.686275
v 2.8953898396131876 -12.012999929782552 34.655498504638672 0.541176 0.470588 0.333333
v -2.9313301075710285 -6.1711398976744078 34.875900268554688 0.705882 0.615686 0.486275
v -5.0640599888017448 -14.122999880059709 35.223098754882813 0.870588 0.835294 0.674510
v 2.8953898996094267 -11.992299545493466 35.130100250244141 0.525490 0.458824 0.325490
v -2.9313300912892259 -6.1504198702888857 35.350498199462891 0.713726 0.623529 0.498039
v -5.0640600192947147 -14.102300445142234 35.697601318359375 0.874510 0.835294 0.670588
v 2.8953898691164568 -11.971600110575991 35.604598999023438 0.533333 0.458824 0.325490
v -2.9313300750074234 -6.1296998429033636 35.825000762939453 0.694118 0.603922 0.478431
v -5.0640599592984756 -14.081600060853148 36.172199249267578 0.866667 0.827451 0.670588
v 2.8953899291126959 -11.950899726286906 36.079200744628906 0.521569 0.450980 0.321569
v -2.9313300587256208 -6.1089798155178414 36.299598693847656 0.698039 0.607843 0.482353
v -5.0640598993022365 -14.060899676564063 36.646701812744141 0.874510 0.835294 0.670588
v 2.895389898619726 -11.930200291369431 36.553699493408203 0.529412 0.454902 0.321569
v -2.9313300424438182 -6.0882597881323193 36.774101257324219 0.694118 0.600000 0.474510
v -5.0640599221443665 -14.040099652735378 37.121299743652344 0.866667 0.823529 0.658824
v 2.895389875777596 -11.909400267540747 37.028301239013672 0.525490 0.450980 0.321569
v -2.9313300261620157 -6.0675397607467971 37.248600006103516 0.701961 0.607843 0.482353
v -5.0640599526373364 -14.019400217817903 37.595798492431641 0.878431 0.839216 0.666667
v 2.8953899357738351 -11.888699883251661 37.502799987792969 0.525490 0.454902 0.321569
v -2.9313300551248176 -6.0468202080470803 37.723201751708984 0.690196 0.596078 0.466667
v -5.0640598926410973 -13.998699833528818 38.070400238037109 0.870588 0.827451 0.658824
v 2.8953899052808652 -11.868000448334186 37.977401733398438 0.525490 0.450980 0.321569
v -2.931330038843015 -6.0261001806615582 38.197700500488281 0.694118 0.600000 0.470588
v -5.0640599231340673 -13.978000398611343 38.544898986816406 0.866667 0.823529 0.650980
v 2.8953899652771042 -11.8473000640451 38.451900482177734 0.525490 0.450980 0.317647
v -2.9313300233262964 -6.005390212167157 38.672298431396484 0.686275 0.588235 0.458824
v -5.0640601004807309 -13.957299991699955 39.019500732421875 0.862745 0.811765 0.643137
v 2.8953900252733433 -11.826599679756015 38.926399230957031 0.529412 0.454902 0.321569
v -2.9313300070444939 -5.9846701847816348 39.146800994873047 0.694118 0.588235 0.439216
v -5.0640598859799582 -13.936499990493573 39.493999481201172 0.862745 0.800000 0.607843
v 2.8953900024312134 -11.805799655927331 39.4010009765625 0.541176 0.462745 0.305882
v -2.931329902791731 -6.2125799750677544 33.926799774169922 0.721569 0.360784 0.101961
v -2.9313299190735336 -6.2333000024532765 33.452301025390625 0.690196 0.411765 0.196078
v -5.0640600259558539 -14.164500288177479 34.273998260498047 0.784314 0.400000 0.137255
v -5.064059995462884 -14.185199723094954 33.799400329589844 0.803922 0.572549 0.349020
v 2.8953898024590785 -12.054500337900322 33.706401824951172 0.800000 0.396078 0.117647
v 2.8953898624553176 -12.033799953611236 34.180999755859375 0.800000 0.396078 0.117647
v -2.9313298865099284 -6.1918599476822322 34.401401519775391 0.729412 0.360784 0.094118
v -5.0640600487979839 -14.143700264348794 34.748500823974609 0.749020 0.407843 0.145098
v 2.8953898396131876 -12.012999929782552 34.655498504638672 0.788235 0.431373 0.164706
v -2.9313301075710285 -6.1711398976744078 34.875900268554688 0.713726 0.372549 0.113725
v -5.0640599888017448 -14.122999880059709 35.223098754882813 0.725490 0.443137 0.192157
v 2.8953898996094267 -11.992299545493466 35.130100250244141 0.764706 0.447059 0.192157
v -2.9313300912892259 -6.1504198702888857 35.350498199462891 0.713726 0.407843 0.156863
v -5.0640600192947147 -14.102300445142234 35.697601318359375 0.745098 0.450980 0.203922
v 2.8953898691164568 -11.971600110575991 35.604598999023438 0.756863 0.462745 0.223529
v -2.9313300750074234 -6.1296998429033636 35.825000762939453 0.721569 0.427451 0.184314
v -5.0640599592984756 -14.081600060853148 36.172199249267578 0.721569 0.439216 0.188235
v 2.8953899291126959 -11.950899726286906 36.079200744628906 0.733333 0.462745 0.227451
v -2.9313300587256208 -6.1089798155178414 36.299598693847656 0.709804 0.447059 0.211765
v -5.0640598993022365 -14.060899676564063 36.646701812744141 0.682353 0.439216 0.192157
v 2.895389898619726 -11.930200291369431 36.553699493408203 0.733333 0.462745 0.227451
v -2.9313300424438182 -6.0882597881323193 36.774101257324219 0.698039 0.450980 0.223529
v -5.0640599221443665 -14.040099652735378 37.121299743652344 0.682353 0.439216 0.192157
v 2.895389875777596 -11.909400267540747 37.028301239013672 0.721569 0.458824 0.223529
v -2.9313300261620157 -6.0675397607467971 37.248600006103516 0.721569 0.454902 0.219608
v -5.0640599526373364 -14.019400217817903 37.595798492431641 0.701961 0.450980 0.207843
v 2.8953899357738351 -11.888699883251661 37.502799987792969 0.721569 0.454902 0.219608
v -2.9313300551248176 -6.0468202080470803 37.723201751708984 0.721569 0.458824 0.223529
v -5.0640598926410973 -13.998699833528818 38.070400238037109 0.713726 0.462745 0.223529
v 2.8953899052808652 -11.868000448334186 37.977401733398438 0.701961 0.450980 0.215686
v -2.931330038843015 -6.0261001806615582 38.197700500488281 0.709804 0.462745 0.231373
v -5.0640599231340673 -13.978000398611343 38.544898986816406 0.725490 0.482353 0.254902
v 2.8953899652771042 -11.8473000640451 38.451900482177734 0.705882 0.450980 0.215686
v -2.9313300233262964 -6.005390212167157 38.672298431396484 0.713726 0.458824 0.235294
v -5.0640601004807309 -13.957299991699955 39.019500732421875 0.725490 0.470588 0.243137
v 2.8953900252733433 -11.826599679756015 38.926399230957031 0.686275 0.443137 0.207843
v -2.9313300070444939 -5.9846701847816348 39.146800994873047 0.737255 0.615686 0.478431
v -5.0640598859799582 -13.936499990493573 39.493999481201172 0.776471 0.682353 0.513726
v 2.8953900024312134 -11.805799655927331 39.4010009765625 0.701961 0.584314 0.427451

vt 1.510920 1.024170
vt 1.515440 1.018990
vt 1.509140 1.022040
vt 1.534090 1.019790
vt 1.519080 1.000540
vt 1.178150 1.013210
vt 1.177920 1.017420
vt 1.180960 1.014600
vt 1.175240 1.012590
vt 1.169530 1.013400
vt 1.173280 1.017430
vt 1.171480 1.009680
vt 1.176170 1.010470
vt 1.177190 1.010590
vt 1.180920 1.012960
vt 1.169070 1.016210
vt 1.170880 1.016940
vt 1.175040 1.017260
vt 1.169580 1.017960
vt 1.172160 1.020690
vt 1.158170 1.011390
vt 1.161770 1.013500
vt 1.159760 1.008110
vt 1.151610 1.001550
vt 1.170590 1.021730
vt 1.169290 1.021450
vt 1.166680 1.018830
vt 1.166470 1.017000
vt 1.167960 1.014590
vt 1.166360 1.016720
vt 1.167930 1.018670
vt 1.164880 1.014930
vt 1.164370 1.009200
vt 1.163830 1.019610
vt 1.165570 1.020950
vt 1.169310 1.011000
vt 1.167880 1.008440
vt 1.174890 1.007160
vt 1.172580 1.006360
vt 1.171100 1.004390
vt 1.168940 1.000570
vt 1.164840 1.004630
vt 1.163510 1.001260
vt 1.504640 1.022000
vt 1.509380 1.016280
vt 1.514200 1.010450
vt 1.512900 1.005970
vt 1.158510 1.015590
vt 1.161410 1.017380
vt 1.262520 1.013020
vt 1.267270 1.008440
vt 1.262100 1.008860
vt 1.255500 1.013160
vt 1.257160 1.017670
vt 1.258620 1.012990
vt 1.266340 1.013770
vt 1.268890 1.009900
vt 1.252630 1.002220
vt 1.247940 1.004040
vt 1.249890 1.008300
vt 1.268640 1.006950
vt 1.247970 1.000590
vt 1.244390 1.000510
vt 1.257930 1.007370
vt 1.257000 1.001850
vt 1.253160 1.008190
vt 1.260810 1.004170
vt 1.264010 1.005050
vt 1.253230 1.017220
vt 1.251720 1.014030
vt 1.262140 1.017370
vt 1.724580 1.024720
vt 1.726130 1.027380
vt 1.729760 1.028080
vt 1.727940 1.022150
vt 1.722900 1.016350
vt 1.726140 1.019000
vt 1.725550 1.016070
vt 1.724710 1.020970
vt 1.729840 1.020260
vt 1.728770 1.012860
vt 1.725970 1.012760
vt 1.727480 1.009140
vt 1.723360 1.006640
vt 1.723980 1.010220
vt 1.726960 1.000790
vt 1.730160 1.008230
vt 1.730380 1.007030
vt 1.872330 1.013290
vt 1.872530 1.010120
vt 1.865280 1.013010
vt 1.875680 1.019990
vt 1.873790 1.023330
vt 1.876570 1.023170
vt 1.875440 1.013190
vt 1.871890 1.020360
vt 1.863350 1.019910
vt 1.866370 1.023630
vt 1.872160 1.016970
vt 1.860190 1.023210
vt 1.854800 1.026610
vt 1.863030 1.026550
vt 1.851540 1.026040
vt 1.850900 1.027170
vt 1.872810 1.022990
vt 1.851200 1.019410
vt 1.857080 1.017040
vt 1.864750 1.006790
vt 1.852610 1.014180
vt 1.863120 1.013420
vt 1.864340 1.016530
vt 1.851820 1.011510
vt 1.863290 1.010580
vt 1.851950 1.016040
vt 1.856570 1.008000
vt 1.878780 1.022890
vt 1.875260 1.000470
vt 1.850830 1.006870
vt 1.259720 1.003980
vt 1.723290 1.014460
vt 1.850870 1.029050
vt 1.425030 1.006410
vt 1.427400 1.007770
vt 1.427180 1.005880
vt 1.424550 1.004590
vt 1.453700 1.004720
vt 1.451070 1.009170
vt 1.455840 1.008530
vt 1.452480 1.011770
vt 1.454670 1.022140
vt 1.456890 1.017620
vt 1.456570 1.011070
vt 1.456830 1.023030
vt 1.454630 1.025160
vt 1.455780 1.003560
vt 1.452060 1.001990
vt 1.453860 1.000910
vt 1.456690 1.000750
vt 1.455930 1.030030
vt 1.909850 1.011040
vt 1.910340 1.014160
vt 1.912320 1.014960
vt 1.908940 1.018830
vt 1.909730 1.023350
vt 1.912740 1.022740
vt 1.911370 1.017600
vt 1.916490 1.013610
vt 1.916950 1.009480
vt 1.916080 1.007970
vt 1.916210 1.016160
vt 1.915670 1.018890
vt 1.913570 1.009060
vt 1.916640 1.004630
vt 1.910860 1.025010
vt 1.913000 1.009770
vt 1.915260 1.024560
vt 1.910130 1.030030
vt 1.913560 1.029870
vt 1.918360 1.005360
vt 1.919130 1.000390
vt 1.918900 1.007920
vt 1.919200 1.013590
vt 1.914780 1.029960
vt 1.918450 1.028350
vt 1.919370 1.024790
vt 1.919660 1.017520
vt 1.918980 1.013900
vt 1.919090 1.020090
vt 1.918820 1.029930
vt 1.428190 1.001510
vt 1.430100 1.000690
vt 1.421630 1.000710
vt 1.620240 1.001560
vt 1.621630 1.006050
vt 1.626870 1.003170
vt 1.373950 1.004130
vt 1.376020 1.001810
vt 1.374470 1.000410
vt 1.379120 1.001590
vt 1.379220 1.003000
vt 1.614710 1.008550
vt 1.616060 1.005130
vt 1.611690 1.001540
vt 1.374950 1.008000
vt 1.386030 1.001220
vt 1.384580 1.005840
vt 1.387230 1.004900
vt 1.383340 1.001600
vt 1.379500 1.009170
vt 1.370660 1.001440
vt 1.369350 1.008290
vt 1.372920 1.012850
vt 1.379070 1.016850
vt 1.380340 1.013090
vt 1.366460 1.004430
vt 1.368320 1.000730
vt 1.625430 1.007000
vt 1.384110 1.010850
vt 1.618340 1.003940
vt 1.616480 1.001250
vt 1.386760 1.010390
vt 1.390090 1.006250
vt 1.623320 1.010600
vt 1.621140 1.012790
vt 1.625090 1.013400
vt 1.621430 1.015380
vt 1.628320 1.011920
vt 1.381680 1.013660
vt 1.609620 1.002240
vt 1.611320 1.005830
vt 1.617100 1.009870
vt 1.389710 1.002540
vt 1.391300 1.001380
vt 1.393220 1.002670
vt 1.381100 1.016410
vt 1.011880 1.011560
vt 1.009590 1.013740
vt 1.011320 1.018800
vt 1.018550 1.008160
vt 1.018700 1.003660
vt 1.014680 1.006250
vt 1.003750 1.002800
vt 1.000240 1.001390
vt 1.005360 1.007310
vt 1.007750 1.006630
vt 1.013150 1.012100
vt 1.005960 1.001080
vt 1.005700 1.002400
vt 1.011280 1.000860
vt 1.008590 1.004800
vt 1.026910 1.001890
vt 1.024050 1.000810
vt 1.027280 1.003540
vt 1.002370 1.000890
vt 1.014580 1.001360
vt 1.023600 1.008110
vt 1.021850 1.003250
vt 1.024980 1.006490
vt 1.028090 1.007330
vt 1.025790 1.008670
vt 1.018530 1.000530
vt 1.021640 1.001270
vt 1.029640 1.004070
vt 1.030250 1.001200
vt 1.632350 1.006440
vt 1.631000 1.010040
vt 1.636620 1.008310
vt 1.634610 1.003940
vt 1.633410 1.004840
vt 1.630730 1.000450
vt 1.632840 1.001980
vt 1.617950 1.013120
vt 1.183490 1.010530
vt 1.184170 1.013430
vt 1.185740 1.011870
vt 1.187270 1.011190
vt 1.183350 1.008330
vt 1.190020 1.008760
vt 1.191070 1.011480
vt 1.190090 1.012410
vt 1.192790 1.012890
vt 1.189110 1.012260
vt 1.194540 1.012280
vt 1.196360 1.011050
vt 1.187370 1.005680
vt 1.191400 1.007980
vt 1.194560 1.008810
vt 1.190450 1.005680
vt 1.191120 1.004260
vt 1.194890 1.007130
vt 1.188170 1.002940
vt 1.183980 1.006170
vt 1.201760 1.011360
vt 1.199240 1.011530
vt 1.198690 1.012880
vt 1.203060 1.012630
vt 1.197720 1.007730
vt 1.201810 1.009920
vt 1.201390 1.006160
vt 1.204720 1.011080
vt 1.202520 1.007560
vt 1.205000 1.008210
vt 1.208750 1.010470
vt 1.205020 1.002520
vt 1.198790 1.004830
vt 1.206550 1.007460
vt 1.206600 1.004110
vt 1.206700 1.000660
vt 1.652960 1.009630
vt 1.650150 1.009640
vt 1.654170 1.010990
vt 1.653720 1.002770
vt 1.650400 1.004780
vt 1.656410 1.009260
vt 1.660500 1.009480
vt 1.658800 1.004960
vt 1.646550 1.009360
vt 1.645520 1.009210
vt 1.647330 1.010180
vt 1.645840 1.007150
vt 1.646220 1.005350
vt 1.652850 1.001460
vt 1.664520 1.009400
vt 1.662260 1.003140
vt 1.656520 1.001420
vt 1.650000 1.001080
vt 1.648040 1.000730
vt 1.645060 1.003480
vt 1.661250 1.001300
vt 1.665290 1.007180
vt 1.664330 1.002880
vt 1.645500 1.000510
vt 1.663650 1.001030
vt 1.643560 1.007240
vt 1.641080 1.009200
vt 1.638720 1.009900
vt 1.639110 1.005740
vt 1.638910 1.000470
vt 1.637740 1.002900
vt 1.641950 1.005570
vt 1.637890 1.006570
vt 1.643260 1.004180
vt 1.637450 1.001250
vt 1.642840 1.001590
vt 1.840990 1.023920
vt 1.842510 1.023840
vt 1.842300 1.021950
vt 1.816510 1.010660
vt 1.816740 1.012830
vt 1.819590 1.012500
vt 1.817360 1.008650
vt 1.817040 1.014220
vt 1.815190 1.012980
vt 1.840300 1.004700
vt 1.836960 1.003630
vt 1.838500 1.005950
vt 1.835470 1.006100
vt 1.834370 1.003650
vt 1.833320 1.005670
vt 1.832340 1.002630
vt 1.831270 1.005550
vt 1.828180 1.003890
vt 1.825900 1.005210
vt 1.830080 1.004100
vt 1.824830 1.003690
vt 1.818730 1.006020
vt 1.822940 1.009350
vt 1.817460 1.005700
vt 1.821060 1.003470
vt 1.821120 1.005630
vt 1.823320 1.004050
vt 1.819220 1.004820
vt 1.818800 1.000620
vt 1.844640 1.005620
vt 1.841970 1.006010
vt 1.843890 1.007410
vt 1.844140 1.003300
vt 1.085250 1.021950
vt 1.083250 1.020670
vt 1.083640 1.025240
vt 1.083500 1.029500
vt 1.085080 1.028430
vt 1.087790 1.028840
vt 1.087170 1.018060
vt 1.087600 1.030030
vt 1.087540 1.022420
vt 1.089050 1.022940
vt 1.089740 1.019300
vt 1.088080 1.018920
vt 1.672710 1.021190
vt 1.669980 1.021020
vt 1.672950 1.023440
vt 1.087190 1.004360
vt 1.085380 1.006950
vt 1.089020 1.004940
vt 1.088310 1.000730
vt 1.089960 1.012190
vt 1.089220 1.013900
vt 1.087230 1.010650
vt 1.087250 1.013650
vt 1.084340 1.004600
vt 1.084890 1.011900
vt 1.083370 1.017210
vt 1.679370 1.012070
vt 1.676160 1.014560
vt 1.681460 1.011480
vt 1.674630 1.015870
vt 1.680740 1.010380
vt 1.677690 1.011590
vt 1.677250 1.008930
vt 1.674780 1.014170
vt 1.682010 1.006330
vt 1.679650 1.006440
vt 1.675250 1.009330
vt 1.671140 1.014330
vt 1.672700 1.014720
vt 1.685160 1.007980
vt 1.692860 1.004080
vt 1.685030 1.005840
vt 1.691930 1.007120
vt 1.695120 1.005930
vt 1.695420 1.003940
vt 1.694780 1.002220
vt 1.694130 1.000720
vt 1.697150 1.001660
vt 1.690350 1.002160
vt 1.683430 1.004120
vt 1.688720 1.001950
vt 1.428790 1.012610
vt 1.423350 1.016010
vt 1.427280 1.016860
vt 1.433520 1.014360
vt 1.422050 1.012130
vt 1.427780 1.010550
vt 1.420880 1.010420
vt 1.420550 1.013530
vt 1.419380 1.017360
vt 1.417980 1.015260
vt 1.418180 1.010820
vt 1.420300 1.010740
vt 1.421670 1.009090
vt 1.426430 1.009030
vt 1.421840 1.019300
vt 1.425030 1.021660
vt 1.418570 1.020610
vt 1.422940 1.022220
vt 1.419750 1.023530
vt 1.417730 1.024170
vt 1.422530 1.024110
vt 1.432070 1.022320
vt 1.430710 1.019720
vt 1.682440 1.009860
vt 1.686980 1.008080
vt 1.899680 1.002840
vt 1.900480 1.000620
vt 1.897090 1.000940
vt 1.891310 1.001060
vt 1.888330 1.006130
vt 1.893870 1.001000
vt 1.888790 1.001310
vt 1.116450 1.000850
vt 1.118570 1.003440
vt 1.119340 1.001310
vt 1.114310 1.011200
vt 1.111870 1.009260
vt 1.107590 1.015220
vt 1.110430 1.017280
vt 1.111000 1.018320
vt 1.113870 1.015720
vt 1.108270 1.007310
vt 1.112960 1.019150
vt 1.116490 1.017260
vt 1.107840 1.017170
vt 1.116310 1.012850
vt 1.117190 1.014270
vt 1.120600 1.012680
vt 1.119700 1.004130
vt 1.095360 1.018680
vt 1.093530 1.017280
vt 1.093920 1.022700
vt 1.096980 1.014630
vt 1.099140 1.016510
vt 1.103360 1.013590
vt 1.102930 1.017080
vt 1.720140 1.019260
vt 1.720110 1.015260
vt 1.717870 1.017270
vt 1.105380 1.017830
vt 1.105850 1.021340
vt 1.108790 1.019440
vt 1.118910 1.020230
vt 1.115990 1.022490
vt 1.119690 1.007920
vt 1.111380 1.021570
vt 1.699560 1.012080
vt 1.695710 1.008180
vt 1.693370 1.010190
vt 1.114010 1.024160
vt 1.111770 1.023120
vt 1.119170 1.023260
vt 1.116870 1.026440
vt 1.110300 1.025630
vt 1.106460 1.024530
vt 1.106940 1.028510
vt 1.109950 1.027690
vt 1.114510 1.028020
vt 1.705430 1.014830
vt 1.705970 1.010180
vt 1.116180 1.023320
vt 1.082030 1.019940
vt 1.079850 1.022700
vt 1.082250 1.024490
vt 1.081200 1.016920
vt 1.113510 1.003640
vt 1.699340 1.008070
vt 1.078530 1.012450
vt 1.076370 1.022900
vt 1.692070 1.014240
vt 1.696640 1.015210
vt 1.693630 1.016010
vt 1.698330 1.018890
vt 1.700260 1.016700
vt 1.075950 1.014510
vt 1.691150 1.013670
vt 1.691490 1.016810
vt 1.694070 1.019880
vt 1.703080 1.018910
vt 1.073020 1.014310
vt 1.696510 1.024200
vt 1.700160 1.021620
vt 1.703050 1.023800
vt 1.705090 1.023290
vt 1.073900 1.025340
vt 1.701610 1.025850
vt 1.694010 1.021960
vt 1.696170 1.026760
vt 1.692140 1.025600
vt 1.069260 1.027460
vt 1.068150 1.017740
vt 1.069170 1.000740
vt 1.066390 1.027140
vt 1.071410 1.027530
vt 1.069530 1.029210
vt 1.690900 1.021070
vt 1.066750 1.003850
vt 1.704790 1.026790
vt 1.703750 1.029210
vt 1.693510 1.031190
vt 1.716790 1.031580
vt 1.693340 1.028780
vt 1.066430 1.028910
vt 1.065800 1.029540
vt 1.691740 1.030000
vt 1.061770 1.029360
vt 1.884330 1.021810
vt 1.880390 1.022370
vt 1.889700 1.024430
vt 1.879930 1.019380
vt 1.889510 1.019850
vt 1.879640 1.025920
vt 1.881990 1.025440
vt 1.880540 1.014530
vt 1.898150 1.010540
vt 1.902590 1.020680
vt 1.883140 1.001550
vt 1.880610 1.010040
vt 1.093190 1.011280
vt 1.090580 1.014840
vt 1.090740 1.018470
vt 1.880260 1.005870
vt 1.094350 1.010570
vt 1.880300 1.016760
vt 1.119210 1.005630
vt 1.104510 1.018010
vt 1.091510 1.022160
vt 1.100320 1.011150
vt 1.096660 1.011400
vt 1.100000 1.017580
vt 1.102900 1.004480
vt 1.092900 1.008040
vt 1.098780 1.018200
vt 1.101430 1.022010
vt 1.101380 1.017490
vt 1.090700 1.029050
vt 1.097060 1.021110
vt 1.093220 1.026630
vt 1.100660 1.024010
vt 1.094310 1.027410
vt 1.096450 1.026020
vt 1.098520 1.027760
vt 1.104880 1.026700
vt 1.094820 1.029000
vt 1.711240 1.014710
vt 1.082210 1.008510
vt 1.080930 1.004800
vt 1.081380 1.000690
vt 1.077420 1.000770
vt 1.078330 1.003180
vt 1.075980 1.004110
vt 1.072880 1.000770
vt 1.714110 1.021500
vt 1.716630 1.019110
vt 1.713680 1.018530
vt 1.716990 1.014900
vt 1.717480 1.017680
vt 1.709070 1.018940
vt 1.709360 1.022690
vt 1.716570 1.023000
vt 1.706830 1.019970
vt 1.719950 1.026680
vt 1.717270 1.025910
vt 1.713210 1.024560
vt 1.719560 1.028490
vt 1.709830 1.025270
vt 1.712880 1.027250
vt 1.719900 1.033450
vt 1.717350 1.029670
vt 1.719880 1.030130
vt 1.905450 1.013510
vt 1.906540 1.019480
vt 1.908650 1.010580
vt 1.899990 1.029050
vt 1.111330 1.000390
vt 1.690190 1.008570
vt 1.693720 1.008480
vt 1.691830 1.012220
vt 1.107050 1.001410
vt 1.561030 1.007400
vt 1.558350 1.004290
vt 1.559370 1.011180
vt 1.559720 1.000460
vt 1.564340 1.024630
vt 1.562440 1.022310
vt 1.562230 1.025820
vt 1.559770 1.018210
vt 1.559470 1.023750
vt 1.561240 1.015410
vt 1.565330 1.026810
vt 1.567130 1.021710
vt 1.564630 1.022320
vt 1.565920 1.018190
vt 1.562650 1.018300
vt 1.567950 1.019320
vt 1.569320 1.021410
vt 1.568670 1.020530
vt 1.563850 1.017760
vt 1.563300 1.013990
vt 1.560070 1.026410
vt 1.563030 1.010510
vt 1.562660 1.030030
vt 1.564010 1.013620
vt 1.564930 1.010970
vt 1.766890 1.011820
vt 1.771780 1.016280
vt 1.772450 1.008070
vt 1.767720 1.008340
vt 1.767590 1.014230
vt 1.775360 1.011500
vt 1.776610 1.014240
vt 1.774560 1.015510
vt 1.779160 1.017280
vt 1.777720 1.012340
vt 1.770550 1.017330
vt 1.767380 1.017100
vt 1.774520 1.009330
vt 1.765290 1.009110
vt 1.764370 1.011790
vt 1.765780 1.019370
vt 1.769660 1.019140
vt 1.938460 1.016080
vt 1.928060 1.005700
vt 1.931400 1.016390
vt 1.935270 1.021200
vt 1.931870 1.000730
vt 1.932080 1.023620
vt 1.927490 1.024110
vt 1.928940 1.022300
vt 1.933430 1.024660
vt 1.355670 1.006930
vt 1.356450 1.000610
vt 1.350320 1.007920
vt 1.359730 1.002710
vt 1.358350 1.010810
vt 1.362710 1.007510
vt 1.364720 1.004810
vt 1.359820 1.016550
vt 1.352410 1.012710
vt 1.344360 1.012250
vt 1.354850 1.019510
vt 1.347500 1.025640
vt 1.351780 1.021990
vt 1.346890 1.018620
vt 1.335690 1.016910
vt 1.335790 1.020720
vt 1.763810 1.015490
vt 1.761330 1.010800
vt 1.759300 1.008840
vt 1.758640 1.013790
vt 1.759390 1.019620
vt 1.763780 1.009550
vt 1.761270 1.008350
vt 1.775680 1.016740
vt 1.763690 1.018400
vt 1.756160 1.019360
vt 1.759290 1.021730
vt 1.760800 1.019210
vt 1.242870 1.029050
vt 1.243900 1.024310
vt 1.240100 1.024200
vt 1.237310 1.015220
vt 1.240820 1.027970
vt 1.240650 1.009950
vt 1.236570 1.011030
vt 1.240670 1.017000
vt 1.236490 1.020720
vt 1.748780 1.015500
vt 1.777190 1.012440
vt 1.400760 1.008380
vt 1.398650 1.002900
vt 1.396850 1.007970
vt 1.420400 1.009030
vt 1.420540 1.000400
vt 1.391360 1.006660
vt 1.436120 1.003750
vt 1.433910 1.003100
vt 1.433080 1.003940
vt 1.432650 1.006250
vt 1.436540 1.005920
vt 1.428500 1.003500
vt 1.435010 1.008060
vt 1.438450 1.007360
vt 1.437860 1.003980
vt 1.430750 1.007360
vt 1.428900 1.005090
vt 1.446660 1.002340
vt 1.451220 1.001360
vt 1.446820 1.000380
vt 1.442480 1.003040
vt 1.425850 1.003600
vt 1.442850 1.000790
vt 1.440050 1.004670
vt 1.444640 1.006050
vt 1.437120 1.000890
vt 1.438920 1.002420
vt 1.305910 1.004700
vt 1.310090 1.021220
vt 1.308670 1.006750
vt 1.308890 1.000690
vt 1.330220 1.006820
vt 1.325410 1.008970
vt 1.334640 1.024660
vt 1.311200 1.010360
vt 1.314250 1.010150
vt 1.318540 1.008950
vt 1.715070 1.003690
vt 1.713150 1.006240
vt 1.718150 1.009100
vt 1.704630 1.004500
vt 1.708280 1.004740
vt 1.705580 1.003290
vt 1.711860 1.002910
vt 1.720060 1.007790
vt 1.718850 1.005700
vt 1.722190 1.011310
vt 1.717540 1.004550
vt 1.722000 1.000990
vt 1.722380 1.003820
vt 1.721770 1.014400
vt 1.722280 1.006480
vt 1.717710 1.000480
vt 1.717370 1.003430
vt 1.716320 1.009680
vt 1.718290 1.012150
vt 1.231990 1.020260
vt 1.235280 1.018580
vt 1.230500 1.018000
vt 1.218110 1.000650
vt 1.217220 1.001500
vt 1.220100 1.001870
vt 1.216370 1.009890
vt 1.216630 1.007450
vt 1.214990 1.007700
vt 1.212820 1.007050
vt 1.215370 1.004990
vt 1.211400 1.005860
vt 1.209720 1.007880
vt 1.227470 1.018460
vt 1.226520 1.017130
vt 1.229500 1.016640
vt 1.230610 1.014860
vt 1.227730 1.012080
vt 1.225570 1.014610
vt 1.223870 1.012730
vt 1.228880 1.008030
vt 1.230560 1.010410
vt 1.224930 1.006730
vt 1.222230 1.003450
vt 1.221030 1.007160
vt 1.225560 1.004860
vt 1.226310 1.009890
vt 1.218260 1.005190
vt 1.219700 1.007590
vt 1.217820 1.012620
vt 1.221370 1.010520
vt 1.222630 1.016850
vt 1.219420 1.014750
vt 1.222450 1.012670
vt 1.225590 1.017960
vt 1.232470 1.013230
vt 1.219850 1.004840
vt 1.218270 1.003630
vt 1.214710 1.000410
vt 1.233710 1.015540
vt 1.236910 1.005940
vt 1.244080 1.008040
vt 1.236080 1.002420
vt 1.243740 1.000610
vt 1.277100 1.001020
vt 1.279620 1.002720
vt 1.280760 1.001200
vt 1.285430 1.002800
vt 1.284830 1.016850
vt 1.289620 1.004530
vt 1.292680 1.000900
vt 1.293980 1.005060
vt 1.290600 1.000530
vt 1.289160 1.000730
vt 1.294040 1.000700
vt 1.298960 1.004220
vt 1.298840 1.001210
vt 1.304890 1.016850
vt 1.699690 1.003270
vt 1.698590 1.004670
vt 1.701450 1.005650
vt 1.696040 1.005110
vt 1.436480 1.020460
vt 1.437700 1.017200
vt 1.436590 1.022370
vt 1.441350 1.021640
vt 1.447670 1.020720
vt 1.445620 1.019590
vt 1.447290 1.023840
vt 1.442040 1.019530
vt 1.436120 1.009080
vt 1.437180 1.010360
vt 1.443640 1.008400
vt 1.442950 1.009770
vt 1.434630 1.012790
vt 1.436300 1.011580
vt 1.442710 1.016450
vt 1.442550 1.010730
vt 1.447630 1.008480
vt 1.435770 1.011980
vt 1.440030 1.015090
vt 1.441900 1.012970
vt 1.447450 1.009970
vt 1.445550 1.015070
vt 1.447170 1.011040
vt 1.445810 1.013380
vt 1.448220 1.014620
vt 1.447050 1.015500
vt 1.445820 1.017630
vt 1.785800 1.003720
vt 1.784580 1.003670
vt 1.786180 1.004580
vt 1.787750 1.001770
vt 1.782690 1.000430
vt 1.781840 1.005660
vt 1.778880 1.000770
vt 1.775380 1.003110
vt 1.777980 1.003430
vt 1.775970 1.005460
vt 1.784100 1.006150
vt 1.772230 1.001260
vt 1.773210 1.002150
vt 1.772490 1.003570
vt 1.770980 1.003470
vt 1.770490 1.005250
vt 1.770280 1.006660
vt 1.771880 1.006080
vt 1.768800 1.002910
vt 1.766400 1.004100
vt 1.765270 1.007540
vt 1.764860 1.005600
vt 1.764700 1.002020
vt 1.761370 1.003790
vt 1.762730 1.007570
vt 1.758540 1.002470
vt 1.276390 1.006150
vt 1.270600 1.009630
vt 1.265870 1.025150
vt 1.274690 1.001940
vt 1.276120 1.000440
vt 1.813460 1.030030
vt 1.815450 1.000750
vt 1.805450 1.024580
vt 1.978920 1.030030
vt 1.984880 1.024450
vt 1.967530 1.000540
vt 1.989750 1.016200
vt 1.972170 1.028190
vt 1.787640 1.011690
vt 1.787800 1.017990
vt 1.788890 1.006880
vt 1.787400 1.019940
vt 1.786860 1.030520
vt 1.787880 1.006940
vt 1.789350 1.000460
vt 1.670350 1.013980
vt 1.668780 1.009170
vt 1.669450 1.015160
vt 1.029250 1.008910
vt 1.056350 1.000810
vt 1.032550 1.001090
vt 1.026810 1.016190
vt 1.669710 1.027520
vt 1.674010 1.028670
vt 1.673960 1.026080
vt 1.668320 1.006160
vt 1.667940 1.003050
vt 1.666340 1.005690
vt 1.667600 1.000800
vt 1.666910 1.010230
vt 1.666430 1.012560
vt 1.665820 1.015470
vt 1.665380 1.020850
vt 1.669330 1.017500
vt 1.670390 1.024010
vt 1.665680 1.023130
vt 1.664790 1.027070
vt 1.666050 1.027240
vt 1.665060 1.030030
vt 1.673160 1.021650
vt 1.673250 1.022810
vt 1.672260 1.029730
vt 1.954353 1.283760
vt 1.953942 1.296270
vt 1.950459 1.283540
vt 1.950048 1.296040
vt 1.346486 1.353890
vt 1.346839 1.364620
vt 1.342592 1.354110
vt 1.342944 1.364850
vt 1.369385 1.651170
vt 1.378378 1.651110
vt 1.369385 1.655220
vt 1.378378 1.655160
vt 1.957837 1.296490
vt 1.958247 1.283990
vt 1.338697 1.354340
vt 1.339050 1.365070
vt 1.369385 1.659270
vt 1.378378 1.659210
vt 1.961731 1.296720
vt 1.962142 1.284220
vt 1.334803 1.354560
vt 1.335156 1.365300
vt 1.369385 1.663320
vt 1.378378 1.663260
vt 1.965625 1.296940
vt 1.966036 1.284440
vt 1.331261 1.365520
vt 1.330909 1.354790
vt 1.369385 1.667370
vt 1.378378 1.667310
vt 1.969930 1.284670
vt 1.969519 1.297170
vt 1.327014 1.355010
vt 1.327367 1.365750
vt 1.369385 1.671420
vt 1.378378 1.671360
vt 1.973414 1.297400
vt 1.973824 1.284890
vt 1.323120 1.355240
vt 1.323473 1.365980
vt 1.369385 1.675480
vt 1.378378 1.675420
vt 1.977308 1.297620
vt 1.977719 1.285120
vt 1.319579 1.366200
vt 1.319226 1.355470
vt 1.369385 1.679530
vt 1.378378 1.679470
vt 1.981613 1.285350
vt 1.981202 1.297850
vt 1.315684 1.366430
vt 1.315332 1.355690
vt 1.369385 1.683580
vt 1.378378 1.683520
vt 1.985507 1.285570
vt 1.985097 1.298070
vt 1.311437 1.355920
vt 1.311790 1.366650
vt 1.378378 1.687570
vt 1.369385 1.687630
vt 1.988991 1.298300
vt 1.989402 1.285800
vt 1.307543 1.356140
vt 1.307896 1.366880
vt 1.369385 1.691680
vt 1.378378 1.691620
vt 1.993296 1.286020
vt 1.992885 1.298530
vt 1.303649 1.356370
vt 1.304001 1.367110
vt 1.369385 1.695740
vt 1.378378 1.695670
vt 1.996780 1.298750
vt 1.997190 1.286250
vt 1.299754 1.356600
vt 1.300107 1.367330
vt 1.369385 1.699790
vt 1.378378 1.699730
vt 1.667269 1.067550
vt 1.671163 1.067320
vt 1.667679 1.080050
vt 1.671574 1.079820
vt 1.680541 1.326860
vt 1.684435 1.327080
vt 1.680188 1.337590
vt 1.684083 1.337820
vt 1.432432 1.655160
vt 1.432432 1.651110
vt 1.441426 1.655220
vt 1.441426 1.651170
vt 1.663785 1.080280
vt 1.663374 1.067770
vt 1.688330 1.327310
vt 1.687977 1.338040
vt 1.432432 1.659210
vt 1.441426 1.659270
vt 1.659891 1.080500
vt 1.659480 1.068000
vt 1.692224 1.327540
vt 1.691871 1.338270
vt 1.441426 1.663320
vt 1.432432 1.663260
vt 1.655997 1.080730
vt 1.655586 1.068230
vt 1.695766 1.338500
vt 1.696118 1.327760
vt 1.441426 1.667370
vt 1.432432 1.667310
vt 1.651691 1.068450
vt 1.652102 1.080950
vt 1.700013 1.327990
vt 1.699660 1.338720
vt 1.441426 1.671420
vt 1.432432 1.671360
vt 1.648208 1.081180
vt 1.647797 1.068680
vt 1.703907 1.328210
vt 1.703554 1.338950
vt 1.441426 1.675480
vt 1.432432 1.675420
vt 1.644314 1.081410
vt 1.643903 1.068900
vt 1.707448 1.339170
vt 1.707801 1.328440
vt 1.441426 1.679530
vt 1.432432 1.679470
vt 1.640009 1.069130
vt 1.640419 1.081630
vt 1.711343 1.339400
vt 1.711695 1.328670
vt 1.441426 1.683580
vt 1.432432 1.683520
vt 1.636114 1.069360
vt 1.636525 1.081860
vt 1.715237 1.339630
vt 1.715590 1.328890
vt 1.432432 1.687570
vt 1.441426 1.687630
vt 1.632631 1.082080
vt 1.632220 1.069580
vt 1.719484 1.329120
vt 1.719131 1.339850
vt 1.432432 1.691620
vt 1.441426 1.691680
vt 1.628326 1.069810
vt 1.628736 1.082310
vt 1.723378 1.329340
vt 1.723026 1.340080
vt 1.432432 1.695670
vt 1.441426 1.695740
vt 1.624842 1.082540
vt 1.624431 1.070030
vt 1.727273 1.329570
vt 1.726920 1.340300
vt 1.441426 1.699790
vt 1.432432 1.699730
vt 1.949607 1.309460
vt 1.953501 1.309680
vt 1.341698 1.435170
vt 1.348894 1.434890
vt 1.341698 1.439220
vt 1.348894 1.438940
vt 1.361005 1.655390
vt 1.361005 1.651340
vt 1.957396 1.309910
vt 1.341698 1.443270
vt 1.348894 1.442990
vt 1.361005 1.659450
vt 1.961290 1.310130
vt 1.348894 1.447040
vt 1.341698 1.447330
vt 1.361005 1.663500
vt 1.965184 1.310360
vt 1.341698 1.451380
vt 1.348894 1.451100
vt 1.361005 1.667550
vt 1.969079 1.310580
vt 1.341698 1.455430
vt 1.348894 1.455150
vt 1.361005 1.671600
vt 1.972973 1.310810
vt 1.348894 1.459200
vt 1.341698 1.459480
vt 1.361005 1.675650
vt 1.976867 1.311040
vt 1.341698 1.463530
vt 1.348894 1.463250
vt 1.361005 1.679710
vt 1.980762 1.311260
vt 1.348894 1.467300
vt 1.341698 1.467590
vt 1.361005 1.683760
vt 1.984656 1.311490
vt 1.348894 1.471360
vt 1.341698 1.471640
vt 1.361005 1.687810
vt 1.988550 1.311710
vt 1.341698 1.475690
vt 1.348894 1.475410
vt 1.361005 1.691860
vt 1.992445 1.311940
vt 1.341698 1.479740
vt 1.348894 1.479460
vt 1.361005 1.695910
vt 1.996339 1.312170
vt 1.348894 1.483510
vt 1.341698 1.483790
vt 1.361005 1.699960
vt 1.672014 1.093240
vt 1.668120 1.093460
vt 1.948403 1.357860
vt 1.948403 1.353810
vt 1.955599 1.358140
vt 1.955599 1.354090
vt 1.449806 1.655390
vt 1.449806 1.651340
vt 1.664226 1.093690
vt 1.955599 1.362190
vt 1.948403 1.361910
vt 1.449806 1.659450
vt 1.660332 1.093920
vt 1.948403 1.365960
vt 1.955599 1.366250
vt 1.449806 1.663500
vt 1.656437 1.094140
vt 1.948403 1.370020
vt 1.955599 1.370300
vt 1.449806 1.667550
vt 1.652543 1.094370
vt 1.955599 1.374350
vt 1.948403 1.374070
vt 1.449806 1.671600
vt 1.648649 1.094590
vt 1.948403 1.378120
vt 1.955599 1.378400
vt 1.449806 1.675650
vt 1.644754 1.094820
vt 1.955599 1.382450
vt 1.948403 1.382170
vt 1.449806 1.679710
vt 1.640860 1.095050
vt 1.948403 1.386220
vt 1.955599 1.386500
vt 1.449806 1.683760
vt 1.636966 1.095270
vt 1.948403 1.390270
vt 1.955599 1.390560
vt 1.449806 1.687810
vt 1.633071 1.095500
vt 1.948403 1.394330
vt 1.955599 1.394610
vt 1.449806 1.691860
vt 1.629177 1.095720
vt 1.955599 1.398660
vt 1.948403 1.398380
vt 1.449806 1.695910
vt 1.625283 1.095950
vt 1.948403 1.402430
vt 1.955599 1.402710
vt 1.449806 1.699960
vt 1.949166 1.322870
vt 1.953061 1.323100
vt 1.333318 1.439400
vt 1.333318 1.435350
vt 1.353808 1.651620
vt 1.353808 1.655680
vt 1.956955 1.323320
vt 1.333318 1.443450
vt 1.353808 1.659730
vt 1.960849 1.323550
vt 1.333318 1.447500
vt 1.353808 1.663780
vt 1.964744 1.323770
vt 1.333318 1.451560
vt 1.353808 1.667830
vt 1.968638 1.324000
vt 1.333318 1.455610
vt 1.353808 1.671880
vt 1.972532 1.324230
vt 1.333318 1.459660
vt 1.353808 1.675940
vt 1.976426 1.324450
vt 1.333318 1.463710
vt 1.353808 1.679990
vt 1.980321 1.324680
vt 1.333318 1.467760
vt 1.353808 1.684040
vt 1.984215 1.324900
vt 1.333318 1.471810
vt 1.353808 1.688090
vt 1.988109 1.325130
vt 1.333318 1.475870
vt 1.353808 1.692140
vt 1.992004 1.325360
vt 1.333318 1.479920
vt 1.353808 1.696190
vt 1.995898 1.325580
vt 1.333318 1.483970
vt 1.353808 1.700250
vt 1.668561 1.106880
vt 1.672455 1.106650
vt 1.963980 1.358320
vt 1.963980 1.354270
vt 1.457002 1.655680
vt 1.457002 1.651620
vt 1.664667 1.107110
vt 1.963980 1.362370
vt 1.457002 1.659730
vt 1.660772 1.107330
vt 1.963980 1.366420
vt 1.457002 1.663780
vt 1.656878 1.107560
vt 1.963980 1.370470
vt 1.457002 1.667830
vt 1.652984 1.107780
vt 1.963980 1.374530
vt 1.457002 1.671880
vt 1.649089 1.108010
vt 1.963980 1.378580
vt 1.457002 1.675940
vt 1.645195 1.108240
vt 1.963980 1.382630
vt 1.457002 1.679990
vt 1.641301 1.108460
vt 1.963980 1.386680
vt 1.457002 1.684040
vt 1.637406 1.108690
vt 1.963980 1.390730
vt 1.457002 1.688090
vt 1.633512 1.108910
vt 1.963980 1.394780
vt 1.457002 1.692140
vt 1.629618 1.109140
vt 1.963980 1.398840
vt 1.457002 1.696190
vt 1.625724 1.109370
vt 1.963980 1.402890
vt 1.457002 1.700250
vt 1.952650 1.335600
vt 1.948756 1.335370
vt 1.324324 1.439460
vt 1.324324 1.435410
vt 1.344647 1.416680
vt 1.348542 1.416450
vt 1.345000 1.427410
vt 1.348894 1.427190
vt 1.956544 1.335820
vt 1.324324 1.443510
vt 1.340753 1.416900
vt 1.341106 1.427640
vt 1.960439 1.336050
vt 1.324324 1.447560
vt 1.337211 1.427870
vt 1.336859 1.417130
vt 1.964333 1.336280
vt 1.324324 1.451620
vt 1.332964 1.417360
vt 1.333317 1.428090
vt 1.968227 1.336500
vt 1.324324 1.455670
vt 1.329423 1.428320
vt 1.329070 1.417580
vt 1.972121 1.336730
vt 1.324324 1.459720
vt 1.325176 1.417810
vt 1.325529 1.428540
vt 1.976016 1.336950
vt 1.324324 1.463770
vt 1.321281 1.418030
vt 1.321634 1.428770
vt 1.979910 1.337180
vt 1.324324 1.467820
vt 1.317387 1.418260
vt 1.317740 1.428990
vt 1.983804 1.337400
vt 1.324324 1.471870
vt 1.313493 1.418490
vt 1.313846 1.429220
vt 1.987699 1.337630
vt 1.324324 1.475930
vt 1.309599 1.418710
vt 1.309951 1.429450
vt 1.991593 1.337860
vt 1.324324 1.479980
vt 1.306057 1.429670
vt 1.305704 1.418940
vt 1.995487 1.338080
vt 1.324324 1.484030
vt 1.301810 1.419160
vt 1.302163 1.429900
vt 1.668972 1.119380
vt 1.672866 1.119160
vt 1.972973 1.358380
vt 1.972973 1.354330
vt 1.682380 1.389650
vt 1.682027 1.400390
vt 1.678485 1.389430
vt 1.678133 1.400160
vt 1.665077 1.119610
vt 1.972973 1.362430
vt 1.686274 1.389880
vt 1.685921 1.400610
vt 1.661183 1.119830
vt 1.972973 1.366480
vt 1.689816 1.400840
vt 1.690168 1.390100
vt 1.657289 1.120060
vt 1.972973 1.370530
vt 1.694063 1.390330
vt 1.693710 1.401060
vt 1.653394 1.120280
vt 1.972973 1.374590
vt 1.697604 1.401290
vt 1.697957 1.390560
vt 1.649500 1.120510
vt 1.972973 1.378640
vt 1.701851 1.390780
vt 1.701499 1.401520
vt 1.645606 1.120740
vt 1.972973 1.382690
vt 1.705746 1.391010
vt 1.705393 1.401740
vt 1.641712 1.120960
vt 1.972973 1.386740
vt 1.709640 1.391230
vt 1.709287 1.401970
vt 1.637817 1.121190
vt 1.972973 1.390790
vt 1.713534 1.391460
vt 1.713181 1.402190
vt 1.633923 1.121410
vt 1.972973 1.394850
vt 1.717428 1.391690
vt 1.717076 1.402420
vt 1.630029 1.121640
vt 1.972973 1.398900
vt 1.720970 1.402650
vt 1.721323 1.391910
vt 1.626134 1.121870
vt 1.972973 1.402950
vt 1.725217 1.392140
vt 1.724864 1.402870
vt 1.395752 1.655390
vt 1.395752 1.651340
vt 1.402948 1.655680
vt 1.402948 1.651620
vt 1.306951 1.435170
vt 1.315331 1.435350
vt 1.306951 1.439220
vt 1.315331 1.439400
vt 1.343796 1.390760
vt 1.347690 1.390540
vt 1.344237 1.404180
vt 1.348131 1.403950
vt 1.395752 1.659450
vt 1.402948 1.659730
vt 1.306951 1.443270
vt 1.315331 1.443450
vt 1.340342 1.404400
vt 1.339902 1.390990
vt 1.395752 1.663500
vt 1.402948 1.663780
vt 1.306951 1.447330
vt 1.315331 1.447500
vt 1.336007 1.391210
vt 1.336448 1.404630
vt 1.395752 1.667550
vt 1.402948 1.667830
vt 1.306951 1.451380
vt 1.315331 1.451560
vt 1.332113 1.391440
vt 1.332554 1.404860
vt 1.402948 1.671880
vt 1.395752 1.671600
vt 1.306951 1.455430
vt 1.315331 1.455610
vt 1.328219 1.391670
vt 1.328659 1.405080
vt 1.395752 1.675650
vt 1.402948 1.675940
vt 1.306951 1.459480
vt 1.315331 1.459660
vt 1.324324 1.391890
vt 1.324765 1.405310
vt 1.395752 1.679710
vt 1.402948 1.679990
vt 1.306951 1.463530
vt 1.315331 1.463710
vt 1.320430 1.392120
vt 1.320871 1.405530
vt 1.395752 1.683760
vt 1.402948 1.684040
vt 1.306951 1.467590
vt 1.315331 1.467760
vt 1.316536 1.392340
vt 1.316976 1.405760
vt 1.395752 1.687810
vt 1.402948 1.688090
vt 1.315331 1.471810
vt 1.306951 1.471640
vt 1.312641 1.392570
vt 1.313082 1.405980
vt 1.395752 1.691860
vt 1.402948 1.692140
vt 1.306951 1.475690
vt 1.315331 1.475870
vt 1.308747 1.392800
vt 1.309188 1.406210
vt 1.395752 1.695910
vt 1.402948 1.696190
vt 1.306951 1.479740
vt 1.315331 1.479920
vt 1.305294 1.406440
vt 1.304853 1.393020
vt 1.395752 1.699960
vt 1.402948 1.700250
vt 1.306951 1.483790
vt 1.315331 1.483970
vt 1.300958 1.393250
vt 1.301399 1.406660
vt 1.415059 1.655390
vt 1.407862 1.655680
vt 1.415059 1.651340
vt 1.407862 1.651620
vt 1.981966 1.358320
vt 1.981966 1.354270
vt 1.990347 1.358140
vt 1.990347 1.354090
vt 1.683231 1.363740
vt 1.682790 1.377150
vt 1.679337 1.363510
vt 1.678896 1.376920
vt 1.415059 1.659450
vt 1.407862 1.659730
vt 1.981966 1.362370
vt 1.990347 1.362190
vt 1.686685 1.377380
vt 1.687125 1.363960
vt 1.415059 1.663500
vt 1.407862 1.663780
vt 1.981966 1.366420
vt 1.990347 1.366250
vt 1.690579 1.377600
vt 1.691020 1.364190
vt 1.415059 1.667550
vt 1.407862 1.667830
vt 1.981966 1.370470
vt 1.990347 1.370300
vt 1.694473 1.377830
vt 1.694914 1.364410
vt 1.407862 1.671880
vt 1.415059 1.671600
vt 1.990347 1.374350
vt 1.981966 1.374530
vt 1.698808 1.364640
vt 1.698368 1.378050
vt 1.415059 1.675650
vt 1.407862 1.675940
vt 1.990347 1.378400
vt 1.981966 1.378580
vt 1.702703 1.364860
vt 1.702262 1.378280
vt 1.415059 1.679710
vt 1.407862 1.679990
vt 1.990347 1.382450
vt 1.981966 1.382630
vt 1.706597 1.365090
vt 1.706156 1.378510
vt 1.415059 1.683760
vt 1.407862 1.684040
vt 1.990347 1.386500
vt 1.981966 1.386680
vt 1.710491 1.365320
vt 1.710051 1.378730
vt 1.415059 1.687810
vt 1.407862 1.688090
vt 1.981966 1.390730
vt 1.990347 1.390560
vt 1.714386 1.365540
vt 1.713945 1.378960
vt 1.415059 1.691860
vt 1.407862 1.692140
vt 1.981966 1.394780
vt 1.990347 1.394610
vt 1.718280 1.365770
vt 1.717839 1.379180
vt 1.415059 1.695910
vt 1.407862 1.696190
vt 1.981966 1.398840
vt 1.990347 1.398660
vt 1.721733 1.379410
vt 1.722174 1.365990
vt 1.415059 1.699960
vt 1.407862 1.700250
vt 1.981966 1.402890
vt 1.990347 1.402710
vt 1.725628 1.379640
vt 1.726069 1.366220
vt 1.948403 1.346110
vt 1.952297 1.346330
vt 1.956192 1.346560
vt 1.960086 1.346780
vt 1.963980 1.347010
vt 1.967874 1.347240
vt 1.971769 1.347460
vt 1.975663 1.347690
vt 1.979557 1.347910
vt 1.983452 1.348140
vt 1.987346 1.348370
vt 1.991240 1.348590
vt 1.995135 1.348820
vt 1.669324 1.130120
vt 1.673219 1.129890
vt 1.665430 1.130340
vt 1.661536 1.130570
vt 1.657641 1.130790
vt 1.653747 1.131020
vt 1.649853 1.131250
vt 1.645959 1.131470
vt 1.642064 1.131700
vt 1.638170 1.131920
vt 1.634276 1.132150
vt 1.630381 1.132380
vt 1.626487 1.132600
vt 1.387372 1.651170
vt 1.387372 1.655220
vt 1.299754 1.438940
vt 1.299754 1.434890
vt 1.347249 1.377120
vt 1.343355 1.377350
vt 1.387372 1.659270
vt 1.299754 1.442990
vt 1.339461 1.377570
vt 1.387372 1.663320
vt 1.299754 1.447040
vt 1.335566 1.377800
vt 1.387372 1.667370
vt 1.299754 1.451100
vt 1.331672 1.378020
vt 1.387372 1.671420
vt 1.299754 1.455150
vt 1.327778 1.378250
vt 1.387372 1.675480
vt 1.299754 1.459200
vt 1.323884 1.378480
vt 1.387372 1.679530
vt 1.299754 1.463250
vt 1.319989 1.378700
vt 1.387372 1.683580
vt 1.299754 1.467300
vt 1.316095 1.378930
vt 1.387372 1.687630
vt 1.299754 1.471360
vt 1.312201 1.379150
vt 1.387372 1.691680
vt 1.299754 1.475410
vt 1.308306 1.379380
vt 1.387372 1.695740
vt 1.299754 1.479460
vt 1.304412 1.379610
vt 1.387372 1.699790
vt 1.299754 1.483510
vt 1.300518 1.379830
vt 1.423439 1.655220
vt 1.423439 1.651170
vt 1.997543 1.357860
vt 1.997543 1.353810
vt 1.679778 1.350090
vt 1.683672 1.350320
vt 1.423439 1.659270
vt 1.997543 1.361910
vt 1.687566 1.350550
vt 1.423439 1.663320
vt 1.997543 1.365960
vt 1.691461 1.350770
vt 1.423439 1.667370
vt 1.997543 1.370020
vt 1.695355 1.351000
vt 1.423439 1.671420
vt 1.997543 1.374070
vt 1.699249 1.351220
vt 1.423439 1.675480
vt 1.997543 1.378120
vt 1.703143 1.351450
vt 1.423439 1.679530
vt 1.997543 1.382170
vt 1.707038 1.351680
vt 1.423439 1.683580
vt 1.997543 1.386220
vt 1.710932 1.351900
vt 1.423439 1.687630
vt 1.997543 1.390270
vt 1.714826 1.352130
vt 1.423439 1.691680
vt 1.997543 1.394330
vt 1.718721 1.352350
vt 1.423439 1.695740
vt 1.997543 1.398380
vt 1.722615 1.352580
vt 1.423439 1.699790
vt 1.997543 1.402430
vt 1.726509 1.352810
vt 1.950811 1.272800
vt 1.954706 1.273030
vt 1.958600 1.273260
vt 1.962494 1.273480
vt 1.966389 1.273710
vt 1.970283 1.273930
vt 1.974177 1.274160
vt 1.978071 1.274390
vt 1.981966 1.274610
vt 1.985860 1.274840
vt 1.989754 1.275060
vt 1.993649 1.275290
vt 1.997543 1.275520
vt 1.670810 1.056590
vt 1.666916 1.056810
vt 1.663022 1.057040
vt 1.659127 1.057270
vt 1.655233 1.057490
vt 1.651339 1.057720
vt 1.647444 1.057940
vt 1.643550 1.058170
vt 1.639656 1.058400
vt 1.635762 1.058620
vt 1.631867 1.058850
vt 1.627973 1.059070
vt 1.624079 1.059300

f 1/1 2/2 3/3
f 4/4 5/5 2/2
f 6/6 7/7 8/8
f 7/7 6/6 9/9
f 10/10 11/11 9/9
f 10/10 9/9 12/12
f 6/6 13/13 9/9
f 6/6 14/14 13/13
f 14/14 6/6 15/15
f 11/11 10/10 16/16
f 17/17 11/11 16/16
f 18/18 7/7 9/9
f 9/9 11/11 18/18
f 17/17 19/19 11/11
f 17/17 16/16 19/19
f 11/11 19/19 20/20
f 21/21 22/22 23/23
f 21/21 23/23 24/24
f 20/20 19/19 25/25
f 26/26 19/19 27/27
f 19/19 26/26 25/25
f 16/16 28/28 27/27
f 29/29 30/30 31/31
f 29/29 32/32 30/30
f 19/19 16/16 27/27
f 33/33 32/32 29/29
f 22/22 34/34 32/32
f 35/35 32/32 34/34
f 29/29 36/36 37/37
f 13/13 14/14 38/38
f 12/12 13/13 38/38
f 12/12 38/38 39/39
f 9/9 13/13 12/12
f 40/40 12/12 39/39
f 40/40 41/41 37/37
f 36/36 12/12 37/37
f 12/12 40/40 37/37
f 42/42 37/37 41/41
f 33/33 37/37 42/42
f 37/37 33/33 29/29
f 33/33 42/42 23/23
f 23/23 42/42 43/43
f 23/23 43/43 24/24
f 44/44 3/3 45/45
f 46/46 47/47 45/45
f 46/46 45/45 2/2
f 46/46 2/2 5/5
f 3/3 2/2 45/45
f 48/48 22/22 21/21
f 48/48 49/49 22/22
f 22/22 32/32 33/33
f 22/22 33/33 23/23
f 50/50 51/51 52/52
f 53/53 54/54 55/55
f 50/50 56/56 57/57
f 57/57 51/51 50/50
f 58/58 59/59 60/60
f 61/61 51/51 57/57
f 59/59 62/62 63/63
f 64/64 55/55 52/52
f 64/64 65/65 66/66
f 64/64 66/66 53/53
f 50/50 52/52 55/55
f 62/62 59/59 58/58
f 67/67 64/64 52/52
f 68/68 52/52 51/51
f 68/68 67/67 52/52
f 54/54 50/50 55/55
f 69/69 53/53 70/70
f 64/64 53/53 55/55
f 54/54 71/71 50/50
f 53/53 69/69 54/54
f 60/60 70/70 66/66
f 72/72 73/73 74/74
f 72/72 74/74 75/75
f 76/76 77/77 78/78
f 77/77 79/79 75/75
f 79/79 72/72 75/75
f 80/80 75/75 74/74
f 80/80 81/81 77/77
f 77/77 81/81 78/78
f 80/80 77/77 75/75
f 81/81 82/82 78/78
f 83/83 84/84 85/85
f 83/83 86/86 84/84
f 83/83 85/85 82/82
f 81/81 87/87 83/83
f 88/88 83/83 87/87
f 82/82 81/81 83/83
f 50/50 71/71 56/56
f 70/70 53/53 66/66
f 89/89 90/90 91/91
f 92/92 93/93 94/94
f 92/92 95/95 93/93
f 95/95 96/96 93/93
f 95/95 90/90 89/89
f 96/96 97/97 98/98
f 99/99 96/96 95/95
f 100/100 101/101 102/102
f 101/101 103/103 104/104
f 96/96 98/98 105/105
f 106/106 97/97 107/107
f 89/89 91/91 99/99
f 91/91 90/90 108/108
f 109/109 107/107 110/110
f 98/98 100/100 102/102
f 100/100 98/98 97/97
f 111/111 97/97 99/99
f 99/99 97/97 96/96
f 89/89 99/99 95/95
f 111/111 107/107 97/97
f 99/99 91/91 111/111
f 110/110 107/107 111/111
f 112/112 109/109 113/113
f 109/109 110/110 113/113
f 106/106 100/100 97/97
f 107/107 114/114 106/106
f 103/103 101/101 100/100
f 106/106 103/103 100/100
f 114/114 109/109 112/112
f 112/112 113/113 115/115
f 107/107 109/109 114/114
f 116/116 92/92 94/94
f 90/90 95/95 117/117
f 91/91 108/108 110/110
f 115/115 118/118 112/112
f 110/110 108/108 113/113
f 110/110 111/111 91/91
f 65/65 64/64 119/119
f 65/65 58/58 66/66
f 58/58 60/60 66/66
f 78/78 120/120 76/76
f 101/101 104/104 121/121
f 122/122 123/123 124/124
f 124/124 125/125 122/122
f 126/126 127/127 128/128
f 129/129 130/130 131/131
f 132/132 129/129 131/131
f 132/132 128/128 127/127
f 133/133 130/130 134/134
f 127/127 129/129 132/132
f 128/128 135/135 126/126
f 136/136 126/126 135/135
f 137/137 136/136 135/135
f 138/138 137/137 135/135
f 133/133 131/131 130/130
f 133/133 134/134 139/139
f 140/140 141/141 142/142
f 142/142 141/141 143/143
f 144/144 145/145 146/146
f 144/144 146/146 143/143
f 146/146 142/142 143/143
f 147/147 148/148 149/149
f 150/150 142/142 146/146
f 150/150 146/146 151/151
f 152/152 149/149 153/153
f 144/144 154/154 145/145
f 155/155 142/142 147/147
f 155/155 147/147 149/149
f 146/146 145/145 151/151
f 155/155 140/140 142/142
f 154/154 156/156 145/145
f 154/154 157/157 158/158
f 145/145 156/156 151/151
f 154/154 158/158 156/156
f 153/153 159/159 160/160
f 161/161 148/148 162/162
f 156/156 158/158 163/163
f 147/147 142/142 150/150
f 148/148 161/161 159/159
f 156/156 163/163 164/164
f 159/159 153/153 149/149
f 149/149 148/148 159/159
f 148/148 147/147 162/162
f 165/165 156/156 164/164
f 166/166 167/167 150/150
f 166/166 151/151 168/168
f 150/150 151/151 166/166
f 151/151 156/156 168/168
f 168/168 156/156 165/165
f 147/147 150/150 162/162
f 169/169 164/164 163/163
f 170/170 171/171 172/172
f 173/173 174/174 175/175
f 176/176 177/177 178/178
f 176/176 179/179 177/177
f 179/179 176/176 180/180
f 181/181 182/182 183/183
f 176/176 184/184 180/180
f 185/185 186/186 187/187
f 188/188 180/180 189/189
f 176/176 190/190 191/191
f 192/192 193/193 194/194
f 194/194 189/189 192/192
f 190/190 176/176 178/178
f 195/195 190/190 196/196
f 191/191 192/192 184/184
f 186/186 185/185 188/188
f 191/191 184/184 176/176
f 175/175 174/174 197/197
f 189/189 180/180 184/184
f 189/189 198/198 186/186
f 199/199 182/182 174/174
f 183/183 182/182 200/200
f 173/173 200/200 199/199
f 199/199 174/174 173/173
f 201/201 202/202 187/187
f 203/203 204/204 205/205
f 206/206 205/205 204/204
f 182/182 199/199 200/200
f 203/203 197/197 174/174
f 203/203 174/174 204/204
f 205/205 207/207 203/203
f 208/208 189/189 194/194
f 201/201 187/187 186/186
f 201/201 186/186 198/198
f 195/195 191/191 190/190
f 192/192 189/189 184/184
f 209/209 202/210 183/183
f 203/203 207/207 197/197
f 204/204 174/174 210/211
f 210/211 174/174 182/182
f 182/182 181/181 210/211
f 202/210 181/181 183/183
f 188/188 189/189 186/186
f 185/185 202/202 211/212
f 211/212 202/202 212/213
f 212/213 202/202 209/214
f 179/179 180/180 188/188
f 185/185 187/187 202/202
f 208/208 198/198 189/189
f 193/193 213/215 194/194
f 214/216 215/217 216/218
f 217/219 218/220 219/221
f 220/222 221/223 222/224
f 215/217 214/216 223/225
f 214/216 224/226 219/221
f 217/219 219/221 224/226
f 225/227 226/228 227/229
f 227/229 228/230 219/221
f 229/231 230/232 231/233
f 223/225 228/230 220/222
f 223/225 214/216 228/230
f 228/230 227/229 226/228
f 225/227 232/234 220/222
f 226/228 225/227 220/222
f 218/220 233/235 219/221
f 218/220 217/219 234/236
f 235/237 234/236 236/238
f 237/239 236/238 238/240
f 239/241 218/220 240/242
f 240/242 218/220 235/237
f 237/239 231/233 236/238
f 231/233 230/232 236/238
f 237/239 241/243 231/233
f 215/217 223/225 222/224
f 219/221 228/230 214/216
f 220/222 228/230 226/228
f 223/225 220/222 222/224
f 233/235 227/229 219/221
f 218/220 239/241 233/235
f 235/237 218/220 234/236
f 230/232 235/237 236/238
f 238/240 236/238 234/236
f 231/233 241/243 242/244
f 242/244 229/231 231/233
f 243/245 197/197 244/246
f 245/247 246/248 247/249
f 244/246 197/197 207/207
f 247/249 248/250 243/245
f 175/175 197/197 243/245
f 245/247 247/249 243/245
f 248/250 175/175 243/245
f 249/251 247/249 246/248
f 194/194 213/215 208/208
f 204/204 250/252 206/206
f 251/253 252/254 253/255
f 253/255 254/256 251/253
f 251/253 254/256 255/257
f 256/258 254/256 257/259
f 258/260 259/261 257/259
f 257/259 254/256 260/262
f 257/259 259/261 261/263
f 261/263 262/264 257/259
f 256/258 255/257 254/256
f 263/265 255/257 256/258
f 264/266 256/258 265/267
f 264/266 266/268 256/258
f 256/258 257/259 265/267
f 266/268 263/265 256/258
f 266/268 267/269 263/265
f 264/266 265/267 268/270
f 269/271 270/272 263/265
f 267/269 269/271 263/265
f 271/273 272/274 273/275
f 271/273 273/275 274/276
f 265/267 275/277 268/270
f 276/278 277/279 275/277
f 272/274 271/273 276/278
f 271/273 278/280 276/278
f 278/280 271/273 274/276
f 276/278 279/281 277/279
f 278/280 280/282 276/278
f 280/282 279/281 276/278
f 280/282 278/280 281/283
f 277/279 282/284 283/285
f 279/281 280/282 277/279
f 284/286 280/282 281/283
f 285/287 280/282 284/286
f 282/284 277/279 280/282
f 285/287 282/284 280/282
f 285/287 286/288 282/284
f 273/275 272/274 261/263
f 262/264 265/267 257/259
f 275/277 265/267 262/264
f 261/263 272/274 262/264
f 262/264 276/278 275/277
f 262/264 272/274 276/278
f 287/289 288/290 289/291
f 287/289 290/292 291/293
f 292/294 293/295 294/296
f 295/297 296/298 297/299
f 295/297 297/299 288/290
f 298/300 296/298 295/297
f 288/290 287/289 291/293
f 295/297 288/290 291/293
f 287/289 292/294 290/292
f 299/301 295/297 291/293
f 290/292 300/302 291/293
f 295/297 299/301 298/300
f 293/295 301/303 302/304
f 299/301 291/293 300/302
f 290/292 292/294 303/305
f 304/306 305/307 299/301
f 302/304 294/296 293/295
f 306/308 298/300 299/301
f 304/306 299/301 300/302
f 303/305 294/296 307/309
f 292/294 294/296 303/305
f 303/305 300/302 290/292
f 302/304 308/310 309/311
f 294/296 302/304 307/309
f 309/311 307/309 302/304
f 310/312 306/308 299/301
f 307/309 309/311 311/313
f 296/298 312/314 313/315
f 312/314 314/316 313/315
f 312/314 315/317 314/316
f 316/318 317/319 315/317
f 318/320 316/318 315/317
f 317/319 319/321 315/317
f 318/320 315/317 312/314
f 298/300 306/308 296/298
f 320/322 296/298 306/308
f 296/298 320/322 312/314
f 318/320 312/314 320/322
f 317/319 316/318 321/323
f 306/308 310/312 322/324
f 322/324 316/318 320/322
f 318/320 320/322 316/318
f 310/312 316/318 322/324
f 322/324 320/322 306/308
f 323/325 324/326 325/327
f 326/328 327/329 328/330
f 326/328 328/330 329/331
f 328/330 327/329 330/332
f 330/332 327/329 331/333
f 332/334 333/335 334/336
f 334/336 333/335 335/337
f 333/335 336/338 335/337
f 337/339 336/338 338/340
f 338/340 339/341 337/339
f 340/342 341/343 342/344
f 343/345 341/343 340/342
f 344/346 329/331 345/347
f 346/348 329/331 344/346
f 347/349 348/350 349/351
f 350/352 346/348 344/346
f 350/352 351/353 346/348
f 352/354 353/355 354/356
f 352/354 355/357 353/355
f 353/355 355/357 332/334
f 356/358 357/359 358/360
f 359/361 360/362 358/360
f 358/360 360/362 361/363
f 362/364 357/359 356/358
f 356/358 358/360 361/363
f 363/365 361/363 360/362
f 356/358 364/366 362/364
f 361/363 364/366 356/358
f 361/363 365/367 364/366
f 364/366 366/368 367/369
f 364/366 365/367 366/368
f 364/366 367/369 362/364
f 368/370 369/371 370/372
f 371/373 372/374 373/375
f 373/375 374/376 371/373
f 375/377 373/375 376/378
f 376/378 373/375 377/379
f 372/374 377/379 373/375
f 367/369 377/379 378/380
f 367/369 378/380 362/364
f 376/378 366/368 375/377
f 376/378 377/379 367/369
f 366/368 376/378 367/369
f 371/373 379/381 372/374
f 380/382 362/364 378/380
f 381/383 380/382 372/374
f 380/382 377/379 372/374
f 377/379 380/382 378/380
f 381/383 357/359 380/382
f 362/364 380/382 357/359
f 372/374 379/381 381/383
f 382/384 383/385 384/386
f 383/385 385/387 384/386
f 382/384 386/388 387/389
f 387/389 383/385 382/384
f 386/388 388/390 387/389
f 389/391 383/385 387/389
f 383/385 389/391 385/387
f 390/392 388/390 386/388
f 391/393 388/390 390/392
f 388/390 389/391 387/389
f 392/394 389/391 388/390
f 393/395 389/391 392/394
f 394/396 385/387 389/391
f 395/397 396/398 397/399
f 398/400 399/401 396/398
f 396/398 399/401 400/402
f 396/398 400/402 401/403
f 402/404 401/403 403/405
f 401/403 404/406 396/398
f 402/404 404/406 401/403
f 404/406 397/399 396/398
f 405/407 397/399 404/406
f 405/407 404/406 406/408
f 405/407 390/392 397/399
f 391/393 390/392 405/407
f 407/409 408/410 409/411
f 409/411 410/412 407/409
f 408/410 407/409 411/413
f 411/413 412/414 413/415
f 414/416 415/417 408/410
f 414/416 408/410 411/413
f 415/417 414/416 416/418
f 412/414 411/413 407/409
f 417/419 414/416 411/413
f 416/418 414/416 417/419
f 418/420 417/419 411/413
f 419/421 413/415 420/422
f 413/415 412/414 420/422
f 421/423 408/410 415/417
f 408/410 421/423 422/424
f 416/418 423/425 415/417
f 421/423 415/417 424/426
f 421/423 424/426 422/424
f 423/425 425/427 415/417
f 425/427 423/425 426/428
f 425/427 427/429 424/426
f 424/426 415/417 425/427
f 422/424 409/411 408/410
f 422/424 428/430 429/431
f 390/392 386/388 430/432
f 382/384 384/386 386/388
f 384/386 430/432 386/388
f 396/398 431/433 398/400
f 431/433 396/398 395/397
f 409/411 429/431 410/412
f 422/424 429/431 409/411
f 432/434 433/435 434/436
f 435/437 436/438 437/439
f 436/438 435/437 438/440
f 439/441 440/442 441/443
f 442/444 443/445 444/446
f 445/447 446/448 447/449
f 447/449 442/444 445/447
f 444/446 443/445 448/450
f 442/444 444/446 445/447
f 447/449 449/451 450/452
f 444/446 451/453 445/447
f 452/454 450/452 453/455
f 450/452 452/454 447/449
f 454/456 452/454 453/455
f 442/444 455/457 440/442
f 456/458 457/459 458/460
f 459/461 456/458 460/462
f 451/453 461/463 462/464
f 463/465 464/466 465/467
f 466/468 467/469 468/470
f 469/471 450/452 470/472
f 471/473 452/454 454/456
f 442/444 440/442 443/445
f 467/469 472/474 468/470
f 446/448 472/474 449/451
f 442/444 447/449 452/454
f 473/475 474/476 475/477
f 476/478 449/451 472/474
f 467/469 477/479 472/474
f 472/474 477/479 476/478
f 451/453 466/468 468/470
f 451/453 468/470 445/447
f 446/448 449/451 447/449
f 445/447 468/470 446/448
f 478/480 470/472 479/481
f 480/482 481/483 482/484
f 476/478 483/485 484/486
f 476/478 484/486 479/481
f 478/480 469/471 470/472
f 473/475 485/487 486/488
f 487/489 476/478 479/481
f 449/451 476/478 470/472
f 449/451 470/472 450/452
f 483/490 488/491 484/492
f 477/479 467/469 481/483
f 476/478 480/482 483/485
f 477/479 480/482 476/478
f 482/484 483/485 480/482
f 482/493 488/491 483/490
f 443/445 440/442 489/494
f 473/475 490/495 474/476
f 477/479 481/483 480/482
f 491/496 492/497 488/491
f 473/475 493/498 494/499
f 494/499 495/500 496/501
f 497/502 473/475 494/499
f 492/497 491/496 498/503
f 499/504 500/505 495/500
f 497/502 494/499 496/501
f 495/500 500/505 501/506
f 497/502 496/501 502/507
f 492/497 498/503 503/508
f 496/501 501/506 504/509
f 496/501 505/510 502/507
f 495/500 501/506 496/501
f 502/507 506/511 507/512
f 492/497 503/508 508/513
f 506/511 505/510 509/514
f 505/510 506/511 502/507
f 501/506 510/515 504/509
f 504/509 510/515 511/516
f 509/514 505/510 504/509
f 510/515 512/517 511/516
f 505/510 496/501 504/509
f 513/518 503/508 514/519
f 514/519 503/508 515/520
f 514/519 516/521 513/518
f 513/518 517/522 508/513
f 518/523 517/522 513/518
f 510/515 519/524 512/517
f 516/521 514/519 520/525
f 521/526 511/516 522/527
f 508/513 503/508 513/518
f 522/527 516/528 520/529
f 504/509 511/516 509/514
f 511/516 512/517 523/530
f 524/531 518/523 513/518
f 513/518 516/521 524/531
f 473/475 486/488 490/495
f 524/531 525/532 518/523
f 523/530 512/517 524/533
f 522/527 523/530 516/528
f 522/527 511/516 523/530
f 516/528 523/530 524/533
f 524/531 526/534 525/532
f 527/535 528/536 529/537
f 468/470 472/474 446/448
f 527/535 530/538 528/536
f 527/535 531/539 530/538
f 528/536 532/540 533/541
f 454/542 534/543 436/438
f 531/539 535/544 534/543
f 536/545 537/546 438/440
f 538/547 539/548 457/459
f 539/548 540/549 457/459
f 537/546 536/545 541/550
f 537/546 454/542 436/438
f 542/551 457/459 459/461
f 543/552 531/539 534/543
f 537/546 436/438 438/440
f 543/552 534/543 454/542
f 444/446 448/450 461/463
f 452/454 544/553 442/444
f 530/538 531/539 543/552
f 538/547 457/459 542/551
f 473/475 497/502 485/487
f 545/554 451/453 462/464
f 540/549 546/555 457/459
f 459/461 460/462 547/556
f 462/464 461/463 460/462
f 542/551 459/461 548/557
f 548/557 459/461 547/556
f 460/462 549/558 462/464
f 547/556 461/463 550/559
f 538/547 542/551 551/560
f 551/560 539/548 538/547
f 457/459 456/458 459/461
f 461/463 448/450 550/559
f 547/556 460/462 461/463
f 444/446 461/463 451/453
f 552/561 553/562 554/563
f 554/563 553/562 466/468
f 540/549 555/564 546/555
f 456/458 458/460 556/565
f 546/555 557/566 458/460
f 553/562 556/565 558/567
f 456/458 556/565 552/561
f 458/460 559/568 556/565
f 466/468 553/562 467/469
f 553/562 558/567 467/469
f 556/565 553/562 552/561
f 546/555 458/460 457/459
f 558/567 481/483 467/469
f 555/564 557/566 546/555
f 559/568 560/569 556/565
f 560/569 558/567 556/565
f 561/570 562/571 560/569
f 458/460 557/566 559/568
f 563/572 560/569 559/568
f 563/572 561/570 560/569
f 558/567 560/569 562/571
f 481/483 558/567 562/571
f 561/570 482/484 562/571
f 557/566 555/564 563/572
f 563/572 559/568 557/566
f 485/487 564/573 486/488
f 482/493 561/574 488/491
f 562/571 482/484 481/483
f 491/496 561/574 563/575
f 561/574 491/496 488/491
f 555/576 565/577 566/578
f 563/575 566/578 491/496
f 563/575 555/576 566/578
f 566/578 565/577 567/579
f 567/579 498/503 491/496
f 566/578 567/579 491/496
f 565/577 568/580 567/579
f 503/508 498/503 567/579
f 567/579 568/580 503/508
f 569/581 570/582 571/583
f 572/584 571/583 570/582
f 463/465 465/467 573/585
f 572/584 465/467 464/466
f 571/583 574/586 575/587
f 569/581 576/588 570/582
f 570/582 465/467 572/584
f 577/589 575/587 574/586
f 463/465 573/585 576/588
f 578/590 576/588 579/591
f 578/590 463/465 576/588
f 571/583 575/587 569/581
f 577/589 502/507 507/512
f 569/581 575/587 576/588
f 579/591 576/588 580/592
f 578/590 579/591 581/593
f 515/520 520/525 514/519
f 580/592 576/588 575/587
f 515/520 503/508 568/580
f 575/587 582/594 580/592
f 575/587 507/512 582/594
f 582/594 583/595 580/592
f 580/592 583/595 579/591
f 575/587 577/589 507/512
f 520/529 515/596 584/597
f 584/597 581/593 579/591
f 584/597 579/591 583/595
f 584/597 585/598 581/593
f 509/514 521/526 506/511
f 522/527 520/529 584/597
f 583/595 582/594 522/527
f 584/597 583/595 522/527
f 507/512 521/526 582/594
f 521/526 507/512 506/511
f 582/594 521/526 522/527
f 586/599 534/543 587/600
f 534/543 437/439 436/438
f 534/543 434/436 437/439
f 534/543 432/434 434/436
f 521/526 509/514 511/516
f 586/599 588/601 534/543
f 587/600 534/543 535/544
f 533/541 529/537 528/536
f 531/539 589/602 535/544
f 439/441 590/603 489/494
f 439/441 489/494 440/442
f 489/494 590/603 448/450
f 591/604 475/477 592/605
f 443/445 489/494 448/450
f 591/604 593/606 475/477
f 594/607 550/559 448/450
f 595/608 596/609 597/610
f 595/608 598/611 596/609
f 599/612 600/613 601/614
f 602/615 603/616 600/613
f 604/617 602/615 600/613
f 605/618 606/619 607/620
f 600/613 608/621 609/622
f 600/613 599/612 607/620
f 607/620 610/623 608/621
f 606/619 605/618 611/624
f 606/619 610/623 607/620
f 612/625 606/619 611/624
f 609/622 613/626 614/627
f 604/617 600/613 609/622
f 597/610 602/615 604/617
f 600/613 607/620 608/621
f 604/617 609/622 614/627
f 601/614 603/616 615/628
f 601/614 600/613 603/616
f 616/629 595/608 597/610
f 601/614 617/630 599/612
f 597/610 604/617 618/631
f 597/610 618/631 616/629
f 616/629 618/631 619/632
f 474/476 592/605 475/477
f 475/477 493/498 473/475
f 594/607 448/450 590/603
f 620/633 621/634 622/635
f 620/633 622/635 623/636
f 620/633 624/637 621/634
f 622/635 621/634 625/638
f 626/639 627/640 628/641
f 629/642 625/638 626/639
f 630/643 624/637 631/644
f 632/645 622/635 625/638
f 620/633 633/646 634/647
f 631/644 635/648 636/649
f 620/633 634/647 624/637
f 626/639 625/638 627/640
f 637/650 638/651 639/652
f 640/653 637/650 639/652
f 637/650 641/654 638/651
f 642/655 640/653 639/652
f 643/656 642/655 644/657
f 642/655 639/652 644/657
f 642/655 645/658 640/653
f 646/659 647/660 648/661
f 646/659 649/662 647/660
f 650/663 649/662 646/659
f 650/663 651/664 649/662
f 649/662 651/664 652/665
f 653/666 650/663 654/667
f 646/659 654/667 650/663
f 654/667 648/661 655/668
f 654/667 646/659 648/661
f 656/669 653/666 654/667
f 657/670 658/671 659/672
f 660/673 659/672 655/668
f 656/669 655/668 658/671
f 656/669 654/667 655/668
f 655/668 659/672 658/671
f 661/674 657/670 659/672
f 662/675 624/637 634/647
f 663/676 664/677 665/678
f 666/679 662/675 663/676
f 634/647 667/680 663/676
f 667/680 668/681 664/677
f 630/643 669/682 621/634
f 667/680 664/677 663/676
f 662/675 634/647 663/676
f 670/683 631/644 662/675
f 631/644 624/637 662/675
f 627/640 621/634 669/682
f 665/678 666/679 663/676
f 665/678 671/684 666/679
f 672/685 666/679 671/684
f 673/686 666/679 672/685
f 673/686 670/683 662/675
f 662/675 666/679 673/686
f 674/687 675/688 676/689
f 677/690 676/689 675/688
f 678/691 674/687 676/689
f 679/692 680/693 681/694
f 676/689 682/695 678/691
f 681/694 677/690 675/688
f 665/678 683/696 671/684
f 631/644 636/649 630/643
f 621/634 624/637 630/643
f 627/640 625/638 621/634
f 669/682 628/641 627/640
f 684/697 626/639 628/641
f 685/698 686/699 687/700
f 685/698 688/701 686/699
f 686/699 688/701 689/702
f 686/699 690/703 687/700
f 691/704 692/705 693/706
f 170/170 692/705 171/171
f 694/707 695/708 696/709
f 694/707 697/710 695/708
f 698/711 699/712 695/708
f 695/708 691/704 693/706
f 123/123 700/713 701/714
f 124/124 123/123 701/714
f 695/708 697/710 698/711
f 701/714 696/709 124/124
f 702/715 703/716 704/717
f 705/718 702/715 704/717
f 696/709 693/706 170/170
f 706/719 124/124 696/709
f 693/706 692/705 170/170
f 695/708 699/712 691/704
f 170/170 706/719 696/709
f 695/708 693/706 696/709
f 707/720 705/718 704/717
f 705/718 708/721 709/722
f 694/707 696/709 700/713
f 698/711 708/721 699/712
f 691/704 710/723 692/705
f 708/721 698/711 709/722
f 707/720 710/723 711/724
f 699/712 708/721 711/724
f 710/723 171/171 692/705
f 701/714 700/713 696/709
f 708/721 705/718 711/724
f 707/720 711/724 705/718
f 699/712 711/724 691/704
f 711/724 710/723 691/704
f 712/725 713/726 714/727
f 715/728 712/725 714/727
f 716/729 717/730 718/731
f 719/732 713/726 720/733
f 721/734 718/731 717/730
f 720/733 713/726 721/734
f 721/734 713/726 718/731
f 719/732 714/727 713/726
f 722/735 723/736 724/737
f 725/738 726/739 727/740
f 728/741 727/740 726/739
f 722/735 728/741 726/739
f 726/739 723/736 722/735
f 729/742 730/743 724/737
f 731/744 729/742 724/737
f 724/737 730/743 732/745
f 733/746 732/745 734/747
f 731/744 724/737 735/748
f 736/749 734/747 730/743
f 729/742 736/749 730/743
f 734/747 732/745 730/743
f 722/735 724/737 732/745
f 737/750 732/745 733/746
f 738/751 722/735 732/745
f 739/752 724/737 723/736
f 724/737 739/752 740/753
f 736/749 729/742 731/744
f 724/737 740/753 735/748
f 741/754 742/755 743/756
f 744/757 745/758 746/759
f 747/760 748/761 749/762
f 750/763 751/764 752/765
f 750/763 752/765 753/766
f 754/767 741/754 743/756
f 755/768 756/769 757/770
f 755/768 743/756 756/769
f 757/770 758/771 759/772
f 759/772 758/771 760/773
f 761/774 758/771 762/775
f 763/776 764/777 765/778
f 763/776 766/779 764/777
f 763/776 765/778 760/773
f 767/780 758/771 761/774
f 763/776 760/773 767/780
f 755/768 757/770 759/772
f 768/781 748/761 769/782
f 770/783 771/784 769/782
f 759/772 772/785 755/768
f 770/783 773/786 774/787
f 759/772 774/787 772/785
f 755/768 772/785 775/788
f 773/786 772/785 774/787
f 760/773 758/771 767/780
f 762/775 757/770 776/789
f 766/779 763/776 761/774
f 763/776 767/780 761/774
f 764/777 777/790 765/778
f 743/756 757/770 756/769
f 748/761 768/781 751/764
f 747/760 770/783 769/782
f 771/784 770/783 774/787
f 746/759 745/758 778/791
f 747/760 769/782 748/761
f 749/762 748/761 751/764
f 777/790 764/777 746/759
f 746/759 778/791 777/790
f 745/758 779/792 751/764
f 752/765 751/764 779/792
f 778/791 751/764 768/781
f 751/764 778/791 745/758
f 780/793 757/770 743/756
f 742/755 780/793 743/756
f 780/793 776/789 757/770
f 762/775 758/771 757/770
f 680/693 679/692 781/794
f 782/795 781/794 679/692
f 782/795 783/796 781/794
f 784/797 783/796 782/795
f 785/798 786/799 787/800
f 786/799 788/801 787/800
f 786/799 789/802 788/801
f 790/803 788/801 789/802
f 791/804 790/803 792/805
f 791/804 793/806 790/803
f 793/806 794/807 790/803
f 792/805 795/808 791/804
f 792/805 790/803 789/802
f 795/808 796/809 797/810
f 795/808 792/805 796/809
f 796/809 792/805 798/811
f 792/805 789/802 798/811
f 680/693 677/690 681/694
f 682/695 676/689 677/690
f 799/812 800/813 801/814
f 799/812 802/815 800/813
f 428/430 803/816 429/431
f 804/817 429/431 803/816
f 428/430 805/818 803/816
f 806/819 803/816 805/818
f 807/820 808/821 809/822
f 808/821 810/823 809/822
f 810/823 806/819 809/822
f 811/824 812/825 813/826
f 812/825 814/827 813/826
f 812/825 811/824 412/414
f 815/828 816/829 407/409
f 410/412 815/828 407/409
f 420/422 412/414 811/824
f 817/830 810/823 808/821
f 407/409 816/829 412/414
f 812/825 412/414 816/829
f 410/412 429/431 804/817
f 812/825 818/831 814/827
f 813/826 814/827 819/832
f 820/833 821/834 822/835
f 727/740 801/814 725/738
f 799/812 801/814 727/740
f 814/827 823/836 819/832
f 822/835 821/834 817/830
f 816/829 818/831 812/825
f 818/831 823/836 814/827
f 410/412 804/817 820/833
f 820/833 804/817 821/834
f 824/837 822/835 817/830
f 817/830 821/834 810/823
f 825/838 826/839 827/840
f 826/839 824/837 828/841
f 818/831 822/835 826/839
f 825/838 818/831 826/839
f 826/839 822/835 824/837
f 821/834 804/817 810/823
f 824/837 817/830 829/842
f 826/839 828/841 827/840
f 824/837 829/842 828/841
f 808/821 807/820 829/842
f 827/840 828/841 807/820
f 804/817 803/816 810/823
f 810/823 803/816 806/819
f 828/841 829/842 807/820
f 830/843 831/844 832/845
f 829/842 817/830 808/821
f 830/843 833/846 831/844
f 831/844 834/847 835/848
f 831/844 833/846 834/847
f 836/849 837/850 838/851
f 834/847 838/851 835/848
f 835/848 838/851 839/852
f 831/844 835/848 840/853
f 836/849 838/851 834/847
f 838/851 837/850 839/852
f 836/849 841/854 842/855
f 837/850 836/849 842/855
f 843/856 842/855 844/857
f 845/858 846/859 847/860
f 848/861 845/858 844/857
f 842/855 841/854 844/857
f 844/857 841/854 848/861
f 846/859 849/862 850/863
f 851/864 850/863 849/862
f 845/858 848/861 849/862
f 846/859 845/858 849/862
f 848/861 841/854 852/865
f 848/861 852/865 849/862
f 853/866 849/862 852/865
f 853/866 851/864 849/862
f 851/864 854/867 850/863
f 853/866 854/867 851/864
f 855/868 853/866 852/865
f 745/758 744/757 779/792
f 856/869 857/870 858/871
f 859/872 857/870 856/869
f 859/872 856/869 860/873
f 861/874 862/875 863/876
f 864/877 865/878 862/879
f 862/879 865/878 866/880
f 864/877 862/879 867/881
f 868/882 869/883 870/884
f 868/882 871/885 869/883
f 871/885 872/886 869/883
f 870/884 873/887 868/882
f 870/884 874/888 873/887
f 875/889 876/890 877/891
f 878/892 879/893 880/894
f 881/895 879/893 878/892
f 882/896 883/897 884/898
f 885/899 886/900 887/901
f 888/902 887/901 886/900
f 889/903 876/890 887/901
f 877/891 876/890 890/904
f 876/890 889/903 890/904
f 885/899 887/901 876/890
f 877/891 890/904 891/905
f 891/905 892/906 893/907
f 893/907 877/891 891/905
f 892/906 369/371 893/907
f 894/908 892/906 895/909
f 895/909 896/910 897/911
f 898/912 897/911 896/910
f 892/906 894/908 369/371
f 368/370 893/907 369/371
f 897/911 894/908 895/909
f 897/911 882/896 894/908
f 894/908 899/913 369/371
f 894/908 884/898 900/914
f 884/898 894/908 882/896
f 882/896 901/915 883/897
f 902/916 903/917 904/918
f 905/919 904/918 903/917
f 906/920 907/921 908/922
f 909/923 908/922 907/921
f 910/924 911/925 912/926
f 913/927 912/926 911/925
f 903/917 902/916 914/928
f 915/929 914/928 902/916
f 916/930 908/922 917/931
f 909/923 917/931 908/922
f 912/926 913/927 918/932
f 919/933 918/932 913/927
f 920/934 914/928 921/935
f 915/929 921/935 914/928
f 922/936 916/930 923/937
f 917/931 923/937 916/930
f 918/932 919/933 924/938
f 925/939 924/938 919/933
f 926/940 920/934 927/941
f 921/935 927/941 920/934
f 923/937 928/942 922/936
f 929/943 922/936 928/942
f 930/944 924/938 931/945
f 925/939 931/945 924/938
f 927/941 932/946 926/940
f 933/947 926/940 932/946
f 934/948 929/943 935/949
f 928/942 935/949 929/943
f 936/950 930/944 937/951
f 931/945 937/951 930/944
f 938/952 933/947 939/953
f 932/946 939/953 933/947
f 940/954 934/948 941/955
f 935/949 941/955 934/948
f 942/956 936/950 943/957
f 937/951 943/957 936/950
f 944/958 938/952 945/959
f 939/953 945/959 938/952
f 941/955 946/960 940/954
f 947/961 940/954 946/960
f 948/962 942/956 949/963
f 943/957 949/963 942/956
f 945/959 950/964 944/958
f 951/965 944/958 950/964
f 952/966 953/967 946/960
f 947/961 946/960 953/967
f 954/968 948/962 955/969
f 949/963 955/969 948/962
f 950/964 956/970 951/965
f 957/971 951/965 956/970
f 953/967 952/966 958/972
f 959/973 958/972 952/966
f 960/974 961/975 955/969
f 954/968 955/969 961/975
f 957/971 956/970 962/976
f 963/977 962/976 956/970
f 958/972 959/973 964/978
f 965/979 964/978 959/973
f 961/975 960/974 966/980
f 967/981 966/980 960/974
f 963/977 968/982 962/976
f 969/983 962/976 968/982
f 970/984 964/978 971/985
f 965/979 971/985 964/978
f 966/980 967/981 972/986
f 973/987 972/986 967/981
f 974/988 969/983 975/989
f 968/982 975/989 969/983
f 976/990 970/984 977/991
f 971/985 977/991 970/984
f 972/986 973/987 978/992
f 979/993 978/992 973/987
f 980/994 981/995 982/996
f 983/997 982/996 981/995
f 984/998 985/999 986/1000
f 987/1001 986/1000 985/999
f 988/1002 989/1003 990/1004
f 991/1005 990/1004 989/1003
f 982/996 992/1006 980/994
f 993/1007 980/994 992/1006
f 994/1008 995/1009 985/999
f 987/1001 985/999 995/1009
f 996/1010 988/1002 997/1011
f 990/1004 997/1011 988/1002
f 998/1012 999/1013 992/1006
f 993/1007 992/1006 999/1013
f 1000/1014 1001/1015 994/1008
f 995/1009 994/1008 1001/1015
f 997/1011 1002/1016 996/1010
f 1003/1017 996/1010 1002/1016
f 1004/1018 1005/1019 998/1012
f 999/1013 998/1012 1005/1019
f 1001/1015 1000/1014 1006/1020
f 1007/1021 1006/1020 1000/1014
f 1008/1022 1009/1023 1002/1016
f 1003/1017 1002/1016 1009/1023
f 1005/1019 1004/1018 1010/1024
f 1011/1025 1010/1024 1004/1018
f 1012/1026 1013/1027 1007/1021
f 1006/1020 1007/1021 1013/1027
f 1014/1028 1015/1029 1008/1022
f 1009/1023 1008/1022 1015/1029
f 1016/1030 1017/1031 1011/1025
f 1010/1024 1011/1025 1017/1031
f 1018/1032 1019/1033 1012/1026
f 1013/1027 1012/1026 1019/1033
f 1020/1034 1021/1035 1014/1028
f 1015/1029 1014/1028 1021/1035
f 1022/1036 1023/1037 1016/1030
f 1017/1031 1016/1030 1023/1037
f 1019/1033 1018/1032 1024/1038
f 1025/1039 1024/1038 1018/1032
f 1026/1040 1027/1041 1020/1034
f 1021/1035 1020/1034 1027/1041
f 1023/1037 1022/1036 1028/1042
f 1029/1043 1028/1042 1022/1036
f 1030/1044 1024/1038 1031/1045
f 1025/1039 1031/1045 1024/1038
f 1032/1046 1033/1047 1026/1040
f 1027/1041 1026/1040 1033/1047
f 1034/1048 1028/1042 1035/1049
f 1029/1043 1035/1049 1028/1042
f 1036/1050 1030/1044 1037/1051
f 1031/1045 1037/1051 1030/1044
f 1038/1052 1033/1047 1039/1053
f 1032/1046 1039/1053 1033/1047
f 1035/1049 1040/1054 1034/1048
f 1041/1055 1034/1048 1040/1054
f 1037/1051 1042/1056 1036/1050
f 1043/1057 1036/1050 1042/1056
f 1044/1058 1038/1052 1045/1059
f 1039/1053 1045/1059 1038/1052
f 1041/1055 1040/1054 1046/1060
f 1047/1061 1046/1060 1040/1054
f 1048/1062 1049/1063 1042/1056
f 1043/1057 1042/1056 1049/1063
f 1050/1064 1044/1058 1051/1065
f 1045/1059 1051/1065 1044/1058
f 1052/1066 1053/1067 1047/1061
f 1046/1060 1047/1061 1053/1067
f 1054/1068 1055/1069 1048/1062
f 1049/1063 1048/1062 1055/1069
f 1051/1065 1056/1070 1050/1064
f 1057/1071 1050/1064 1056/1070
f 905/919 903/917 1058/1072
f 1059/1073 1058/1072 903/917
f 1060/1074 906/1075 1061/1076
f 908/1077 1061/1076 906/1075
f 1062/1078 1063/1079 912/926
f 910/924 912/926 1063/1079
f 903/917 914/928 1059/1073
f 1064/1080 1059/1073 914/928
f 1061/1076 908/1077 1065/1081
f 916/1082 1065/1081 908/1077
f 1066/1083 1062/1078 918/932
f 912/926 918/932 1062/1078
f 1067/1084 1064/1080 920/934
f 914/928 920/934 1064/1080
f 922/1085 1068/1086 916/1082
f 1065/1081 916/1082 1068/1086
f 1069/1087 1066/1083 924/938
f 918/932 924/938 1066/1083
f 1067/1084 920/934 1070/1088
f 926/940 1070/1088 920/934
f 1068/1086 922/1085 1071/1089
f 929/1090 1071/1089 922/1085
f 1072/1091 1069/1087 930/944
f 924/938 930/944 1069/1087
f 933/947 1073/1092 926/940
f 1070/1088 926/940 1073/1092
f 1071/1089 929/1090 1074/1093
f 934/1094 1074/1093 929/1090
f 930/944 936/950 1072/1091
f 1075/1095 1072/1091 936/950
f 1076/1096 1073/1092 938/952
f 933/947 938/952 1073/1092
f 940/1097 1077/1098 934/1094
f 1074/1093 934/1094 1077/1098
f 1075/1095 936/950 1078/1099
f 942/956 1078/1099 936/950
f 1076/1096 938/952 1079/1100
f 944/958 1079/1100 938/952
f 1080/1101 1077/1098 947/1102
f 940/1097 947/1102 1077/1098
f 1078/1099 942/956 1081/1103
f 948/962 1081/1103 942/956
f 951/965 1082/1104 944/958
f 1079/1100 944/958 1082/1104
f 947/1102 953/1105 1080/1101
f 1083/1106 1080/1101 953/1105
f 1081/1103 948/962 1084/1107
f 954/968 1084/1107 948/962
f 1085/1108 1082/1104 957/971
f 951/965 957/971 1082/1104
f 953/1105 958/1109 1083/1106
f 1086/1110 1083/1106 958/1109
f 1084/1107 954/968 1087/1111
f 961/975 1087/1111 954/968
f 957/971 962/976 1085/1108
f 1088/1112 1085/1108 962/976
f 1086/1110 958/1109 1089/1113
f 964/1114 1089/1113 958/1109
f 1090/1115 1087/1111 966/980
f 961/975 966/980 1087/1111
f 962/976 969/983 1088/1112
f 1091/1116 1088/1112 969/983
f 1089/1113 964/1114 1092/1117
f 970/1118 1092/1117 964/1114
f 1093/1119 1090/1115 972/986
f 966/980 972/986 1090/1115
f 1094/1120 1091/1116 974/988
f 969/983 974/988 1091/1116
f 976/1121 1095/1122 970/1118
f 1092/1117 970/1118 1095/1122
f 1096/1123 1093/1119 978/992
f 972/986 978/992 1093/1119
f 983/997 1097/1124 982/996
f 1098/1125 982/996 1097/1124
f 985/1126 984/1127 1099/1128
f 1100/1129 1099/1128 984/1127
f 1101/1130 990/1004 1102/1131
f 991/1005 1102/1131 990/1004
f 992/1006 982/996 1103/1132
f 1098/1125 1103/1132 982/996
f 1099/1128 1104/1133 985/1126
f 994/1134 985/1126 1104/1133
f 1105/1135 997/1011 1101/1130
f 990/1004 1101/1130 997/1011
f 1106/1136 998/1012 1103/1132
f 992/1006 1103/1132 998/1012
f 1000/1137 994/1134 1107/1138
f 1104/1133 1107/1138 994/1134
f 1108/1139 1002/1016 1105/1135
f 997/1011 1105/1135 1002/1016
f 1106/1136 1109/1140 998/1012
f 1004/1018 998/1012 1109/1140
f 1007/1141 1000/1137 1110/1142
f 1107/1138 1110/1142 1000/1137
f 1111/1143 1008/1022 1108/1139
f 1002/1016 1108/1139 1008/1022
f 1011/1025 1004/1018 1112/1144
f 1109/1140 1112/1144 1004/1018
f 1110/1142 1113/1145 1007/1141
f 1012/1146 1007/1141 1113/1145
f 1014/1028 1008/1022 1114/1147
f 1111/1143 1114/1147 1008/1022
f 1115/1148 1016/1030 1112/1144
f 1011/1025 1112/1144 1016/1030
f 1018/1149 1012/1146 1116/1150
f 1113/1145 1116/1150 1012/1146
f 1020/1034 1014/1028 1117/1151
f 1114/1147 1117/1151 1014/1028
f 1115/1148 1118/1152 1016/1030
f 1022/1036 1016/1030 1118/1152
f 1119/1153 1025/1154 1116/1150
f 1018/1149 1116/1150 1025/1154
f 1026/1040 1020/1034 1120/1155
f 1117/1151 1120/1155 1020/1034
f 1029/1043 1022/1036 1121/1156
f 1118/1152 1121/1156 1022/1036
f 1025/1154 1119/1153 1031/1157
f 1122/1158 1031/1157 1119/1153
f 1032/1046 1026/1040 1123/1159
f 1120/1155 1123/1159 1026/1040
f 1124/1160 1035/1049 1121/1156
f 1029/1043 1121/1156 1035/1049
f 1031/1157 1122/1158 1037/1161
f 1125/1162 1037/1161 1122/1158
f 1123/1159 1126/1163 1032/1046
f 1039/1053 1032/1046 1126/1163
f 1035/1049 1124/1160 1040/1054
f 1127/1164 1040/1054 1124/1160
f 1042/1165 1037/1161 1128/1166
f 1125/1162 1128/1166 1037/1161
f 1129/1167 1045/1059 1126/1163
f 1039/1053 1126/1163 1045/1059
f 1047/1061 1040/1054 1130/1168
f 1127/1164 1130/1168 1040/1054
f 1128/1166 1131/1169 1042/1165
f 1048/1170 1042/1165 1131/1169
f 1132/1171 1051/1065 1129/1167
f 1045/1059 1129/1167 1051/1065
f 1133/1172 1052/1066 1130/1168
f 1047/1061 1130/1168 1052/1066
f 1054/1173 1048/1170 1134/1174
f 1131/1169 1134/1174 1048/1170
f 1135/1175 1056/1070 1132/1171
f 1051/1065 1132/1171 1056/1070
f 1136/1176 1058/1072 1137/1177
f 1059/1073 1137/1177 1058/1072
f 1138/1178 1139/1179 1061/1076
f 1060/1074 1061/1076 1139/1179
f 1140/1180 1063/1079 1141/1181
f 1062/1078 1141/1181 1063/1079
f 1142/1182 1137/1177 1064/1080
f 1059/1073 1064/1080 1137/1177
f 1143/1183 1138/1178 1065/1081
f 1061/1076 1065/1081 1138/1178
f 1141/1181 1062/1078 1144/1184
f 1066/1083 1144/1184 1062/1078
f 1145/1185 1142/1182 1067/1084
f 1064/1080 1067/1084 1142/1182
f 1146/1186 1143/1183 1068/1086
f 1065/1081 1068/1086 1143/1183
f 1144/1184 1066/1083 1147/1187
f 1069/1087 1147/1187 1066/1083
f 1148/1188 1145/1185 1070/1088
f 1067/1084 1070/1088 1145/1185
f 1149/1189 1146/1186 1071/1089
f 1068/1086 1071/1089 1146/1186
f 1147/1187 1069/1087 1150/1190
f 1072/1091 1150/1190 1069/1087
f 1070/1088 1073/1092 1148/1188
f 1151/1191 1148/1188 1073/1092
f 1074/1093 1152/1192 1071/1089
f 1149/1189 1071/1089 1152/1192
f 1153/1193 1150/1190 1075/1095
f 1072/1091 1075/1095 1150/1190
f 1154/1194 1151/1191 1076/1096
f 1073/1092 1076/1096 1151/1191
f 1152/1192 1074/1093 1155/1195
f 1077/1098 1155/1195 1074/1093
f 1075/1095 1078/1099 1153/1193
f 1156/1196 1153/1193 1078/1099
f 1154/1194 1076/1096 1157/1197
f 1079/1100 1157/1197 1076/1096
f 1155/1195 1077/1098 1158/1198
f 1080/1101 1158/1198 1077/1098
f 1156/1196 1078/1099 1159/1199
f 1081/1103 1159/1199 1078/1099
f 1160/1200 1157/1197 1082/1104
f 1079/1100 1082/1104 1157/1197
f 1158/1198 1080/1101 1161/1201
f 1083/1106 1161/1201 1080/1101
f 1159/1199 1081/1103 1162/1202
f 1084/1107 1162/1202 1081/1103
f 1163/1203 1160/1200 1085/1108
f 1082/1104 1085/1108 1160/1200
f 1164/1204 1161/1201 1086/1110
f 1083/1106 1086/1110 1161/1201
f 1162/1202 1084/1107 1165/1205
f 1087/1111 1165/1205 1084/1107
f 1163/1203 1085/1108 1166/1206
f 1088/1112 1166/1206 1085/1108
f 1167/1207 1164/1204 1089/1113
f 1086/1110 1089/1113 1164/1204
f 1165/1205 1087/1111 1168/1208
f 1090/1115 1168/1208 1087/1111
f 1169/1209 1166/1206 1091/1116
f 1088/1112 1091/1116 1166/1206
f 1170/1210 1167/1207 1092/1117
f 1089/1113 1092/1117 1167/1207
f 1168/1208 1090/1115 1171/1211
f 1093/1119 1171/1211 1090/1115
f 1172/1212 1169/1209 1094/1120
f 1091/1116 1094/1120 1169/1209
f 1173/1213 1170/1210 1095/1122
f 1092/1117 1095/1122 1170/1210
f 1171/1211 1093/1119 1174/1214
f 1096/1123 1174/1214 1093/1119
f 1098/1125 1097/1124 1175/1215
f 1176/1216 1175/1215 1097/1124
f 1177/1217 1099/1128 1178/1218
f 1100/1129 1178/1218 1099/1128
f 1101/1130 1102/1131 1179/1219
f 1180/1220 1179/1219 1102/1131
f 1181/1221 1103/1132 1175/1215
f 1098/1125 1175/1215 1103/1132
f 1182/1222 1104/1133 1177/1217
f 1099/1128 1177/1217 1104/1133
f 1105/1135 1101/1130 1183/1223
f 1179/1219 1183/1223 1101/1130
f 1184/1224 1106/1136 1181/1221
f 1103/1132 1181/1221 1106/1136
f 1185/1225 1107/1138 1182/1222
f 1104/1133 1182/1222 1107/1138
f 1108/1139 1105/1135 1186/1226
f 1183/1223 1186/1226 1105/1135
f 1187/1227 1109/1140 1184/1224
f 1106/1136 1184/1224 1109/1140
f 1188/1228 1110/1142 1185/1225
f 1107/1138 1185/1225 1110/1142
f 1111/1143 1108/1139 1189/1229
f 1186/1226 1189/1229 1108/1139
f 1109/1140 1187/1227 1112/1144
f 1190/1230 1112/1144 1187/1227
f 1113/1145 1110/1142 1191/1231
f 1188/1228 1191/1231 1110/1142
f 1192/1232 1114/1147 1189/1229
f 1111/1143 1189/1229 1114/1147
f 1193/1233 1115/1148 1190/1230
f 1112/1144 1190/1230 1115/1148
f 1116/1150 1113/1145 1194/1234
f 1191/1231 1194/1234 1113/1145
f 1114/1147 1192/1232 1117/1151
f 1195/1235 1117/1151 1192/1232
f 1118/1152 1115/1148 1196/1236
f 1193/1233 1196/1236 1115/1148
f 1119/1153 1116/1150 1197/1237
f 1194/1234 1197/1237 1116/1150
f 1120/1155 1117/1151 1198/1238
f 1195/1235 1198/1238 1117/1151
f 1199/1239 1121/1156 1196/1236
f 1118/1152 1196/1236 1121/1156
f 1122/1158 1119/1153 1200/1240
f 1197/1237 1200/1240 1119/1153
f 1123/1159 1120/1155 1201/1241
f 1198/1238 1201/1241 1120/1155
f 1202/1242 1124/1160 1199/1239
f 1121/1156 1199/1239 1124/1160
f 1203/1243 1125/1162 1200/1240
f 1122/1158 1200/1240 1125/1162
f 1126/1163 1123/1159 1204/1244
f 1201/1241 1204/1244 1123/1159
f 1127/1164 1124/1160 1205/1245
f 1202/1242 1205/1245 1124/1160
f 1206/1246 1128/1166 1203/1243
f 1125/1162 1203/1243 1128/1166
f 1129/1167 1126/1163 1207/1247
f 1204/1244 1207/1247 1126/1163
f 1208/1248 1130/1168 1205/1245
f 1127/1164 1205/1245 1130/1168
f 1209/1249 1131/1169 1206/1246
f 1128/1166 1206/1246 1131/1169
f 1132/1171 1129/1167 1210/1250
f 1207/1247 1210/1250 1129/1167
f 1211/1251 1133/1172 1208/1248
f 1130/1168 1208/1248 1133/1172
f 1212/1252 1134/1174 1209/1249
f 1131/1169 1209/1249 1134/1174
f 1135/1175 1132/1171 1213/1253
f 1210/1250 1213/1253 1132/1171
f 1214/1254 1215/1255 1137/1177
f 1136/1176 1137/1177 1215/1255
f 1138/1178 1216/1256 1139/1179
f 1217/1257 1139/1179 1216/1256
f 1218/1258 1219/1259 1141/1260
f 1140/1261 1141/1260 1219/1259
f 1137/1177 1142/1182 1214/1254
f 1220/1262 1214/1254 1142/1182
f 1216/1256 1138/1178 1221/1263
f 1143/1183 1221/1263 1138/1178
f 1222/1264 1218/1258 1144/1265
f 1141/1260 1144/1265 1218/1258
f 1142/1182 1145/1185 1220/1262
f 1223/1266 1220/1262 1145/1185
f 1221/1263 1143/1183 1224/1267
f 1146/1186 1224/1267 1143/1183
f 1147/1268 1225/1269 1144/1265
f 1222/1264 1144/1265 1225/1269
f 1148/1188 1226/1270 1145/1185
f 1223/1266 1145/1185 1226/1270
f 1224/1267 1146/1186 1227/1271
f 1149/1189 1227/1271 1146/1186
f 1225/1269 1147/1268 1228/1272
f 1150/1273 1228/1272 1147/1268
f 1226/1270 1148/1188 1229/1274
f 1151/1191 1229/1274 1148/1188
f 1227/1271 1149/1189 1230/1275
f 1152/1192 1230/1275 1149/1189
f 1153/1276 1231/1277 1150/1273
f 1228/1272 1150/1273 1231/1277
f 1232/1278 1229/1274 1154/1194
f 1151/1191 1154/1194 1229/1274
f 1233/1279 1230/1275 1155/1195
f 1152/1192 1155/1195 1230/1275
f 1231/1277 1153/1276 1234/1280
f 1156/1281 1234/1280 1153/1276
f 1235/1282 1232/1278 1157/1197
f 1154/1194 1157/1197 1232/1278
f 1236/1283 1233/1279 1158/1198
f 1155/1195 1158/1198 1233/1279
f 1237/1284 1234/1280 1159/1285
f 1156/1281 1159/1285 1234/1280
f 1157/1197 1160/1200 1235/1282
f 1238/1286 1235/1282 1160/1200
f 1239/1287 1236/1283 1161/1201
f 1158/1198 1161/1201 1236/1283
f 1240/1288 1237/1284 1162/1289
f 1159/1285 1162/1289 1237/1284
f 1241/1290 1238/1286 1163/1203
f 1160/1200 1163/1203 1238/1286
f 1242/1291 1239/1287 1164/1204
f 1161/1201 1164/1204 1239/1287
f 1243/1292 1240/1288 1165/1293
f 1162/1289 1165/1293 1240/1288
f 1244/1294 1241/1290 1166/1206
f 1163/1203 1166/1206 1241/1290
f 1167/1207 1245/1295 1164/1204
f 1242/1291 1164/1204 1245/1295
f 1246/1296 1243/1292 1168/1297
f 1165/1293 1168/1297 1243/1292
f 1169/1209 1247/1298 1166/1206
f 1244/1294 1166/1206 1247/1298
f 1245/1295 1167/1207 1248/1299
f 1170/1210 1248/1299 1167/1207
f 1171/1300 1249/1301 1168/1297
f 1246/1296 1168/1297 1249/1301
f 1247/1298 1169/1209 1250/1302
f 1172/1212 1250/1302 1169/1209
f 1248/1299 1170/1210 1251/1303
f 1173/1213 1251/1303 1170/1210
f 1249/1301 1171/1300 1252/1304
f 1174/1305 1252/1304 1171/1300
f 1253/1306 1175/1215 1254/1307
f 1176/1216 1254/1307 1175/1215
f 1177/1217 1178/1218 1255/1308
f 1256/1309 1255/1308 1178/1218
f 1257/1310 1179/1311 1258/1312
f 1180/1313 1258/1312 1179/1311
f 1175/1215 1253/1306 1181/1221
f 1259/1314 1181/1221 1253/1306
f 1182/1222 1177/1217 1260/1315
f 1255/1308 1260/1315 1177/1217
f 1261/1316 1183/1317 1257/1310
f 1179/1311 1257/1310 1183/1317
f 1184/1224 1181/1221 1262/1318
f 1259/1314 1262/1318 1181/1221
f 1185/1225 1182/1222 1263/1319
f 1260/1315 1263/1319 1182/1222
f 1186/1320 1183/1317 1264/1321
f 1261/1316 1264/1321 1183/1317
f 1187/1227 1184/1224 1265/1322
f 1262/1318 1265/1322 1184/1224
f 1188/1228 1185/1225 1266/1323
f 1263/1319 1266/1323 1185/1225
f 1264/1321 1267/1324 1186/1320
f 1189/1325 1186/1320 1267/1324
f 1265/1322 1268/1326 1187/1227
f 1190/1230 1187/1227 1268/1326
f 1266/1323 1269/1327 1188/1228
f 1191/1231 1188/1228 1269/1327
f 1192/1328 1189/1325 1270/1329
f 1267/1324 1270/1329 1189/1325
f 1271/1330 1193/1233 1268/1326
f 1190/1230 1268/1326 1193/1233
f 1272/1331 1194/1234 1269/1327
f 1191/1231 1269/1327 1194/1234
f 1270/1329 1273/1332 1192/1328
f 1195/1333 1192/1328 1273/1332
f 1274/1334 1196/1236 1271/1330
f 1193/1233 1271/1330 1196/1236
f 1275/1335 1197/1237 1272/1331
f 1194/1234 1272/1331 1197/1237
f 1276/1336 1198/1337 1273/1332
f 1195/1333 1273/1332 1198/1337
f 1196/1236 1274/1334 1199/1239
f 1277/1338 1199/1239 1274/1334
f 1278/1339 1200/1240 1275/1335
f 1197/1237 1275/1335 1200/1240
f 1279/1340 1201/1341 1276/1336
f 1198/1337 1276/1336 1201/1341
f 1280/1342 1202/1242 1277/1338
f 1199/1239 1277/1338 1202/1242
f 1281/1343 1203/1243 1278/1339
f 1200/1240 1278/1339 1203/1243
f 1282/1344 1204/1345 1279/1340
f 1201/1341 1279/1340 1204/1345
f 1283/1346 1205/1245 1280/1342
f 1202/1242 1280/1342 1205/1245
f 1206/1246 1203/1243 1284/1347
f 1281/1343 1284/1347 1203/1243
f 1285/1348 1207/1349 1282/1344
f 1204/1345 1282/1344 1207/1349
f 1208/1248 1205/1245 1286/1350
f 1283/1346 1286/1350 1205/1245
f 1209/1249 1206/1246 1287/1351
f 1284/1347 1287/1351 1206/1246
f 1210/1352 1207/1349 1288/1353
f 1285/1348 1288/1353 1207/1349
f 1211/1251 1208/1248 1289/1354
f 1286/1350 1289/1354 1208/1248
f 1212/1252 1209/1249 1290/1355
f 1287/1351 1290/1355 1209/1249
f 1288/1353 1291/1356 1210/1352
f 1213/1357 1210/1352 1291/1356
f 1292/1358 1293/1359 1294/1360
f 1295/1361 1294/1360 1293/1359
f 1296/1362 1297/1363 1298/1364
f 1299/1365 1298/1364 1297/1363
f 1300/1366 1301/1367 1302/1368
f 1303/1369 1302/1368 1301/1367
f 1304/1370 1292/1358 1305/1371
f 1294/1360 1305/1371 1292/1358
f 1298/1364 1299/1365 1306/1372
f 1307/1373 1306/1372 1299/1365
f 1308/1374 1309/1375 1302/1368
f 1300/1366 1302/1368 1309/1375
f 1310/1376 1304/1370 1311/1377
f 1305/1371 1311/1377 1304/1370
f 1306/1372 1307/1373 1312/1378
f 1313/1379 1312/1378 1307/1373
f 1309/1375 1308/1374 1314/1380
f 1315/1381 1314/1380 1308/1374
f 1316/1382 1310/1376 1317/1383
f 1311/1377 1317/1383 1310/1376
f 1312/1378 1313/1379 1318/1384
f 1319/1385 1318/1384 1313/1379
f 1314/1380 1315/1381 1320/1386
f 1321/1387 1320/1386 1315/1381
f 1322/1388 1323/1389 1317/1383
f 1316/1382 1317/1383 1323/1389
f 1324/1390 1318/1384 1325/1391
f 1319/1385 1325/1391 1318/1384
f 1320/1386 1321/1387 1326/1392
f 1327/1393 1326/1392 1321/1387
f 1323/1389 1322/1388 1328/1394
f 1329/1395 1328/1394 1322/1388
f 1330/1396 1324/1390 1331/1397
f 1325/1391 1331/1397 1324/1390
f 1332/1398 1326/1392 1333/1399
f 1327/1393 1333/1399 1326/1392
f 1334/1400 1328/1394 1335/1401
f 1329/1395 1335/1401 1328/1394
f 1336/1402 1330/1396 1337/1403
f 1331/1397 1337/1403 1330/1396
f 1338/1404 1332/1398 1339/1405
f 1333/1399 1339/1405 1332/1398
f 1340/1406 1334/1400 1341/1407
f 1335/1401 1341/1407 1334/1400
f 1342/1408 1336/1402 1343/1409
f 1337/1403 1343/1409 1336/1402
f 1344/1410 1338/1404 1345/1411
f 1339/1405 1345/1411 1338/1404
f 1346/1412 1340/1406 1347/1413
f 1341/1407 1347/1413 1340/1406
f 1348/1414 1349/1415 1343/1409
f 1342/1408 1343/1409 1349/1415
f 1350/1416 1344/1410 1351/1417
f 1345/1411 1351/1417 1344/1410
f 1352/1418 1346/1412 1353/1419
f 1347/1413 1353/1419 1346/1412
f 1349/1415 1348/1414 1354/1420
f 1355/1421 1354/1420 1348/1414
f 1356/1422 1350/1416 1357/1423
f 1351/1417 1357/1423 1350/1416
f 1358/1424 1352/1418 1359/1425
f 1353/1419 1359/1425 1352/1418
f 1354/1420 1355/1421 1360/1426
f 1361/1427 1360/1426 1355/1421
f 1362/1428 1363/1429 1357/1423
f 1356/1422 1357/1423 1363/1429
f 1364/1430 1358/1424 1365/1431
f 1359/1425 1365/1431 1358/1424
f 1360/1426 1361/1427 1366/1432
f 1367/1433 1366/1432 1361/1427
f 1363/1429 1362/1428 1368/1434
f 1369/1435 1368/1434 1362/1428
f 1370/1436 1371/1437 1372/1438
f 1373/1439 1372/1438 1371/1437
f 1374/1440 1375/1441 1376/1442
f 1377/1443 1376/1442 1375/1441
f 1378/1444 1379/1445 1380/1446
f 1381/1447 1380/1446 1379/1445
f 1382/1448 1383/1449 1370/1436
f 1371/1437 1370/1436 1383/1449
f 1384/1450 1374/1440 1385/1451
f 1376/1442 1385/1451 1374/1440
f 1386/1452 1379/1445 1387/1453
f 1378/1444 1387/1453 1379/1445
f 1388/1454 1389/1455 1382/1448
f 1383/1449 1382/1448 1389/1455
f 1390/1456 1384/1450 1391/1457
f 1385/1451 1391/1457 1384/1450
f 1392/1458 1386/1452 1393/1459
f 1387/1453 1393/1459 1386/1452
f 1394/1460 1395/1461 1388/1454
f 1389/1455 1388/1454 1395/1461
f 1396/1462 1390/1456 1397/1463
f 1391/1457 1397/1463 1390/1456
f 1398/1464 1392/1458 1399/1465
f 1393/1459 1399/1465 1392/1458
f 1400/1466 1395/1461 1401/1467
f 1394/1460 1401/1467 1395/1461
f 1402/1468 1403/1469 1397/1463
f 1396/1462 1397/1463 1403/1469
f 1399/1465 1404/1470 1398/1464
f 1405/1471 1398/1464 1404/1470
f 1401/1467 1406/1472 1400/1466
f 1407/1473 1400/1466 1406/1472
f 1408/1474 1409/1475 1402/1468
f 1403/1469 1402/1468 1409/1475
f 1410/1476 1411/1477 1404/1470
f 1405/1471 1404/1470 1411/1477
f 1412/1478 1413/1479 1406/1472
f 1407/1473 1406/1472 1413/1479
f 1414/1480 1415/1481 1408/1474
f 1409/1475 1408/1474 1415/1481
f 1416/1482 1417/1483 1410/1476
f 1411/1477 1410/1476 1417/1483
f 1418/1484 1419/1485 1412/1478
f 1413/1479 1412/1478 1419/1485
f 1420/1486 1421/1487 1414/1480
f 1415/1481 1414/1480 1421/1487
f 1422/1488 1423/1489 1416/1482
f 1417/1483 1416/1482 1423/1489
f 1424/1490 1425/1491 1418/1484
f 1419/1485 1418/1484 1425/1491
f 1426/1492 1421/1487 1427/1493
f 1420/1486 1427/1493 1421/1487
f 1428/1494 1429/1495 1422/1488
f 1423/1489 1422/1488 1429/1495
f 1430/1496 1431/1497 1424/1490
f 1425/1491 1424/1490 1431/1497
f 1432/1498 1426/1492 1433/1499
f 1427/1493 1433/1499 1426/1492
f 1434/1500 1435/1501 1428/1494
f 1429/1495 1428/1494 1435/1501
f 1436/1502 1437/1503 1430/1496
f 1431/1497 1430/1496 1437/1503
f 1438/1504 1432/1498 1439/1505
f 1433/1499 1439/1505 1432/1498
f 1440/1506 1435/1501 1441/1507
f 1434/1500 1441/1507 1435/1501
f 1442/1508 1443/1509 1436/1502
f 1437/1503 1436/1502 1443/1509
f 1444/1510 1438/1504 1445/1511
f 1439/1505 1445/1511 1438/1504
f 1446/1512 1440/1506 1447/1513
f 1441/1507 1447/1513 1440/1506
f 1295/1514 1215/1255 1294/1515
f 1214/1254 1294/1515 1215/1255
f 1299/1365 1297/1363 1216/1256
f 1217/1257 1216/1256 1297/1363
f 1218/1258 1302/1368 1219/1259
f 1303/1369 1219/1259 1302/1368
f 1220/1262 1305/1516 1214/1254
f 1294/1515 1214/1254 1305/1516
f 1307/1373 1299/1365 1221/1263
f 1216/1256 1221/1263 1299/1365
f 1302/1368 1218/1258 1308/1374
f 1222/1264 1308/1374 1218/1258
f 1311/1517 1305/1516 1223/1266
f 1220/1262 1223/1266 1305/1516
f 1313/1379 1307/1373 1224/1267
f 1221/1263 1224/1267 1307/1373
f 1315/1381 1308/1374 1225/1269
f 1222/1264 1225/1269 1308/1374
f 1223/1266 1226/1270 1311/1517
f 1317/1518 1311/1517 1226/1270
f 1319/1385 1313/1379 1227/1271
f 1224/1267 1227/1271 1313/1379
f 1321/1387 1315/1381 1228/1272
f 1225/1269 1228/1272 1315/1381
f 1322/1519 1317/1518 1229/1274
f 1226/1270 1229/1274 1317/1518
f 1227/1271 1230/1275 1319/1385
f 1325/1391 1319/1385 1230/1275
f 1228/1272 1231/1277 1321/1387
f 1327/1393 1321/1387 1231/1277
f 1229/1274 1232/1278 1322/1519
f 1329/1520 1322/1519 1232/1278
f 1325/1391 1230/1275 1331/1397
f 1233/1279 1331/1397 1230/1275
f 1327/1393 1231/1277 1333/1399
f 1234/1280 1333/1399 1231/1277
f 1329/1520 1232/1278 1335/1521
f 1235/1282 1335/1521 1232/1278
f 1331/1397 1233/1279 1337/1403
f 1236/1283 1337/1403 1233/1279
f 1237/1284 1339/1405 1234/1280
f 1333/1399 1234/1280 1339/1405
f 1238/1286 1341/1522 1235/1282
f 1335/1521 1235/1282 1341/1522
f 1337/1403 1236/1283 1343/1409
f 1239/1287 1343/1409 1236/1283
f 1339/1405 1237/1284 1345/1411
f 1240/1288 1345/1411 1237/1284
f 1341/1522 1238/1286 1347/1523
f 1241/1290 1347/1523 1238/1286
f 1343/1409 1239/1287 1348/1414
f 1242/1291 1348/1414 1239/1287
f 1345/1411 1240/1288 1351/1417
f 1243/1292 1351/1417 1240/1288
f 1347/1523 1241/1290 1353/1524
f 1244/1294 1353/1524 1241/1290
f 1355/1421 1348/1414 1245/1295
f 1242/1291 1245/1295 1348/1414
f 1246/1296 1357/1423 1243/1292
f 1351/1417 1243/1292 1357/1423
f 1359/1525 1353/1524 1247/1298
f 1244/1294 1247/1298 1353/1524
f 1361/1427 1355/1421 1248/1299
f 1245/1295 1248/1299 1355/1421
f 1362/1428 1357/1423 1249/1301
f 1246/1296 1249/1301 1357/1423
f 1247/1298 1250/1302 1359/1525
f 1365/1526 1359/1525 1250/1302
f 1367/1433 1361/1427 1251/1303
f 1248/1299 1251/1303 1361/1427
f 1369/1435 1362/1428 1252/1304
f 1249/1301 1252/1304 1362/1428
f 1253/1306 1254/1307 1371/1527
f 1373/1528 1371/1527 1254/1307
f 1374/1440 1255/1308 1375/1441
f 1256/1309 1375/1441 1255/1308
f 1257/1310 1258/1312 1379/1445
f 1381/1447 1379/1445 1258/1312
f 1259/1314 1253/1306 1383/1529
f 1371/1527 1383/1529 1253/1306
f 1384/1450 1260/1315 1374/1440
f 1255/1308 1374/1440 1260/1315
f 1379/1445 1386/1452 1257/1310
f 1261/1316 1257/1310 1386/1452
f 1389/1530 1262/1318 1383/1529
f 1259/1314 1383/1529 1262/1318
f 1390/1456 1263/1319 1384/1450
f 1260/1315 1384/1450 1263/1319
f 1392/1458 1264/1321 1386/1452
f 1261/1316 1386/1452 1264/1321
f 1262/1318 1389/1530 1265/1322
f 1395/1531 1265/1322 1389/1530
f 1396/1462 1266/1323 1390/1456
f 1263/1319 1390/1456 1266/1323
f 1398/1464 1267/1324 1392/1458
f 1264/1321 1392/1458 1267/1324
f 1400/1532 1268/1326 1395/1531
f 1265/1322 1395/1531 1268/1326
f 1266/1323 1396/1462 1269/1327
f 1403/1469 1269/1327 1396/1462
f 1267/1324 1398/1464 1270/1329
f 1405/1471 1270/1329 1398/1464
f 1268/1326 1400/1532 1271/1330
f 1407/1533 1271/1330 1400/1532
f 1272/1331 1269/1327 1409/1475
f 1403/1469 1409/1475 1269/1327
f 1273/1332 1270/1329 1411/1477
f 1405/1471 1411/1477 1270/1329
f 1274/1334 1271/1330 1413/1534
f 1407/1533 1413/1534 1271/1330
f 1275/1335 1272/1331 1415/1481
f 1409/1475 1415/1481 1272/1331
f 1276/1336 1273/1332 1417/1483
f 1411/1477 1417/1483 1273/1332
f 1277/1338 1274/1334 1419/1535
f 1413/1534 1419/1535 1274/1334
f 1278/1339 1275/1335 1421/1487
f 1415/1481 1421/1487 1275/1335
f 1417/1483 1423/1489 1276/1336
f 1279/1340 1276/1336 1423/1489
f 1280/1342 1277/1338 1425/1536
f 1419/1535 1425/1536 1277/1338
f 1281/1343 1278/1339 1426/1492
f 1421/1487 1426/1492 1278/1339
f 1282/1344 1279/1340 1429/1495
f 1423/1489 1429/1495 1279/1340
f 1283/1346 1280/1342 1431/1537
f 1425/1536 1431/1537 1280/1342
f 1432/1498 1284/1347 1426/1492
f 1281/1343 1426/1492 1284/1347
f 1285/1348 1282/1344 1435/1501
f 1429/1495 1435/1501 1282/1344
f 1437/1538 1286/1350 1431/1537
f 1283/1346 1431/1537 1286/1350
f 1438/1504 1287/1351 1432/1498
f 1284/1347 1432/1498 1287/1351
f 1440/1506 1288/1353 1435/1501
f 1285/1348 1435/1501 1288/1353
f 1286/1350 1437/1538 1289/1354
f 1443/1539 1289/1354 1437/1538
f 1444/1510 1290/1355 1438/1504
f 1287/1351 1438/1504 1290/1355
f 1446/1512 1291/1356 1440/1506
f 1288/1353 1440/1506 1291/1356
f 1448/1540 1293/1359 1449/1541
f 1292/1358 1449/1541 1293/1359
f 1450/1542 1451/1543 1298/1364
f 1296/1362 1298/1364 1451/1543
f 1452/1544 1301/1367 1453/1545
f 1300/1366 1453/1545 1301/1367
f 1449/1541 1292/1358 1454/1546
f 1304/1370 1454/1546 1292/1358
f 1298/1364 1306/1372 1450/1542
f 1455/1547 1450/1542 1306/1372
f 1456/1548 1453/1545 1309/1375
f 1300/1366 1309/1375 1453/1545
f 1454/1546 1304/1370 1457/1549
f 1310/1376 1457/1549 1304/1370
f 1458/1550 1455/1547 1312/1378
f 1306/1372 1312/1378 1455/1547
f 1459/1551 1456/1548 1314/1380
f 1309/1375 1314/1380 1456/1548
f 1457/1549 1310/1376 1460/1552
f 1316/1382 1460/1552 1310/1376
f 1461/1553 1458/1550 1318/1384
f 1312/1378 1318/1384 1458/1550
f 1314/1380 1320/1386 1459/1551
f 1462/1554 1459/1551 1320/1386
f 1463/1555 1460/1552 1323/1389
f 1316/1382 1323/1389 1460/1552
f 1318/1384 1324/1390 1461/1553
f 1464/1556 1461/1553 1324/1390
f 1465/1557 1462/1554 1326/1392
f 1320/1386 1326/1392 1462/1554
f 1466/1558 1463/1555 1328/1394
f 1323/1389 1328/1394 1463/1555
f 1467/1559 1464/1556 1330/1396
f 1324/1390 1330/1396 1464/1556
f 1468/1560 1465/1557 1332/1398
f 1326/1392 1332/1398 1465/1557
f 1469/1561 1466/1558 1334/1400
f 1328/1394 1334/1400 1466/1558
f 1336/1402 1470/1562 1330/1396
f 1467/1559 1330/1396 1470/1562
f 1332/1398 1338/1404 1468/1560
f 1471/1563 1468/1560 1338/1404
f 1472/1564 1469/1561 1340/1406
f 1334/1400 1340/1406 1469/1561
f 1470/1562 1336/1402 1473/1565
f 1342/1408 1473/1565 1336/1402
f 1474/1566 1471/1563 1344/1410
f 1338/1404 1344/1410 1471/1563
f 1340/1406 1346/1412 1472/1564
f 1475/1567 1472/1564 1346/1412
f 1473/1565 1342/1408 1476/1568
f 1349/1415 1476/1568 1342/1408
f 1350/1416 1477/1569 1344/1410
f 1474/1566 1344/1410 1477/1569
f 1475/1567 1346/1412 1478/1570
f 1352/1418 1478/1570 1346/1412
f 1479/1571 1476/1568 1354/1420
f 1349/1415 1354/1420 1476/1568
f 1477/1569 1350/1416 1480/1572
f 1356/1422 1480/1572 1350/1416
f 1478/1570 1352/1418 1481/1573
f 1358/1424 1481/1573 1352/1418
f 1354/1420 1360/1426 1479/1571
f 1482/1574 1479/1571 1360/1426
f 1483/1575 1480/1572 1363/1429
f 1356/1422 1363/1429 1480/1572
f 1481/1573 1358/1424 1484/1576
f 1364/1430 1484/1576 1358/1424
f 1485/1577 1482/1574 1366/1432
f 1360/1426 1366/1432 1482/1574
f 1486/1578 1483/1575 1368/1434
f 1363/1429 1368/1434 1483/1575
f 1370/1436 1372/1438 1487/1579
f 1488/1580 1487/1579 1372/1438
f 1489/1581 1376/1442 1490/1582
f 1377/1443 1490/1582 1376/1442
f 1491/1583 1492/1584 1380/1446
f 1378/1444 1380/1446 1492/1584
f 1382/1448 1370/1436 1493/1585
f 1487/1579 1493/1585 1370/1436
f 1376/1442 1489/1581 1385/1451
f 1494/1586 1385/1451 1489/1581
f 1495/1587 1387/1453 1492/1584
f 1378/1444 1492/1584 1387/1453
f 1388/1454 1382/1448 1496/1588
f 1493/1585 1496/1588 1382/1448
f 1497/1589 1391/1457 1494/1586
f 1385/1451 1494/1586 1391/1457
f 1498/1590 1393/1459 1495/1587
f 1387/1453 1495/1587 1393/1459
f 1394/1460 1388/1454 1499/1591
f 1496/1588 1499/1591 1388/1454
f 1500/1592 1397/1463 1497/1589
f 1391/1457 1497/1589 1397/1463
f 1393/1459 1498/1590 1399/1465
f 1501/1593 1399/1465 1498/1590
f 1502/1594 1401/1467 1499/1591
f 1394/1460 1499/1591 1401/1467
f 1397/1463 1500/1592 1402/1468
f 1503/1595 1402/1468 1500/1592
f 1504/1596 1404/1470 1501/1593
f 1399/1465 1501/1593 1404/1470
f 1505/1597 1406/1472 1502/1594
f 1401/1467 1502/1594 1406/1472
f 1506/1598 1408/1474 1503/1595
f 1402/1468 1503/1595 1408/1474
f 1507/1599 1410/1476 1504/1596
f 1404/1470 1504/1596 1410/1476
f 1508/1600 1412/1478 1505/1597
f 1406/1472 1505/1597 1412/1478
f 1414/1480 1408/1474 1509/1601
f 1506/1598 1509/1601 1408/1474
f 1410/1476 1507/1599 1416/1482
f 1510/1602 1416/1482 1507/1599
f 1511/1603 1418/1484 1508/1600
f 1412/1478 1508/1600 1418/1484
f 1509/1601 1512/1604 1414/1480
f 1420/1486 1414/1480 1512/1604
f 1513/1605 1422/1488 1510/1602
f 1416/1482 1510/1602 1422/1488
f 1418/1484 1511/1603 1424/1490
f 1514/1606 1424/1490 1511/1603
f 1512/1604 1515/1607 1420/1486
f 1427/1493 1420/1486 1515/1607
f 1428/1494 1422/1488 1516/1608
f 1513/1605 1516/1608 1422/1488
f 1430/1496 1424/1490 1517/1609
f 1514/1606 1517/1609 1424/1490
f 1518/1610 1433/1499 1515/1607
f 1427/1493 1515/1607 1433/1499
f 1516/1608 1519/1611 1428/1494
f 1434/1500 1428/1494 1519/1611
f 1436/1502 1430/1496 1520/1612
f 1517/1609 1520/1612 1430/1496
f 1433/1499 1518/1610 1439/1505
f 1521/1613 1439/1505 1518/1610
f 1522/1614 1441/1507 1519/1611
f 1434/1500 1519/1611 1441/1507
f 1442/1508 1436/1502 1523/1615
f 1520/1612 1523/1615 1436/1502
f 1524/1616 1445/1511 1521/1613
f 1439/1505 1521/1613 1445/1511
f 1525/1617 1447/1513 1522/1614
f 1441/1507 1522/1614 1447/1513
f 913/927 911/925 1449/1541
f 1448/1540 1449/1541 911/925
f 1451/1618 1450/1619 904/918
f 902/916 904/918 1450/1619
f 909/923 907/921 1453/1545
f 1452/1544 1453/1545 907/921
f 919/933 913/927 1454/1546
f 1449/1541 1454/1546 913/927
f 1455/1620 915/929 1450/1619
f 902/916 1450/1619 915/929
f 1453/1545 1456/1548 909/923
f 917/931 909/923 1456/1548
f 1454/1546 1457/1549 919/933
f 925/939 919/933 1457/1549
f 915/929 1455/1620 921/935
f 1458/1621 921/935 1455/1620
f 917/931 1456/1548 923/937
f 1459/1551 923/937 1456/1548
f 925/939 1457/1549 931/945
f 1460/1552 931/945 1457/1549
f 921/935 1458/1621 927/941
f 1461/1622 927/941 1458/1621
f 1462/1554 928/942 1459/1551
f 923/937 1459/1551 928/942
f 931/945 1460/1552 937/951
f 1463/1555 937/951 1460/1552
f 1464/1623 932/946 1461/1622
f 927/941 1461/1622 932/946
f 928/942 1462/1554 935/949
f 1465/1557 935/949 1462/1554
f 937/951 1463/1555 943/957
f 1466/1558 943/957 1463/1555
f 932/946 1464/1623 939/953
f 1467/1624 939/953 1464/1623
f 935/949 1465/1557 941/955
f 1468/1560 941/955 1465/1557
f 943/957 1466/1558 949/963
f 1469/1561 949/963 1466/1558
f 939/953 1467/1624 945/959
f 1470/1625 945/959 1467/1624
f 1471/1563 946/960 1468/1560
f 941/955 1468/1560 946/960
f 949/963 1469/1561 955/969
f 1472/1564 955/969 1469/1561
f 950/964 945/959 1473/1626
f 1470/1625 1473/1626 945/959
f 946/960 1471/1563 952/966
f 1474/1566 952/966 1471/1563
f 960/974 955/969 1475/1567
f 1472/1564 1475/1567 955/969
f 956/970 950/964 1476/1627
f 1473/1626 1476/1627 950/964
f 959/973 952/966 1477/1569
f 1474/1566 1477/1569 952/966
f 967/981 960/974 1478/1570
f 1475/1567 1478/1570 960/974
f 1476/1627 1479/1628 956/970
f 963/977 956/970 1479/1628
f 1477/1569 1480/1572 959/973
f 965/979 959/973 1480/1572
f 973/987 967/981 1481/1573
f 1478/1570 1481/1573 967/981
f 1482/1629 968/982 1479/1628
f 963/977 1479/1628 968/982
f 965/979 1480/1572 971/985
f 1483/1575 971/985 1480/1572
f 1481/1573 1484/1576 973/987
f 979/993 973/987 1484/1576
f 968/982 1482/1629 975/989
f 1485/1630 975/989 1482/1629
f 971/985 1483/1575 977/991
f 1486/1578 977/991 1483/1575
f 988/1002 1487/1579 989/1003
f 1488/1580 989/1003 1487/1579
f 1490/1631 981/995 1489/1632
f 980/994 1489/1632 981/995
f 987/1001 1492/1584 986/1000
f 1491/1583 986/1000 1492/1584
f 996/1010 1493/1585 988/1002
f 1487/1579 988/1002 1493/1585
f 1494/1633 1489/1632 993/1007
f 980/994 993/1007 1489/1632
f 1492/1584 987/1001 1495/1587
f 995/1009 1495/1587 987/1001
f 1493/1585 996/1010 1496/1588
f 1003/1017 1496/1588 996/1010
f 1497/1634 1494/1633 999/1013
f 993/1007 999/1013 1494/1633
f 1498/1590 1495/1587 1001/1015
f 995/1009 1001/1015 1495/1587
f 1499/1591 1496/1588 1009/1023
f 1003/1017 1009/1023 1496/1588
f 999/1013 1005/1019 1497/1634
f 1500/1635 1497/1634 1005/1019
f 1501/1593 1498/1590 1006/1020
f 1001/1015 1006/1020 1498/1590
f 1502/1594 1499/1591 1015/1029
f 1009/1023 1015/1029 1499/1591
f 1503/1636 1500/1635 1010/1024
f 1005/1019 1010/1024 1500/1635
f 1006/1020 1013/1027 1501/1593
f 1504/1596 1501/1593 1013/1027
f 1505/1597 1502/1594 1021/1035
f 1015/1029 1021/1035 1502/1594
f 1506/1637 1503/1636 1017/1031
f 1010/1024 1017/1031 1503/1636
f 1507/1599 1504/1596 1019/1033
f 1013/1027 1019/1033 1504/1596
f 1508/1600 1505/1597 1027/1041
f 1021/1035 1027/1041 1505/1597
f 1017/1031 1023/1037 1506/1637
f 1509/1638 1506/1637 1023/1037
f 1510/1602 1507/1599 1024/1038
f 1019/1033 1024/1038 1507/1599
f 1511/1603 1508/1600 1033/1047
f 1027/1041 1033/1047 1508/1600
f 1028/1042 1512/1639 1023/1037
f 1509/1638 1023/1037 1512/1639
f 1024/1038 1030/1044 1510/1602
f 1513/1605 1510/1602 1030/1044
f 1038/1052 1514/1606 1033/1047
f 1511/1603 1033/1047 1514/1606
f 1034/1048 1515/1640 1028/1042
f 1512/1639 1028/1042 1515/1640
f 1036/1050 1516/1608 1030/1044
f 1513/1605 1030/1044 1516/1608
f 1044/1058 1517/1609 1038/1052
f 1514/1606 1038/1052 1517/1609
f 1515/1640 1034/1048 1518/1641
f 1041/1055 1518/1641 1034/1048
f 1516/1608 1036/1050 1519/1611
f 1043/1057 1519/1611 1036/1050
f 1050/1064 1520/1612 1044/1058
f 1517/1609 1044/1058 1520/1612
f 1521/1642 1518/1641 1046/1060
f 1041/1055 1046/1060 1518/1641
f 1043/1057 1049/1063 1519/1611
f 1522/1614 1519/1611 1049/1063
f 1520/1612 1050/1064 1523/1615
f 1057/1071 1523/1615 1050/1064
f 1524/1643 1521/1642 1053/1067
f 1046/1060 1053/1067 1521/1642
f 1525/1617 1522/1614 1055/1069
f 1049/1063 1055/1069 1522/1614
