mtllib iscv2_draw.mtl
usemtl iscv2_Material_u2_v2

v 41.153000 19.029299 1.201391
v 40.722900 19.548399 0.785417
v 41.083103 19.232500 1.364401
v 40.881897 19.459600 -0.929553
v 41.155003 21.211800 0.450564
v 35.900803 20.165401 1.509921
v 36.005100 19.766499 1.488761
v 36.081600 20.020100 1.768611
v 35.962303 20.216702 1.242791
v 35.935200 20.144501 0.718276
v 36.021900 19.764400 1.062801
v 35.917702 20.490200 0.897548
v 35.885700 20.419699 1.328621
v 35.816002 20.415199 1.421891
v 35.892700 20.189100 1.764941
v 35.940102 19.884199 0.675454
v 36.011200 19.810200 0.841607
v 36.027798 19.778900 1.224621
v 36.030300 19.714401 0.722653
v 36.094700 19.455799 0.959685
v 35.707798 20.351500 -0.326100
v 35.568901 20.170200 0.004456
v 35.464397 20.677700 -0.180203
v 35.327202 21.296701 -0.929553
v 36.103104 19.359499 0.815326
v 35.995499 19.395601 0.695712
v 35.968998 19.640499 0.455562
v 35.846401 19.820301 0.436307
v 35.631203 20.063799 0.573859
v 35.605000 19.869101 0.426173
v 35.694599 19.680601 0.570754
v 35.467102 20.047600 0.289857
v 35.439499 20.579601 0.243451
v 35.537201 19.608900 0.193566
v 35.497997 19.488699 0.353612
v 35.779301 20.381100 0.697860
v 35.667801 20.628401 0.565640
v 35.798298 20.733900 1.210201
v 35.905800 20.797998 0.998550
v 35.949200 20.975500 0.862025
v 35.790100 21.343399 0.663230
v 35.407001 21.004601 0.286481
v 35.183998 21.337500 0.164409
v 40.930401 19.250401 1.778421
v 40.618698 19.809101 1.342581
v 40.715702 20.337999 0.899554
v 40.333199 20.787901 1.019291
v 35.890598 19.946201 -0.294885
v 35.790501 19.790899 -0.028739
v -24.605900 -34.656399 31.582798
v -24.503399 -34.243000 32.020000
v -24.424700 -34.289200 31.544098
v -24.402302 -34.688103 30.937098
v -24.596899 -35.086601 31.090399
v -24.442400 -34.668900 31.224098
v -24.849100 -34.702202 31.934198
v -24.598799 -34.368202 32.168400
v -23.909899 -33.724899 30.673899
v -24.245199 -33.861298 30.242798
v -24.442600 -34.236103 30.421898
v -24.637800 -34.092300 32.145401
v -23.970699 -33.568401 30.245298
v -24.019800 -33.556702 29.915699
v -24.245800 -34.168800 31.160898
v -23.870401 -33.694702 31.075298
v -24.296400 -34.239399 30.722498
v -24.306501 -33.867500 31.425798
v -24.287600 -33.950401 31.720299
v -24.580700 -35.045799 30.729097
v -24.592501 -34.750801 30.589798
v -24.931398 -35.026398 31.548298
v -28.154800 -26.756601 29.463398
v -27.999201 -26.633902 29.219198
v -27.656700 -26.554003 29.154799
v -27.834000 -26.649202 29.699497
v -28.322300 -26.890501 30.233099
v -28.000700 -26.653601 29.989199
v -28.064100 -26.746101 30.258299
v -28.148001 -26.818903 29.807798
v -27.645300 -26.511702 29.873198
v -27.747301 -26.545002 30.554197
v -28.014900 -26.637003 30.563198
v -27.872101 -26.608704 30.896198
v -28.280499 -26.894302 31.125399
v -28.208300 -26.740801 30.796398
v -27.919899 -26.605600 31.663399
v -27.604700 -26.395401 30.979797
v -27.579599 -26.342102 31.090097
v -31.535400 -27.134102 41.708199
v -31.497898 -26.845001 41.689499
v -31.679401 -27.094402 42.356499
v -31.670799 -27.740202 41.399899
v -31.590200 -28.055801 41.574100
v -31.566502 -28.043203 41.317902
v -31.624201 -27.116703 41.422001
v -31.550301 -27.785101 41.749100
v -31.680401 -27.732000 42.533798
v -31.594801 -28.082802 42.256401
v -31.509800 -27.476402 41.723598
v -31.676100 -28.037102 42.824402
v -31.650600 -28.352701 43.319698
v -31.635000 -28.349001 42.563301
v -31.653299 -28.300203 43.619900
v -31.740400 -28.396502 43.678299
v -31.469599 -28.035902 41.663601
v -31.731300 -27.680801 43.650501
v -31.678499 -27.467102 43.110500
v -31.690599 -26.518801 42.405201
v -31.747000 -27.195704 43.521400
v -31.614500 -27.138102 42.555199
v -31.635000 -27.423903 42.442600
v -31.771299 -26.947203 43.593300
v -31.557499 -26.881500 42.539101
v -31.686600 -27.373802 43.581902
v -31.682400 -26.631702 43.156700
v -31.639898 -28.010902 41.114899
v -31.617901 -25.942001 41.438801
v -31.730099 -26.522402 43.684700
v -24.098499 -33.869099 31.325098
v -28.292799 -26.959202 30.406599
v -31.697100 -28.574303 43.680801
v -27.854401 -1.914901 21.583500
v -27.859400 -2.040051 21.366199
v -27.868200 -1.864141 21.386801
v -27.928301 -1.739151 21.628300
v -32.793800 -5.200602 40.728699
v -33.023399 -5.067802 40.319401
v -32.597000 -5.217472 40.378799
v -32.895500 -5.092732 40.080700
v -32.701900 -5.182032 39.127300
v -32.487202 -5.077572 39.542999
v -32.521599 -5.129822 40.145500
v -32.490601 -5.059842 39.045700
v -32.702003 -5.147281 38.849499
v -32.596100 -5.144482 40.835800
v -32.935303 -5.099041 40.980202
v -32.772400 -5.133652 41.078899
v -32.503201 -5.053962 41.094299
v -32.583099 -5.154102 38.402199
v -30.798300 -16.410900 37.005001
v -30.830299 -16.278402 36.718399
v -31.004900 -16.187901 36.645100
v -30.709101 -16.362902 36.289501
v -30.768501 -16.220503 35.873501
v -31.040600 -16.156002 35.929901
v -30.920000 -16.213902 36.402302
v -31.392899 -16.220602 36.769100
v -31.426800 -16.124802 37.149101
v -31.359699 -16.262602 37.287300
v -31.349199 -16.026701 36.534698
v -31.295500 -15.986801 36.283901
v -31.136999 -16.359102 37.187099
v -31.406000 -16.215101 37.594799
v -30.864399 -16.125303 35.721001
v -31.077000 -16.280802 37.122398
v -31.257399 -15.989601 35.762402
v -30.802502 -16.182703 35.259602
v -31.112101 -16.111103 35.274200
v -31.550100 -16.055803 37.527401
v -31.615801 -15.995502 37.984402
v -31.599100 -16.050201 37.292000
v -31.624800 -16.023102 36.770901
v -31.219400 -16.050701 35.265701
v -31.547800 -15.947102 35.414101
v -31.623400 -15.848902 35.741199
v -31.647600 -15.817301 36.410000
v -31.591501 -15.886602 36.742100
v -31.600500 -15.881802 36.173000
v -31.594400 -16.077902 35.269100
v -27.976101 -1.450261 21.293301
v -28.002600 -1.372701 21.117399
v -27.979799 -1.376061 21.896500
v 36.765217 -32.865971 28.089878
v 36.861164 -33.203915 28.278488
v 37.397259 -33.053928 28.112148
v 35.909126 -32.862247 29.968145
v 35.707600 -32.618000 29.771898
v 35.759399 -32.493801 29.914198
v 35.635502 -32.590099 29.486797
v 35.746399 -32.731003 29.477999
v 36.199039 -33.331127 28.372663
v 36.351936 -33.038490 28.224770
v 35.981499 -32.658897 28.191298
v 35.986229 -33.219681 29.872986
v 35.848900 -32.577000 28.851198
v 35.916000 -33.010002 28.984398
v 35.934502 -32.924500 28.740997
v 35.663998 -32.593899 29.099398
v 36.015602 -33.326702 29.451998
v 35.854950 -32.617226 30.273447
v 36.300732 -33.242260 30.367805
v 36.233963 -33.618633 30.014536
v 36.409275 -34.164585 29.219965
v 36.221951 -33.996876 29.096626
v 36.151649 -32.915237 30.658287
v 35.850391 -32.556873 30.490456
v 37.205044 -33.326073 28.348892
v 36.091915 -33.492928 29.026157
v 36.571083 -32.984371 28.171799
v 36.420982 -32.700489 27.971964
v 36.111610 -33.454914 28.779947
v 35.910801 -33.047600 28.478798
v 36.926022 -33.484093 28.516890
v 36.711021 -33.545376 28.542860
v 37.037273 -33.688129 28.695740
v 36.695179 -33.689537 28.708628
v 37.303043 -33.679134 28.656832
v 36.249916 -33.958458 29.056124
v 35.786098 -32.704399 28.190397
v 36.403255 -33.448463 28.290941
v 35.774998 -32.691601 28.513397
v 35.651699 -32.572399 28.366999
v 36.384880 -34.073952 29.137264
v 24.377985 -33.872005 24.627892
v 24.376566 -34.077389 24.429068
v 24.421799 -34.549797 24.589798
v 24.300535 -33.513401 25.245461
v 24.517141 -33.197292 25.277420
v 24.447552 -33.393814 24.897085
v 24.506838 -33.055466 23.917429
v 24.333113 -32.929665 23.571726
v 24.350447 -33.479847 24.044384
v 24.467422 -33.429005 24.260630
v 24.337692 -33.921097 24.757156
v 24.678509 -32.942776 24.096058
v 24.586632 -33.043030 24.083883
v 24.445812 -32.957073 24.590069
v 24.530334 -33.285843 24.300795
v 24.532557 -33.110664 26.080931
v 24.523932 -32.963474 25.766590
v 24.449278 -33.195442 26.095888
v 24.639917 -32.875946 23.795334
v 24.507725 -32.966000 24.886457
v 24.262123 -33.513580 25.710052
v 24.525827 -33.148609 25.565079
v 24.357380 -33.393448 25.847208
v 24.249247 -33.458920 26.112080
v 24.264938 -33.537945 25.898819
v 24.614347 -32.880619 25.252501
v 24.610161 -32.944218 25.535658
v 24.322893 -33.170536 26.273998
v 24.498989 -32.999844 26.340357
v 37.696033 -33.406158 28.375843
v 37.535259 -33.647648 28.601088
v 37.908089 -33.400219 28.584475
v 37.927486 -33.046158 28.513472
v 37.802418 -33.245754 28.335245
v 37.733780 -32.790428 28.068493
v 37.864971 -32.949192 28.346144
v 36.444294 -33.714481 28.593266
v 40.391300 -5.723990 10.216000
v 40.428303 -5.995070 10.008200
v 40.586102 -5.865991 10.129000
v 40.731800 -5.817301 10.142700
v 40.397999 -5.521791 10.229100
v 41.005100 -5.619140 10.276000
v 41.076900 -5.877080 10.090400
v 40.979797 -5.953321 9.989250
v 41.222401 -6.020730 10.127500
v 40.890900 -5.931571 10.120400
v 41.387802 -5.980261 10.044500
v 41.565201 -5.884161 10.048600
v 40.789001 -5.313920 10.407900
v 41.137699 -5.559880 10.240900
v 41.419498 -5.662860 10.282600
v 41.071499 -5.340840 10.506600
v 41.144901 -5.216391 10.569200
v 41.464600 -5.512530 10.301300
v 40.886200 -5.069701 10.495300
v 40.474503 -5.328801 10.620800
v 42.056599 -5.958830 9.932680
v 41.824802 -5.953321 10.068800
v 41.762199 -6.071851 10.111800
v 42.164600 -6.086960 10.024000
v 41.717999 -5.591470 10.287200
v 42.073700 -5.827900 10.132700
v 42.068001 -5.480440 10.324900
v 42.329899 -5.959240 10.025400
v 42.159302 -5.618570 10.198400
v 42.380402 -5.698960 10.181900
v 42.703701 -5.939051 10.142800
v 42.432301 -5.178910 10.251700
v 41.841797 -5.335610 10.612500
v 42.528599 -5.643920 10.273900
v 42.562901 -5.338330 10.265900
v 42.601700 -5.022610 10.204200
v 37.847801 -3.798451 9.009160
v 37.883900 -3.803040 8.750940
v 37.706203 -3.909981 9.120190
v 37.842197 -3.164450 9.078850
v 37.897301 -3.354600 8.773530
v 37.881100 -3.767670 9.326410
v 37.853302 -3.784811 9.702140
v 37.859402 -3.368120 9.545680
v 38.068901 -3.794550 8.419460
v 38.032200 -3.776920 8.324960
v 38.042297 -3.867910 8.491260
v 38.240700 -3.606380 8.354890
v 38.108398 -3.427900 8.389650
v 37.887402 -3.047091 8.998740
v 37.990299 -3.790341 10.071800
v 37.884403 -3.202631 9.863820
v 37.878502 -3.043261 9.336700
v 37.897499 -3.013280 8.737020
v 37.941200 -2.984850 8.556700
v 38.044701 -3.248801 8.282710
v 37.900303 -3.034291 9.770700
v 38.129402 -3.599020 10.142400
v 38.021801 -3.191131 10.054500
v 38.015800 -2.971611 8.323080
v 37.871601 -3.006660 9.991330
v 37.967098 -3.588760 8.144620
v 37.996799 -3.772440 7.917230
v 38.035599 -3.841230 7.700180
v 37.997101 -3.452860 7.735760
v 38.033001 -2.969980 7.717710
v 38.032700 -3.194050 7.609680
v 38.044498 -3.441600 7.996690
v 38.118702 -3.541630 7.623940
v 37.984001 -3.307611 8.117090
v 37.936401 -3.032540 7.583230
v 38.031403 -3.072720 8.079150
v -18.253901 -33.843601 20.845198
v -18.398201 -33.888100 20.851799
v -18.380400 -33.902798 21.025997
v -16.059700 -34.538700 22.064198
v -16.078199 -34.518299 21.864199
v -16.324800 -34.340302 21.894999
v -16.140200 -34.565601 22.248198
v -16.098499 -34.438900 21.736399
v -15.922500 -34.386799 21.850498
v -18.212700 -34.079998 22.611797
v -17.907499 -34.118599 22.709898
v -18.048700 -34.101601 22.496498
v -17.763201 -34.047497 22.483498
v -17.678699 -34.227200 22.708199
v -17.587299 -34.280201 22.522598
v -17.503000 -34.343300 22.801699
v -17.409901 -34.407700 22.533598
v -17.097500 -34.124199 22.686598
v -16.888901 -34.140800 22.564499
v -17.275400 -34.146999 22.666698
v -16.777599 -34.013599 22.704699
v -16.274099 -34.637497 22.490198
v -16.634600 -34.342800 22.184097
v -16.154900 -34.618500 22.520098
v -16.459400 -34.330902 22.724499
v -16.478100 -34.462200 22.526299
v -16.657200 -34.216801 22.671799
v -16.325500 -34.710598 22.600998
v -16.268400 -34.514000 22.986698
v -18.605700 -33.996902 22.527298
v -18.359900 -34.010601 22.490898
v -18.528200 -33.913303 22.362398
v -18.553101 -33.930702 22.740297
v 49.864098 3.869389 27.427200
v 49.678299 3.856059 27.545300
v 49.712898 3.846629 27.124800
v 49.704403 3.891359 26.733601
v 49.845997 3.846059 26.831699
v 50.113503 4.024799 26.793900
v 50.051300 3.976009 27.784700
v 50.101101 4.078859 26.684799
v 50.084999 3.965669 27.384399
v 50.211201 3.831528 27.336201
v 50.273197 3.810668 27.671600
v 50.126198 3.881329 27.705900
v 49.742802 -8.799881 31.394400
v 49.994598 -8.808091 31.633301
v 49.701599 -9.003901 31.219400
v 50.041801 3.858709 29.044600
v 49.875599 3.868109 28.806700
v 50.216999 3.917819 28.991800
v 50.151798 3.920728 29.378201
v 50.295197 3.832259 28.324699
v 50.231899 3.886139 28.167200
v 50.054302 3.942309 28.466499
v 50.059998 3.983669 28.190901
v 49.776302 3.826309 29.023001
v 49.832500 3.887848 28.351000
v 49.691799 3.885449 27.863100
v -14.218600 -27.437899 13.819999
v -13.946600 -27.694500 13.802299
v -14.404500 -27.365599 13.859399
v -13.817801 -27.827301 13.791699
v -14.328800 -27.271799 13.826599
v -14.060101 -27.408901 13.867999
v -13.996901 -27.169600 13.795799
v -13.816300 -27.670101 13.846399
v -14.410000 -26.889601 13.806399
v -14.195101 -26.920500 13.890199
v -13.817700 -27.223000 13.875999
v -13.485200 -27.716700 13.837099
v -13.630700 -27.739000 13.679299
v -14.712400 -27.013500 13.847399
v -15.383000 -26.589500 13.843599
v -14.681800 -26.818499 13.832899
v -15.324500 -26.875700 13.829999
v -15.606000 -26.738600 13.783399
v -15.616800 -26.554701 13.781799
v -15.543200 -26.402199 13.861599
v -15.470600 -26.270399 13.853899
v -15.754900 -26.330299 13.787299
v -15.137200 -26.435499 13.807599
v -14.520801 -26.675201 13.895399
v -14.985500 -26.430399 13.860999
v -12.983100 -31.864399 5.858008
v -12.990400 -32.177299 6.358549
v -13.039901 -32.251102 5.996698
v -12.989600 -32.025101 5.423308
v -13.010201 -31.817400 6.478019
v -12.903600 -31.680998 5.950758
v -12.884001 -31.671501 6.585059
v -12.951900 -31.951700 6.615378
v -13.047300 -32.296398 6.722818
v -12.998099 -32.107998 6.851779
v -12.981300 -31.699099 6.833709
v -13.005301 -31.688902 6.638568
v -12.915401 -31.545601 6.512949
v -12.942901 -31.537699 6.074599
v -12.931400 -32.486900 6.497269
v -13.101001 -32.688301 6.203938
v -13.111800 -32.590500 6.797288
v -13.031300 -32.747101 6.396049
v -13.179601 -32.853600 6.688629
v -13.192400 -32.911800 6.875278
v -13.184800 -32.906799 6.433409
v -13.108500 -32.748898 5.556849
v -13.080800 -32.511200 5.681758
v -14.479799 -27.208900 13.715599
v -14.880500 -27.007000 13.801399
v 12.809000 23.513800 8.083871
v 12.938499 23.705799 8.010651
v 12.928499 23.677601 8.322091
v 12.710401 23.687500 8.853441
v 12.466300 23.241701 9.126831
v 12.807100 23.683599 8.618301
v 12.558600 23.678699 9.084841
v 11.916201 23.611799 10.224001
v 11.779800 23.385601 10.029601
v 11.823700 23.577700 9.958631
v 11.773900 22.669100 10.421000
v 11.736700 22.851900 10.645101
v 11.576200 22.317200 11.039201
v 11.659900 22.119099 10.777801
v 11.458500 22.041700 10.726001
v 11.817101 22.248400 10.461901
v 11.719400 23.034300 10.976401
v 11.446000 21.966801 10.545701
v 11.562900 22.130001 10.221201
v 11.596000 22.135199 11.015901
v 11.845600 22.510599 10.237301
v 11.825400 22.380600 10.156201
v 12.211300 22.491100 9.842951
v 11.739600 23.325701 9.925501
v 11.538900 22.000900 12.163301
v 11.578300 22.126598 12.331701
v 11.355201 21.647501 12.295401
v 11.503301 22.378099 12.014101
v 11.545400 22.201300 11.815401
v 11.524600 22.472801 11.427401
v 11.574500 22.145401 11.467401
v 9.705200 22.739000 12.608701
v 9.936590 23.085600 12.605201
v 9.774930 22.916100 12.399801
v 11.402801 22.092400 11.242201
v 11.330400 21.775400 11.199100
v 11.460501 21.938101 10.928901
v 11.492701 21.861900 9.997881
v 11.306300 21.671801 10.266901
v 12.083800 22.943100 9.926771
v 11.296000 21.757200 10.690701
v 10.397800 23.335800 10.716601
v 10.551399 23.681398 10.362501
v 10.391900 23.511000 10.146801
v 11.183100 21.529100 10.448400
v 11.162801 21.627300 10.655001
v 11.323800 21.598400 9.974561
v 11.063800 21.329800 10.185701
v 11.113300 21.399599 10.790001
v 11.220800 21.491501 11.143201
v 10.894600 21.154600 11.099101
v 10.977400 21.222401 10.821701
v 10.994700 21.190100 10.403201
v 10.391800 23.082399 11.256001
v 10.844500 23.468500 11.305301
v 11.186800 21.606400 10.249101
v 10.763000 21.086500 10.567601
v 11.825100 23.362400 10.494801
v 10.576100 23.688799 10.696301
v 10.637199 21.049500 11.510601
v 10.439301 21.066299 10.549401
v 10.072200 23.167799 10.027601
v 10.046300 23.080599 10.447601
v 9.918759 23.018700 10.171301
v 9.845460 22.759800 10.602901
v 10.003000 22.946701 10.780301
v 10.402900 21.084000 11.320901
v 9.871300 23.239401 9.943551
v 9.741290 22.961401 9.974591
v 9.712390 22.680901 10.211101
v 9.741660 22.767300 11.039801
v 10.143600 21.204100 11.339101
v 9.511670 22.301201 10.435601
v 9.594690 22.531101 10.771101
v 9.402450 22.348000 11.037501
v 9.462520 22.389500 11.224201
v 10.220300 21.159700 10.325301
v 9.390330 22.160299 10.904901
v 9.551270 22.503799 10.206301
v 9.408080 22.074400 10.404601
v 9.418870 22.180099 10.033601
v 9.817950 21.430801 10.130201
v 9.722570 21.505701 11.023901
v 9.807890 21.418800 12.586601
v 9.573230 21.649302 10.160101
v 10.002700 21.283899 10.123601
v 9.850160 21.512100 9.969841
v 9.428540 22.597601 9.919691
v 9.603340 21.610699 12.300601
v 9.404860 22.071701 11.196801
v 9.450450 21.844500 11.101301
v 9.420791 21.886702 10.144401
v 9.587250 21.757702 9.997491
v 9.528820 21.751799 9.939041
v 9.174690 21.943901 9.955851
v 12.282400 21.811300 9.495251
v 12.230100 21.764900 9.857611
v 12.476000 21.550900 9.000981
v 12.226000 22.041599 9.899991
v 12.059401 22.014200 9.018401
v 12.187200 21.441000 9.926311
v 12.305300 21.473900 9.709811
v 12.210600 22.858900 8.224591
v 11.322400 22.007700 7.816331
v 12.387700 23.672300 9.604821
v 12.224100 22.904299 9.836921
v 11.535200 22.684599 12.362701
v 11.599600 22.350000 12.603101
v 11.615300 22.013599 12.587801
v 12.203500 23.291401 9.869531
v 11.446900 22.759300 12.256501
v 12.191700 22.286501 9.865121
v 11.843400 23.177000 9.970321
v 11.603300 22.056601 11.322301
v 11.398200 21.693201 12.517301
v 11.406500 22.709200 11.707301
v 11.363900 22.690300 12.043601
v 11.564700 22.100401 11.736401
v 11.531500 23.312901 11.470301
v 11.398600 22.997099 12.389301
v 11.347199 22.063398 11.848401
v 11.292900 21.717300 11.605101
v 11.470599 22.117901 11.610201
v 10.905400 21.103500 12.591501
v 11.338100 21.795700 12.007301
v 11.097301 21.308899 12.360101
v 11.247499 21.536200 11.676101
v 11.086100 21.237600 12.260101
v 11.086800 21.366199 12.063501
v 10.992700 21.215000 11.872501
v 11.040100 21.307798 11.287901
v 10.865100 21.112099 12.213501
v 10.923000 23.042599 11.789701
v 10.532599 21.024599 12.583901
v 10.617800 21.038502 12.362801
v 10.404900 21.074900 12.276501
v 10.130899 21.205200 12.584101
v 9.624001 22.539400 12.054301
v 9.610830 22.761801 12.285501
v 9.809020 22.795900 12.014400
v 9.920870 23.121199 12.318401
v 9.834620 22.872398 12.364001
v 9.812090 22.758299 11.590701
v 9.531650 22.438101 11.617001
v 9.516080 22.411600 12.280401
v 9.654040 22.677700 11.384701
v 9.390510 22.083399 12.591001
v 9.432240 22.150999 12.344101
v 9.491210 22.269699 11.970901
v 9.373740 21.917599 12.555401
v 9.419510 22.210800 11.660601
v 9.413920 22.028799 11.940701
v 9.467790 21.799599 12.352201
v 9.488450 21.755800 12.584201
v 11.667200 22.636900 7.553861
v 11.385600 22.112499 7.452711
v 11.765800 22.897800 7.258991
v 11.313500 21.235201 8.055631
v 11.911301 23.654699 10.695101
v 10.341800 23.665300 9.854441
v 10.392000 23.668901 10.179501
v 10.105100 23.350599 10.005801
v 11.950100 23.556499 11.088301
v 11.900801 20.484100 4.487731
v 11.682500 20.792500 4.317091
v 11.715500 20.152899 4.333211
v 11.840900 21.131401 4.489011
v 12.053500 18.878899 4.273021
v 11.899401 19.107401 4.397881
v 11.849800 18.788500 4.366891
v 11.690801 19.506500 4.339361
v 11.615200 19.002100 4.333681
v 11.850000 19.749599 4.417211
v 12.125000 18.670200 4.496191
v 12.333799 19.122000 4.499171
v 12.099700 19.087500 4.327671
v 12.253900 19.454102 4.242631
v 11.953501 19.472700 4.325491
v 12.429800 19.333599 4.440231
v 12.537400 19.129700 4.540801
v 12.484900 19.215700 4.612601
v 12.067900 19.511301 4.375581
v 12.050500 19.861300 4.377461
v 11.646600 18.752602 4.157011
v 12.056400 20.182001 4.605351
v 11.852201 18.399200 4.428681
v 12.118700 19.889099 4.496501
v 12.226501 20.123499 4.649111
v 35.863400 23.630600 16.615301
v 35.680099 23.235701 17.064901
v 36.060204 23.957800 17.126902
v 35.960499 23.942301 16.692001
v 35.777699 23.415699 16.679802
v 35.907402 23.655701 17.394302
v 35.718597 23.421001 17.509502
v 35.703400 23.304399 17.320702
v 35.688999 23.142899 17.743101
v 35.844700 23.583900 17.611502
v 35.734100 23.134199 16.952301
v 35.767197 23.151899 16.660603
v 36.000000 23.847500 17.316702
v 35.683800 23.897299 16.468401
v 35.668201 23.651400 16.384102
v 36.005901 22.919600 16.513302
v 35.811901 22.959200 16.870401
v 14.134900 13.251500 2.302860
v 15.177400 14.111000 2.555541
v 14.778100 13.161799 2.336231
v 14.381701 12.755501 2.271491
v 14.871201 14.598499 2.587921
v 14.652400 12.506101 2.191441
v 15.068601 12.421300 2.144080
v 14.951400 12.599000 2.174531
v 14.519800 12.422601 2.162560
v 50.898418 -26.497515 1.159291
v 50.786175 -25.929199 1.071932
v 50.371750 -26.488110 1.677969
v 51.233932 -26.175634 0.763578
v 51.321579 -26.921410 0.897874
v 51.601398 -26.656872 0.487497
v 51.742001 -26.420700 0.303084
v 51.585842 -27.488632 0.753823
v 50.699825 -26.955389 1.490584
v 50.142624 -26.796045 2.255099
v 51.482738 -27.742310 1.218185
v 51.766220 -28.345808 1.885836
v 51.532482 -27.975330 1.500431
v 50.491356 -27.398592 2.033775
v 50.057346 -27.096443 3.084083
v 50.204868 -27.416334 3.090108
v 35.675400 23.309200 16.332802
v 35.474197 23.761600 16.104002
v 35.264000 23.962200 15.917500
v 35.403103 23.492699 15.856801
v 35.549999 22.939699 15.925701
v 35.514900 23.873201 16.329302
v 35.334202 24.001099 16.098402
v 35.729000 23.189100 17.423702
v 35.810398 23.027302 16.321001
v 35.801800 22.939901 15.629301
v 35.675201 22.733200 15.916901
v 35.611500 22.971899 16.055601
v 27.354599 23.665098 23.350801
v 27.457699 23.746798 23.787203
v 27.099100 23.664698 23.796701
v 26.850700 23.760998 24.622301
v 27.167099 23.674797 23.449902
v 27.160400 23.769299 25.107302
v 26.783499 23.772099 25.007603
v 27.157900 23.725899 24.458403
v 26.772301 23.728498 24.116802
v 36.017002 23.275400 14.950601
v 35.599499 23.598400 17.562702
v 32.639599 15.709499 -0.271037
v 32.493900 16.230101 -0.371228
v 32.284500 15.781800 0.022813
v 34.430599 15.479000 -0.454701
v 34.519299 16.267700 -0.782775
v 31.793699 15.949300 -0.055358
v -27.918100 -1.663021 20.564100
v -27.888800 -1.605441 20.767200
v -27.955700 -1.676991 20.843399
v -27.810499 -1.903921 20.883200
v -27.820900 -1.872531 20.526199
v -27.980000 -1.634131 21.264799
v -27.823200 -2.069631 20.666000
v -27.785500 -2.009191 20.350100
v -27.956301 -1.680451 20.404100
v -27.827200 -2.004751 21.058399
v -27.819000 -1.795951 21.228300
v -27.938499 -1.530501 19.595200
v -28.007502 -1.433711 19.176201
v -28.074501 -1.336351 19.581100
v -27.859999 -1.603221 19.979900
v -28.048000 -1.636551 21.508301
v -27.951401 -1.386611 19.945700
v -27.880800 -1.750911 20.202801
v -27.796598 -1.887121 19.781000
v -27.992800 -1.391421 20.472500
v -27.950300 -1.536781 20.307199
v 50.145302 -4.525700 -0.010748
v 49.618500 -6.001600 -0.639988
v 49.874302 -4.689340 0.103615
v 49.907200 -4.133040 0.228020
v 47.901501 -4.507820 -0.004477
v 48.323299 -4.746320 -0.004732
v 47.341400 -6.101820 -0.559216
v 49.611099 -4.997470 -0.049717
v 49.333801 -4.952140 -0.172441
v 48.952198 -4.804510 -0.324251
v -17.299299 -26.421400 6.787469
v -17.302799 -26.655800 6.610739
v -17.476601 -26.904001 7.070209
v -17.283899 -26.497000 5.828059
v -17.301600 -26.517799 6.162959
v -17.324699 -26.381500 5.914889
v -17.264400 -26.352800 6.492329
v -17.446001 -26.786200 7.246329
v -17.461201 -26.591799 7.134699
v -17.493000 -27.106298 7.442139
v -17.413801 -26.489601 7.014769
v -17.451799 -26.157400 7.424479
v -17.399099 -26.424101 7.459169
v -17.576101 -27.384300 7.402998
v -17.434999 -26.665699 7.449819
v -17.375500 -26.117800 7.029729
v -17.310801 -26.395802 6.998829
v -17.374300 -26.966900 6.902119
v -17.488699 -27.184500 7.083489
v 49.763298 -8.970130 10.342600
v 50.079800 -8.844640 10.406400
v 49.647499 -8.750440 10.401000
v 48.664200 -7.054131 9.829750
v 48.576000 -7.123621 9.746270
v 48.836098 -7.182820 10.005600
v 48.424801 -7.884521 9.779930
v 48.469398 -7.663900 9.746830
v 48.317799 -7.672380 9.684850
v 48.124500 -7.593500 10.035300
v 48.375500 -7.426910 9.928520
v 48.004398 -7.472740 10.125200
v 47.833199 -7.643000 10.031000
v 49.365498 -8.765470 10.439300
v 49.290600 -8.635610 10.231400
v 49.567001 -8.616640 10.286500
v 49.684601 -8.463540 10.342400
v 49.445000 -8.183990 10.230000
v 49.225300 -8.396550 10.250100
v 49.085800 -8.209710 10.261700
v 49.585499 -7.823000 10.119200
v 49.718498 -8.055460 10.196700
v 49.235703 -7.670300 10.035700
v 49.016800 -7.346581 9.995650
v 48.875000 -7.675520 10.093400
v 49.309700 -7.504030 10.108300
v 49.334000 -7.971241 10.101200
v 48.638802 -7.470881 9.792720
v 48.749500 -7.703521 9.924120
v 48.533699 -8.147360 9.851020
v 48.877197 -7.986150 9.932260
v 48.936802 -8.576500 10.129400
v 48.661499 -8.356020 9.973540
v 48.956898 -8.191800 9.992450
v 49.197701 -8.703550 10.179600
v 49.868504 -8.330220 10.388100
v 48.787102 -7.453021 9.978640
v 48.653000 -7.327920 9.928150
v 48.355297 -7.002320 9.763070
v 49.961803 -8.552600 10.503100
v 26.820400 23.829199 25.475502
v 27.477701 23.783400 25.282803
v 26.743601 23.824598 25.799103
v 27.451300 23.833599 25.965502
v -19.491400 -8.173780 0.525051
v -19.714001 -8.067571 0.368771
v -19.820200 -8.079790 0.508644
v -20.264700 -8.213550 0.361837
v -20.219700 -8.328290 -0.929554
v -20.680799 -8.522560 0.202482
v -20.984098 -8.736939 0.536282
v -21.089201 -8.582110 0.153572
v -20.792400 -8.744100 0.570702
v -20.649900 -8.645670 0.552057
v -21.108500 -8.728260 0.554853
v -21.549400 -8.583180 0.231533
v -21.557301 -8.785280 0.507597
v -22.071201 -8.313830 -0.929554
v -17.282700 -26.384199 5.373369
v -17.193701 -26.521301 5.272759
v -17.179399 -26.613300 5.535319
v -17.177700 -26.563601 5.038389
v -13.160800 -32.572403 5.150818
v -13.124200 -32.274300 5.038939
v -13.123500 -32.752598 5.141058
v -13.278700 -32.670300 4.703409
v -13.403501 -32.573399 4.122009
v -13.484700 -32.460899 4.311049
v -13.681901 -32.834900 4.157359
v -13.331100 -32.469799 4.640239
v -12.960300 -31.539900 5.183828
v -12.925600 -31.661501 5.086389
v -13.015800 -31.472401 4.492629
v -12.943800 -31.605801 4.556259
v -13.022900 -31.877501 5.321168
v -13.013900 -31.766001 5.167619
v -13.156599 -32.202099 4.578659
v -13.021399 -31.687199 4.592568
v -13.012401 -31.479898 4.126149
v -12.884399 -31.815399 5.216289
v -13.074600 -32.084297 4.824779
v -13.016600 -31.894300 4.653079
v -12.924200 -31.626398 4.142398
v -13.080601 -32.082203 4.317119
v -13.034300 -31.714397 4.168139
v -13.017099 -31.932001 4.293289
v -13.137300 -32.034698 4.071789
v -13.259000 -32.105099 4.179658
v -13.233100 -32.304001 4.292678
v -16.098101 -26.511600 2.085649
v -16.209499 -26.495600 2.016379
v -16.070900 -26.593300 2.170369
v -15.903300 -26.349298 2.039689
v -16.354801 -26.182800 1.913689
v -16.477501 -26.653700 1.944149
v -16.706501 -26.180500 1.931539
v -17.047100 -26.364700 2.025549
v -16.812000 -26.416201 1.994699
v -17.013500 -26.585001 2.003489
v -16.275200 -26.718699 1.841929
v -17.318600 -26.167200 1.924909
v -17.236700 -26.257799 2.010849
v -17.315701 -26.381199 2.037519
v -17.452301 -26.358700 2.081239
v -17.512699 -26.517900 2.000789
v -17.544399 -26.644800 1.946549
v -17.392599 -26.605900 2.018739
v -17.647499 -26.288301 2.021499
v -17.877501 -26.376699 2.050659
v -18.010500 -26.681799 2.016569
v -18.031000 -26.500101 1.959029
v -18.014700 -26.171099 1.958299
v -18.335300 -26.303900 2.017549
v -18.243799 -26.661999 2.057399
v -18.581900 -26.158600 1.939249
v -32.130402 -1.937570 0.817120
v -32.652699 -1.804760 0.497282
v -33.180599 -2.759140 -0.929554
v -32.280701 -1.865530 1.204190
v -32.142002 -1.791490 1.341920
v -32.109299 -29.124399 -0.439605
v -32.036900 -26.426899 -1.294201
v -31.329000 -28.695501 -0.929555
v -32.187302 -29.135900 -0.247098
v -32.271999 -28.612900 0.301309
v -32.692299 -27.811102 0.748397
v -32.456699 -28.940498 -0.867576
v 3.524930 0.800234 3.674600
v 3.455720 0.224718 3.626400
v 3.452740 1.251640 3.598090
v 3.474810 0.042850 3.616510
v 3.431670 -0.929633 3.613440
v 3.544040 1.237380 3.675170
v 3.466550 1.842850 3.646760
v 50.022301 -8.160821 31.831499
v 50.207600 -7.733592 31.679100
v 50.094200 -8.276741 31.791500
v 50.891800 -12.852702 36.926102
v 51.859398 -12.196502 34.434502
v 51.087502 -12.149002 36.622002
v 51.166801 -13.551002 37.150200
v 49.962601 -9.404771 31.664000
v 49.559299 -9.473001 31.569099
v 49.586102 -9.236631 31.556601
v 50.276501 -7.462811 31.527000
v 50.337803 -7.180882 31.668699
v 50.461201 -7.436831 31.436501
v 50.388599 -6.978601 31.795700
v 50.369301 -7.847591 31.724001
v 50.393600 -8.064501 31.722799
v 50.423298 -8.336061 31.874001
v 50.417103 -8.832150 31.893499
v 50.084702 -8.491731 31.850901
v 49.930901 -9.078131 31.622900
v 50.369701 -9.039141 31.991600
v 50.416401 -9.406991 31.929800
v 50.299900 -9.411621 31.997000
v 50.366001 -9.675441 32.166698
v 49.698299 -8.838201 31.654301
v 49.680099 -8.943321 31.768700
v 49.709900 -9.585161 31.658199
v -5.820120 -13.180102 34.230999
v -6.295390 -12.033802 34.181000
v -5.820120 -13.200802 33.756500
v -6.295390 -12.054502 33.706402
v 1.664060 -14.185202 33.799400
v 2.420120 -13.200802 33.756500
v 1.664060 -14.164502 34.273998
v 2.420120 -13.180101 34.230999
v -0.468668 -6.233301 33.452301
v -1.700000 -6.071342 33.445202
v -0.468668 -6.212581 33.926800
v -1.700000 -6.050622 33.919701
v -6.295390 -12.013002 34.655499
v -5.820120 -13.159402 34.705601
v 1.664060 -14.143703 34.748501
v 2.420120 -13.159402 34.705601
v -0.468668 -6.191861 34.401402
v -1.700000 -6.029902 34.394299
v -6.295390 -11.992302 35.130100
v -5.820120 -13.138601 35.180099
v 1.664060 -14.123002 35.223099
v 2.420120 -13.138602 35.180099
v -0.468668 -6.171141 34.875900
v -1.700000 -6.009192 34.868801
v -6.295390 -11.971602 35.604599
v -5.820120 -13.117902 35.654701
v 2.420120 -13.117902 35.654701
v 1.664060 -14.102302 35.697601
v -0.468668 -6.150421 35.350498
v -1.700000 -5.988472 35.343399
v -5.820120 -13.097201 36.129200
v -6.295390 -11.950902 36.079201
v 1.664060 -14.081602 36.172199
v 2.420120 -13.097201 36.129200
v -0.468668 -6.129701 35.825001
v -1.700000 -5.967752 35.817902
v -6.295390 -11.930202 36.553699
v -5.820120 -13.076502 36.603802
v 1.664060 -14.060902 36.646702
v 2.420120 -13.076502 36.603802
v -0.468668 -6.108982 36.299599
v -1.700000 -5.947031 36.292500
v -6.295390 -11.909402 37.028301
v -5.820120 -13.055802 37.078300
v 2.420120 -13.055801 37.078300
v 1.664060 -14.040102 37.121300
v -0.468668 -6.088262 36.774101
v -1.700000 -5.926311 36.766998
v -5.820120 -13.035002 37.552898
v -6.295390 -11.888702 37.502800
v 2.420120 -13.035002 37.552898
v 1.664060 -14.019403 37.595798
v -0.468668 -6.067542 37.248600
v -1.700000 -5.905591 37.241600
v -5.820120 -13.014301 38.027401
v -6.295390 -11.868002 37.977402
v 1.664060 -13.998702 38.070400
v 2.420120 -13.014302 38.027401
v -1.700000 -5.884871 37.716099
v -0.468668 -6.046822 37.723202
v -6.295390 -11.847302 38.451900
v -5.820120 -12.993602 38.501900
v 1.664060 -13.978002 38.544899
v 2.420120 -12.993602 38.501900
v -0.468668 -6.026102 38.197701
v -1.700000 -5.864151 38.190701
v -5.820120 -12.972901 38.976501
v -6.295390 -11.826602 38.926399
v 1.664060 -13.957302 39.019501
v 2.420120 -12.972901 38.976501
v -0.468668 -6.005392 38.672298
v -1.700000 -5.843432 38.665199
v -6.295390 -11.805801 39.401001
v -5.820120 -12.952202 39.451000
v 1.664060 -13.936502 39.493999
v 2.420120 -12.952202 39.451000
v -0.468668 -5.984672 39.146801
v -1.700000 -5.822712 39.139801
v -5.820120 -13.180102 34.230999
v -5.820120 -13.200802 33.756500
v -6.295390 -12.033802 34.181000
v -6.295390 -12.054502 33.706402
v 1.664060 -14.185202 33.799400
v 1.664060 -14.164502 34.273998
v 2.420120 -13.200802 33.756500
v 2.420120 -13.180101 34.230999
v -1.700000 -6.050622 33.919701
v -1.700000 -6.071342 33.445202
v -0.468668 -6.212581 33.926800
v -0.468668 -6.233301 33.452301
v -6.295390 -12.013002 34.655499
v -5.820120 -13.159402 34.705601
v 1.664060 -14.143703 34.748501
v 2.420120 -13.159402 34.705601
v -1.700000 -6.029902 34.394299
v -0.468668 -6.191861 34.401402
v -6.295390 -11.992302 35.130100
v -5.820120 -13.138601 35.180099
v 1.664060 -14.123002 35.223099
v 2.420120 -13.138602 35.180099
v -0.468668 -6.171141 34.875900
v -1.700000 -6.009192 34.868801
v -6.295390 -11.971602 35.604599
v -5.820120 -13.117902 35.654701
v 2.420120 -13.117902 35.654701
v 1.664060 -14.102302 35.697601
v -0.468668 -6.150421 35.350498
v -1.700000 -5.988472 35.343399
v -5.820120 -13.097201 36.129200
v -6.295390 -11.950902 36.079201
v 1.664060 -14.081602 36.172199
v 2.420120 -13.097201 36.129200
v -0.468668 -6.129701 35.825001
v -1.700000 -5.967752 35.817902
v -6.295390 -11.930202 36.553699
v -5.820120 -13.076502 36.603802
v 1.664060 -14.060902 36.646702
v 2.420120 -13.076502 36.603802
v -0.468668 -6.108982 36.299599
v -1.700000 -5.947031 36.292500
v -6.295390 -11.909402 37.028301
v -5.820120 -13.055802 37.078300
v 2.420120 -13.055801 37.078300
v 1.664060 -14.040102 37.121300
v -0.468668 -6.088262 36.774101
v -1.700000 -5.926311 36.766998
v -5.820120 -13.035002 37.552898
v -6.295390 -11.888702 37.502800
v 2.420120 -13.035002 37.552898
v 1.664060 -14.019403 37.595798
v -0.468668 -6.067542 37.248600
v -1.700000 -5.905591 37.241600
v -5.820120 -13.014301 38.027401
v -6.295390 -11.868002 37.977402
v 2.420120 -13.014302 38.027401
v 1.664060 -13.998702 38.070400
v -1.700000 -5.884871 37.716099
v -0.468668 -6.046822 37.723202
v -6.295390 -11.847302 38.451900
v -5.820120 -12.993602 38.501900
v 1.664060 -13.978002 38.544899
v 2.420120 -12.993602 38.501900
v -1.700000 -5.864151 38.190701
v -0.468668 -6.026102 38.197701
v -5.820120 -12.972901 38.976501
v -6.295390 -11.826602 38.926399
v 1.664060 -13.957302 39.019501
v 2.420120 -12.972901 38.976501
v -1.700000 -5.843432 38.665199
v -0.468668 -6.005392 38.672298
v -6.295390 -11.805801 39.401001
v -5.820120 -12.952202 39.451000
v 1.664060 -13.936502 39.493999
v 2.420120 -12.952202 39.451000
v -0.468668 -5.984672 39.146801
v -1.700000 -5.822712 39.139801
v -6.457500 -10.824302 33.652699
v -6.457500 -10.803602 34.127300
v 0.678750 -14.940502 33.832401
v 0.678750 -14.919802 34.306999
v 0.678750 -6.687401 33.947498
v 0.678750 -6.708121 33.473000
v -6.457500 -10.782902 34.601799
v 0.678750 -14.899102 34.781502
v 0.678750 -6.666681 34.422100
v -6.457500 -10.762201 35.076401
v 0.678750 -14.878402 35.256100
v 0.678750 -6.645961 34.896599
v -6.457500 -10.741402 35.550900
v 0.678750 -14.857602 35.730598
v 0.678750 -6.625241 35.371201
v -6.457500 -10.720702 36.025501
v 0.678750 -14.836902 36.205200
v 0.678750 -6.604521 35.845699
v -6.457500 -10.700002 36.500000
v 0.678750 -14.816202 36.679699
v 0.678750 -6.583811 36.320301
v -6.457500 -10.679302 36.974499
v 0.678750 -14.795502 37.154301
v 0.678750 -6.563091 36.794800
v -6.457500 -10.658602 37.449100
v 0.678750 -14.774802 37.628799
v 0.678750 -6.542371 37.269402
v -6.457500 -10.637802 37.923599
v 0.678750 -14.754003 38.103401
v 0.678750 -6.521651 37.743900
v -6.457500 -10.617103 38.398201
v 0.678750 -14.733302 38.577900
v 0.678750 -6.500932 38.218498
v -6.457500 -10.596402 38.872700
v 0.678750 -14.712602 39.052502
v 0.678750 -6.480212 38.693001
v -6.457500 -10.575702 39.347301
v 0.678750 -14.691902 39.527000
v 0.678750 -6.459492 39.167599
v -6.457500 -10.824302 33.652699
v -6.457500 -10.803602 34.127300
v 0.678750 -14.919802 34.306999
v 0.678750 -14.940502 33.832401
v 0.678750 -6.687401 33.947498
v 0.678750 -6.708121 33.473000
v -6.457500 -10.782902 34.601799
v 0.678750 -14.899102 34.781502
v 0.678750 -6.666681 34.422100
v -6.457500 -10.762201 35.076401
v 0.678750 -14.878402 35.256100
v 0.678750 -6.645961 34.896599
v -6.457500 -10.741402 35.550900
v 0.678750 -14.857602 35.730598
v 0.678750 -6.625241 35.371201
v -6.457500 -10.720702 36.025501
v 0.678750 -14.836902 36.205200
v 0.678750 -6.604521 35.845699
v -6.457500 -10.700002 36.500000
v 0.678750 -14.816202 36.679699
v 0.678750 -6.583811 36.320301
v -6.457500 -10.679302 36.974499
v 0.678750 -14.795502 37.154301
v 0.678750 -6.563091 36.794800
v -6.457500 -10.658602 37.449100
v 0.678750 -14.774802 37.628799
v 0.678750 -6.542371 37.269402
v -6.457500 -10.637802 37.923599
v 0.678750 -14.754003 38.103401
v 0.678750 -6.521651 37.743900
v -6.457500 -10.617103 38.398201
v 0.678750 -14.733302 38.577900
v 0.678750 -6.500932 38.218498
v -6.457500 -10.596402 38.872700
v 0.678750 -14.712602 39.052502
v 0.678750 -6.480212 38.693001
v -6.457500 -10.575702 39.347301
v 0.678750 -14.691902 39.527000
v 0.678750 -6.459492 39.167599
v -6.295390 -9.594162 33.598999
v -6.295390 -9.573442 34.073601
v -0.468668 -15.394602 34.327702
v -0.468668 -15.415301 33.853199
v 1.664060 -7.463461 33.506001
v 1.664060 -7.442741 33.980499
v -6.295390 -9.552722 34.548100
v -0.468668 -15.373901 34.802299
v 1.664060 -7.422021 34.455101
v -6.295390 -9.532001 35.022598
v -0.468668 -15.353202 35.276798
v 1.664060 -7.401301 34.929600
v -6.295390 -9.511282 35.497200
v -0.468668 -15.332501 35.751400
v 1.664060 -7.380581 35.404202
v -6.295390 -9.490561 35.971699
v -0.468668 -15.311702 36.225899
v 1.664060 -7.359861 35.878700
v -6.295390 -9.469842 36.446301
v -0.468668 -15.291002 36.700401
v 1.664060 -7.339141 36.353298
v -6.295390 -9.449121 36.920799
v -0.468668 -15.270302 37.174999
v 1.664060 -7.318421 36.827801
v -6.295390 -9.428402 37.395401
v -0.468668 -15.249601 37.649502
v 1.664060 -7.297702 37.302399
v -6.295390 -9.407681 37.869900
v -0.468668 -15.228902 38.124100
v 1.664060 -7.276982 37.776901
v -6.295390 -9.386962 38.344501
v -0.468668 -15.208102 38.598598
v 1.664060 -7.256262 38.251499
v -6.295390 -9.366242 38.819000
v -0.468668 -15.187402 39.073200
v 1.664060 -7.235542 38.726002
v -6.295390 -9.345522 39.293598
v -0.468668 -15.166702 39.547699
v 1.664060 -7.214832 39.200600
v -6.295390 -9.573442 34.073601
v -6.295390 -9.594162 33.598999
v -0.468668 -15.394602 34.327702
v -0.468668 -15.415301 33.853199
v 1.664060 -7.442741 33.980499
v 1.664060 -7.463461 33.506001
v -6.295390 -9.552722 34.548100
v -0.468668 -15.373901 34.802299
v 1.664060 -7.422021 34.455101
v -6.295390 -9.532001 35.022598
v -0.468668 -15.353202 35.276798
v 1.664060 -7.401301 34.929600
v -6.295390 -9.511282 35.497200
v -0.468668 -15.332501 35.751400
v 1.664060 -7.380581 35.404202
v -6.295390 -9.490561 35.971699
v -0.468668 -15.311702 36.225899
v 1.664060 -7.359861 35.878700
v -6.295390 -9.469842 36.446301
v -0.468668 -15.291002 36.700401
v 1.664060 -7.339141 36.353298
v -6.295390 -9.449121 36.920799
v -0.468668 -15.270302 37.174999
v 1.664060 -7.318421 36.827801
v -6.295390 -9.428402 37.395401
v -0.468668 -15.249601 37.649502
v 1.664060 -7.297702 37.302399
v -6.295390 -9.407681 37.869900
v -0.468668 -15.228902 38.124100
v 1.664060 -7.276982 37.776901
v -6.295390 -9.386962 38.344501
v -0.468668 -15.208102 38.598598
v 1.664060 -7.256262 38.251499
v -6.295390 -9.366242 38.819000
v -0.468668 -15.187402 39.073200
v 1.664060 -7.235542 38.726002
v -6.295390 -9.345522 39.293598
v -0.468668 -15.166702 39.547699
v 1.664060 -7.214832 39.200600
v -5.820120 -8.427112 34.023499
v -5.820120 -8.447832 33.549000
v -1.700000 -15.556602 34.334801
v -1.700000 -15.577301 33.860199
v 2.420120 -8.427112 34.023499
v 2.420120 -8.447831 33.549000
v -5.820120 -8.406391 34.498100
v -1.700000 -15.535802 34.809299
v 2.420120 -8.406391 34.498100
v -5.820120 -8.385672 34.972599
v -1.700000 -15.515101 35.283901
v 2.420120 -8.385672 34.972599
v -5.820120 -8.364951 35.447102
v -1.700000 -15.494402 35.758400
v 2.420120 -8.364952 35.447102
v -5.820120 -8.344232 35.921700
v -1.700000 -15.473701 36.233002
v 2.420120 -8.344232 35.921700
v -5.820120 -8.323511 36.396198
v -1.700000 -15.453002 36.707500
v 2.420120 -8.323512 36.396198
v -5.820120 -8.302792 36.870800
v -1.700000 -15.432302 37.182098
v 2.420120 -8.302792 36.870800
v -5.820120 -8.282082 37.345299
v -1.700000 -15.411502 37.656601
v 2.420120 -8.282082 37.345299
v -5.820120 -8.261362 37.819901
v -1.700000 -15.390801 38.131199
v 2.420120 -8.261362 37.819901
v -5.820120 -8.240642 38.294399
v -1.700000 -15.370102 38.605701
v 2.420120 -8.240642 38.294399
v -5.820120 -8.219922 38.769001
v -1.700000 -15.349401 39.080299
v 2.420120 -8.219922 38.769001
v -5.820120 -8.199202 39.243500
v -1.700000 -15.328702 39.554798
v 2.420120 -8.199202 39.243500
v -5.820120 -8.427112 34.023499
v -5.820120 -8.447832 33.549000
v -1.700000 -15.556602 34.334801
v -1.700000 -15.577301 33.860199
v 2.420120 -8.427112 34.023499
v 2.420120 -8.447831 33.549000
v -5.820120 -8.406391 34.498100
v -1.700000 -15.535802 34.809299
v 2.420120 -8.406391 34.498100
v -5.820120 -8.385672 34.972599
v -1.700000 -15.515101 35.283901
v 2.420120 -8.385672 34.972599
v -5.820120 -8.364951 35.447102
v -1.700000 -15.494402 35.758400
v 2.420120 -8.364952 35.447102
v -5.820120 -8.344232 35.921700
v -1.700000 -15.473701 36.233002
v 2.420120 -8.344232 35.921700
v -5.820120 -8.323511 36.396198
v -1.700000 -15.453002 36.707500
v 2.420120 -8.323512 36.396198
v -5.820120 -8.302792 36.870800
v -1.700000 -15.432302 37.182098
v 2.420120 -8.302792 36.870800
v -5.820120 -8.282082 37.345299
v -1.700000 -15.411502 37.656601
v 2.420120 -8.282082 37.345299
v -5.820120 -8.261362 37.819901
v -1.700000 -15.390801 38.131199
v 2.420120 -8.261362 37.819901
v -5.820120 -8.240642 38.294399
v -1.700000 -15.370102 38.605701
v 2.420120 -8.240642 38.294399
v -5.820120 -8.219922 38.769001
v -1.700000 -15.349401 39.080299
v 2.420120 -8.219922 38.769001
v -5.820120 -8.199202 39.243500
v -1.700000 -15.328702 39.554798
v 2.420120 -8.199202 39.243500
v -4.078750 -6.687402 33.947498
v -4.078750 -6.708122 33.473000
v -5.064060 -7.442741 33.980499
v -5.064060 -7.463461 33.506001
v -4.078750 -14.940502 33.832401
v -2.931330 -15.415301 33.853199
v -4.078750 -14.919803 34.306999
v -2.931330 -15.394602 34.327702
v 3.057500 -10.803602 34.127300
v 3.057500 -10.824302 33.652699
v 2.895390 -9.573442 34.073601
v 2.895390 -9.594162 33.598999
v -4.078750 -6.666681 34.422100
v -5.064060 -7.422021 34.455101
v -4.078750 -14.899102 34.781502
v -2.931330 -15.373901 34.802299
v 2.895390 -9.552722 34.548100
v 3.057500 -10.782902 34.601799
v -4.078750 -6.645961 34.896599
v -5.064060 -7.401301 34.929600
v -4.078750 -14.878402 35.256100
v -2.931330 -15.353202 35.276798
v 3.057500 -10.762202 35.076401
v 2.895390 -9.532001 35.022598
v -4.078750 -6.625241 35.371201
v -5.064060 -7.380582 35.404202
v -4.078750 -14.857601 35.730598
v -2.931330 -15.332501 35.751400
v 3.057500 -10.741403 35.550900
v 2.895390 -9.511282 35.497200
v -5.064060 -7.359862 35.878700
v -4.078750 -6.604521 35.845699
v -4.078750 -14.836903 36.205200
v -2.931330 -15.311702 36.225899
v 3.057500 -10.720702 36.025501
v 2.895390 -9.490562 35.971699
v -4.078750 -6.583811 36.320301
v -5.064060 -7.339142 36.353298
v -4.078750 -14.816202 36.679699
v -2.931330 -15.291001 36.700401
v 3.057500 -10.700003 36.500000
v 2.895390 -9.469842 36.446301
v -4.078750 -6.563091 36.794800
v -5.064060 -7.318421 36.827801
v -4.078750 -14.795503 37.154301
v -2.931330 -15.270302 37.174999
v 3.057500 -10.679302 36.974499
v 2.895390 -9.449122 36.920799
v -4.078750 -6.542371 37.269402
v -5.064060 -7.297701 37.302399
v -4.078750 -14.774802 37.628799
v -2.931330 -15.249601 37.649502
v 3.057500 -10.658602 37.449100
v 2.895390 -9.428402 37.395401
v -4.078750 -6.521651 37.743900
v -5.064060 -7.276981 37.776901
v -2.931330 -15.228902 38.124100
v -4.078750 -14.754002 38.103401
v 3.057500 -10.637801 37.923599
v 2.895390 -9.407682 37.869900
v -4.078750 -6.500932 38.218498
v -5.064060 -7.256262 38.251499
v -4.078750 -14.733301 38.577900
v -2.931330 -15.208102 38.598598
v 3.057500 -10.617102 38.398201
v 2.895390 -9.386962 38.344501
v -4.078750 -6.480212 38.693001
v -5.064060 -7.235542 38.726002
v -4.078750 -14.712602 39.052502
v -2.931330 -15.187402 39.073200
v 2.895390 -9.366242 38.819000
v 3.057500 -10.596402 38.872700
v -4.078750 -6.459492 39.167599
v -5.064060 -7.214832 39.200600
v -4.078750 -14.691902 39.527000
v -2.931330 -15.166702 39.547699
v 3.057500 -10.575703 39.347301
v 2.895390 -9.345522 39.293598
v -4.078750 -6.687402 33.947498
v -5.064060 -7.442741 33.980499
v -4.078750 -6.708122 33.473000
v -5.064060 -7.463461 33.506001
v -2.931330 -15.394602 34.327702
v -2.931330 -15.415301 33.853199
v -4.078750 -14.919803 34.306999
v -4.078750 -14.940502 33.832401
v 3.057500 -10.803602 34.127300
v 2.895390 -9.573442 34.073601
v 3.057500 -10.824302 33.652699
v 2.895390 -9.594162 33.598999
v -4.078750 -6.666681 34.422100
v -5.064060 -7.422021 34.455101
v -2.931330 -15.373901 34.802299
v -4.078750 -14.899102 34.781502
v 2.895390 -9.552722 34.548100
v 3.057500 -10.782902 34.601799
v -4.078750 -6.645961 34.896599
v -5.064060 -7.401301 34.929600
v -2.931330 -15.353202 35.276798
v -4.078750 -14.878402 35.256100
v 2.895390 -9.532001 35.022598
v 3.057500 -10.762202 35.076401
v -4.078750 -6.625241 35.371201
v -5.064060 -7.380582 35.404202
v -2.931330 -15.332501 35.751400
v -4.078750 -14.857601 35.730598
v 2.895390 -9.511282 35.497200
v 3.057500 -10.741403 35.550900
v -5.064060 -7.359862 35.878700
v -4.078750 -6.604521 35.845699
v -4.078750 -14.836903 36.205200
v -2.931330 -15.311702 36.225899
v 3.057500 -10.720702 36.025501
v 2.895390 -9.490562 35.971699
v -4.078750 -6.583811 36.320301
v -5.064060 -7.339142 36.353298
v -4.078750 -14.816202 36.679699
v -2.931330 -15.291001 36.700401
v 3.057500 -10.700003 36.500000
v 2.895390 -9.469842 36.446301
v -4.078750 -6.563091 36.794800
v -5.064060 -7.318421 36.827801
v -4.078750 -14.795503 37.154301
v -2.931330 -15.270302 37.174999
v 3.057500 -10.679302 36.974499
v 2.895390 -9.449122 36.920799
v -4.078750 -6.542371 37.269402
v -5.064060 -7.297701 37.302399
v -4.078750 -14.774802 37.628799
v -2.931330 -15.249601 37.649502
v 3.057500 -10.658602 37.449100
v 2.895390 -9.428402 37.395401
v -4.078750 -6.521651 37.743900
v -5.064060 -7.276981 37.776901
v -2.931330 -15.228902 38.124100
v -4.078750 -14.754002 38.103401
v 3.057500 -10.637801 37.923599
v 2.895390 -9.407682 37.869900
v -4.078750 -6.500932 38.218498
v -5.064060 -7.256262 38.251499
v -2.931330 -15.208102 38.598598
v -4.078750 -14.733301 38.577900
v 3.057500 -10.617102 38.398201
v 2.895390 -9.386962 38.344501
v -4.078750 -6.480212 38.693001
v -5.064060 -7.235542 38.726002
v -2.931330 -15.187402 39.073200
v -4.078750 -14.712602 39.052502
v 2.895390 -9.366242 38.819000
v 3.057500 -10.596402 38.872700
v -4.078750 -6.459492 39.167599
v -5.064060 -7.214832 39.200600
v -2.931330 -15.166702 39.547699
v -4.078750 -14.691902 39.527000
v 2.895390 -9.345522 39.293598
v 3.057500 -10.575703 39.347301
v -2.931330 -6.233302 33.452301
v -2.931330 -6.212582 33.926800
v -5.064060 -14.164502 34.273998
v -5.064060 -14.185202 33.799400
v 2.895390 -12.054502 33.706402
v 2.895390 -12.033802 34.181000
v -2.931330 -6.191861 34.401402
v -5.064060 -14.143703 34.748501
v 2.895390 -12.013001 34.655499
v -2.931330 -6.171141 34.875900
v -5.064060 -14.123002 35.223099
v 2.895390 -11.992301 35.130100
v -2.931330 -6.150421 35.350498
v -5.064060 -14.102303 35.697601
v 2.895390 -11.971602 35.604599
v -2.931330 -6.129701 35.825001
v -5.064060 -14.081602 36.172199
v 2.895390 -11.950902 36.079201
v -2.931330 -6.108981 36.299599
v -5.064060 -14.060902 36.646702
v 2.895390 -11.930202 36.553699
v -2.931330 -6.088261 36.774101
v -5.064060 -14.040102 37.121300
v 2.895390 -11.909402 37.028301
v -2.931330 -6.067541 37.248600
v -5.064060 -14.019403 37.595798
v 2.895390 -11.888701 37.502800
v -2.931330 -6.046822 37.723202
v -5.064060 -13.998702 38.070400
v 2.895390 -11.868002 37.977402
v -2.931330 -6.026102 38.197701
v -5.064060 -13.978003 38.544899
v 2.895390 -11.847302 38.451900
v -2.931330 -6.005392 38.672298
v -5.064060 -13.957302 39.019501
v 2.895390 -11.826602 38.926399
v -2.931330 -5.984672 39.146801
v -5.064060 -13.936502 39.493999
v 2.895390 -11.805801 39.401001
v -2.931330 -6.212582 33.926800
v -2.931330 -6.233302 33.452301
v -5.064060 -14.164502 34.273998
v -5.064060 -14.185202 33.799400
v 2.895390 -12.054502 33.706402
v 2.895390 -12.033802 34.181000
v -2.931330 -6.191861 34.401402
v -5.064060 -14.143703 34.748501
v 2.895390 -12.013001 34.655499
v -2.931330 -6.171141 34.875900
v -5.064060 -14.123002 35.223099
v 2.895390 -11.992301 35.130100
v -2.931330 -6.150421 35.350498
v -5.064060 -14.102303 35.697601
v 2.895390 -11.971602 35.604599
v -2.931330 -6.129701 35.825001
v -5.064060 -14.081602 36.172199
v 2.895390 -11.950902 36.079201
v -2.931330 -6.108981 36.299599
v -5.064060 -14.060902 36.646702
v 2.895390 -11.930202 36.553699
v -2.931330 -6.088261 36.774101
v -5.064060 -14.040102 37.121300
v 2.895390 -11.909402 37.028301
v -2.931330 -6.067541 37.248600
v -5.064060 -14.019403 37.595798
v 2.895390 -11.888701 37.502800
v -2.931330 -6.046822 37.723202
v -5.064060 -13.998702 38.070400
v 2.895390 -11.868002 37.977402
v -2.931330 -6.026102 38.197701
v -5.064060 -13.978003 38.544899
v 2.895390 -11.847302 38.451900
v -2.931330 -6.005392 38.672298
v -5.064060 -13.957302 39.019501
v 2.895390 -11.826602 38.926399
v -2.931330 -5.984672 39.146801
v -5.064060 -13.936502 39.493999
v 2.895390 -11.805801 39.401001

vt 1.510920 1.024170
vt 1.515440 1.018990
vt 1.509140 1.022040
vt 1.534090 1.019790
vt 1.519080 1.000540
vt 1.178150 1.013210
vt 1.177920 1.017420
vt 1.180960 1.014600
vt 1.175240 1.012590
vt 1.169530 1.013400
vt 1.173280 1.017430
vt 1.171480 1.009680
vt 1.176170 1.010470
vt 1.177190 1.010590
vt 1.180920 1.012960
vt 1.169070 1.016210
vt 1.170880 1.016940
vt 1.175040 1.017260
vt 1.169580 1.017960
vt 1.172160 1.020690
vt 1.158170 1.011390
vt 1.161770 1.013500
vt 1.159760 1.008110
vt 1.151610 1.001550
vt 1.170590 1.021730
vt 1.169290 1.021450
vt 1.166680 1.018830
vt 1.166470 1.017000
vt 1.167960 1.014590
vt 1.166360 1.016720
vt 1.167930 1.018670
vt 1.164880 1.014930
vt 1.164370 1.009200
vt 1.163830 1.019610
vt 1.165570 1.020950
vt 1.169310 1.011000
vt 1.167880 1.008440
vt 1.174890 1.007160
vt 1.172580 1.006360
vt 1.171100 1.004390
vt 1.168940 1.000570
vt 1.164840 1.004630
vt 1.163510 1.001260
vt 1.504640 1.022000
vt 1.509380 1.016280
vt 1.514200 1.010450
vt 1.512900 1.005970
vt 1.158510 1.015590
vt 1.161410 1.017380
vt 1.262520 1.013020
vt 1.267270 1.008440
vt 1.262100 1.008860
vt 1.255500 1.013160
vt 1.257160 1.017670
vt 1.258620 1.012990
vt 1.266340 1.013770
vt 1.268890 1.009900
vt 1.252630 1.002220
vt 1.247940 1.004040
vt 1.249890 1.008300
vt 1.268640 1.006950
vt 1.247970 1.000590
vt 1.244390 1.000510
vt 1.257930 1.007370
vt 1.257000 1.001850
vt 1.253160 1.008190
vt 1.260810 1.004170
vt 1.264010 1.005050
vt 1.253230 1.017220
vt 1.251720 1.014030
vt 1.262140 1.017370
vt 1.724580 1.024720
vt 1.726130 1.027380
vt 1.729760 1.028080
vt 1.727940 1.022150
vt 1.722900 1.016350
vt 1.726140 1.019000
vt 1.725550 1.016070
vt 1.724710 1.020970
vt 1.729840 1.020260
vt 1.728770 1.012860
vt 1.725970 1.012760
vt 1.727480 1.009140
vt 1.723360 1.006640
vt 1.723980 1.010220
vt 1.726960 1.000790
vt 1.730160 1.008230
vt 1.730380 1.007030
vt 1.872330 1.013290
vt 1.872530 1.010120
vt 1.865280 1.013010
vt 1.875680 1.019990
vt 1.873790 1.023330
vt 1.876570 1.023170
vt 1.875440 1.013190
vt 1.871890 1.020360
vt 1.863350 1.019910
vt 1.866370 1.023630
vt 1.872160 1.016970
vt 1.860190 1.023210
vt 1.854800 1.026610
vt 1.863030 1.026550
vt 1.851540 1.026040
vt 1.850900 1.027170
vt 1.872810 1.022990
vt 1.851200 1.019410
vt 1.857080 1.017040
vt 1.864750 1.006790
vt 1.852610 1.014180
vt 1.863120 1.013420
vt 1.864340 1.016530
vt 1.851820 1.011510
vt 1.863290 1.010580
vt 1.851950 1.016040
vt 1.856570 1.008000
vt 1.878780 1.022890
vt 1.875260 1.000470
vt 1.850830 1.006870
vt 1.259720 1.003980
vt 1.723290 1.014460
vt 1.850870 1.029050
vt 1.425030 1.006410
vt 1.427400 1.007770
vt 1.427180 1.005880
vt 1.424550 1.004590
vt 1.453700 1.004720
vt 1.451070 1.009170
vt 1.455840 1.008530
vt 1.452480 1.011770
vt 1.454670 1.022140
vt 1.456890 1.017620
vt 1.456570 1.011070
vt 1.456830 1.023030
vt 1.454630 1.025160
vt 1.455780 1.003560
vt 1.452060 1.001990
vt 1.453860 1.000910
vt 1.456690 1.000750
vt 1.455930 1.030030
vt 1.909850 1.011040
vt 1.910340 1.014160
vt 1.912320 1.014960
vt 1.908940 1.018830
vt 1.909730 1.023350
vt 1.912740 1.022740
vt 1.911370 1.017600
vt 1.916490 1.013610
vt 1.916950 1.009480
vt 1.916080 1.007970
vt 1.916210 1.016160
vt 1.915670 1.018890
vt 1.913570 1.009060
vt 1.916640 1.004630
vt 1.910860 1.025010
vt 1.913000 1.009770
vt 1.915260 1.024560
vt 1.910130 1.030030
vt 1.913560 1.029870
vt 1.918360 1.005360
vt 1.919130 1.000390
vt 1.918900 1.007920
vt 1.919200 1.013590
vt 1.914780 1.029960
vt 1.918450 1.028350
vt 1.919370 1.024790
vt 1.919660 1.017520
vt 1.918980 1.013900
vt 1.919090 1.020090
vt 1.918820 1.029930
vt 1.428190 1.001510
vt 1.430100 1.000690
vt 1.421630 1.000710
vt 1.620240 1.001560
vt 1.621630 1.006050
vt 1.626870 1.003170
vt 1.373950 1.004130
vt 1.376020 1.001810
vt 1.374470 1.000410
vt 1.379120 1.001590
vt 1.379220 1.003000
vt 1.614710 1.008550
vt 1.616060 1.005130
vt 1.611690 1.001540
vt 1.374950 1.008000
vt 1.386030 1.001220
vt 1.384580 1.005840
vt 1.387230 1.004900
vt 1.383340 1.001600
vt 1.379500 1.009170
vt 1.370660 1.001440
vt 1.369350 1.008290
vt 1.372920 1.012850
vt 1.379070 1.016850
vt 1.380340 1.013090
vt 1.366460 1.004430
vt 1.368320 1.000730
vt 1.625430 1.007000
vt 1.384110 1.010850
vt 1.618340 1.003940
vt 1.616480 1.001250
vt 1.386760 1.010390
vt 1.390090 1.006250
vt 1.623320 1.010600
vt 1.621140 1.012790
vt 1.625090 1.013400
vt 1.621430 1.015380
vt 1.628320 1.011920
vt 1.381680 1.013660
vt 1.609620 1.002240
vt 1.611320 1.005830
vt 1.617100 1.009870
vt 1.389710 1.002540
vt 1.391300 1.001380
vt 1.393220 1.002670
vt 1.381100 1.016410
vt 1.011880 1.011560
vt 1.009590 1.013740
vt 1.011320 1.018800
vt 1.018550 1.008160
vt 1.018700 1.003660
vt 1.014680 1.006250
vt 1.003750 1.002800
vt 1.000240 1.001390
vt 1.005360 1.007310
vt 1.007750 1.006630
vt 1.013150 1.012100
vt 1.005960 1.001080
vt 1.005700 1.002400
vt 1.011280 1.000860
vt 1.008590 1.004800
vt 1.026910 1.001890
vt 1.024050 1.000810
vt 1.027280 1.003540
vt 1.002370 1.000890
vt 1.014580 1.001360
vt 1.023600 1.008110
vt 1.021850 1.003250
vt 1.024980 1.006490
vt 1.028090 1.007330
vt 1.025790 1.008670
vt 1.018530 1.000530
vt 1.021640 1.001270
vt 1.029640 1.004070
vt 1.030250 1.001200
vt 1.632350 1.006440
vt 1.631000 1.010040
vt 1.636620 1.008310
vt 1.634610 1.003940
vt 1.633410 1.004840
vt 1.630730 1.000450
vt 1.632840 1.001980
vt 1.617950 1.013120
vt 1.183490 1.010530
vt 1.184170 1.013430
vt 1.185740 1.011870
vt 1.187270 1.011190
vt 1.183350 1.008330
vt 1.190020 1.008760
vt 1.191070 1.011480
vt 1.190090 1.012410
vt 1.192790 1.012890
vt 1.189110 1.012260
vt 1.194540 1.012280
vt 1.196360 1.011050
vt 1.187370 1.005680
vt 1.191400 1.007980
vt 1.194560 1.008810
vt 1.190450 1.005680
vt 1.191120 1.004260
vt 1.194890 1.007130
vt 1.188170 1.002940
vt 1.183980 1.006170
vt 1.201760 1.011360
vt 1.199240 1.011530
vt 1.198690 1.012880
vt 1.203060 1.012630
vt 1.197720 1.007730
vt 1.201810 1.009920
vt 1.201390 1.006160
vt 1.204720 1.011080
vt 1.202520 1.007560
vt 1.205000 1.008210
vt 1.208750 1.010470
vt 1.205020 1.002520
vt 1.198790 1.004830
vt 1.206550 1.007460
vt 1.206600 1.004110
vt 1.206700 1.000660
vt 1.652960 1.009630
vt 1.650150 1.009640
vt 1.654170 1.010990
vt 1.653720 1.002770
vt 1.650400 1.004780
vt 1.656410 1.009260
vt 1.660500 1.009480
vt 1.658800 1.004960
vt 1.646550 1.009360
vt 1.645520 1.009210
vt 1.647330 1.010180
vt 1.645840 1.007150
vt 1.646220 1.005350
vt 1.652850 1.001460
vt 1.664520 1.009400
vt 1.662260 1.003140
vt 1.656520 1.001420
vt 1.650000 1.001080
vt 1.648040 1.000730
vt 1.645060 1.003480
vt 1.661250 1.001300
vt 1.665290 1.007180
vt 1.664330 1.002880
vt 1.645500 1.000510
vt 1.663650 1.001030
vt 1.643560 1.007240
vt 1.641080 1.009200
vt 1.638720 1.009900
vt 1.639110 1.005740
vt 1.638910 1.000470
vt 1.637740 1.002900
vt 1.641950 1.005570
vt 1.637890 1.006570
vt 1.643260 1.004180
vt 1.637450 1.001250
vt 1.642840 1.001590
vt 1.840990 1.023920
vt 1.842510 1.023840
vt 1.842300 1.021950
vt 1.816510 1.010660
vt 1.816740 1.012830
vt 1.819590 1.012500
vt 1.817360 1.008650
vt 1.817040 1.014220
vt 1.815190 1.012980
vt 1.840300 1.004700
vt 1.836960 1.003630
vt 1.838500 1.005950
vt 1.835470 1.006100
vt 1.834370 1.003650
vt 1.833320 1.005670
vt 1.832340 1.002630
vt 1.831270 1.005550
vt 1.828180 1.003890
vt 1.825900 1.005210
vt 1.830080 1.004100
vt 1.824830 1.003690
vt 1.818730 1.006020
vt 1.822940 1.009350
vt 1.817460 1.005700
vt 1.821060 1.003470
vt 1.821120 1.005630
vt 1.823320 1.004050
vt 1.819220 1.004820
vt 1.818800 1.000620
vt 1.844640 1.005620
vt 1.841970 1.006010
vt 1.843890 1.007410
vt 1.844140 1.003300
vt 1.085250 1.021950
vt 1.083250 1.020670
vt 1.083640 1.025240
vt 1.083500 1.029500
vt 1.085080 1.028430
vt 1.087790 1.028840
vt 1.087170 1.018060
vt 1.087600 1.030030
vt 1.087540 1.022420
vt 1.089050 1.022940
vt 1.089740 1.019300
vt 1.088080 1.018920
vt 1.672710 1.021190
vt 1.669980 1.021020
vt 1.672950 1.023440
vt 1.087190 1.004360
vt 1.085380 1.006950
vt 1.089020 1.004940
vt 1.088310 1.000730
vt 1.089960 1.012190
vt 1.089220 1.013900
vt 1.087230 1.010650
vt 1.087250 1.013650
vt 1.084340 1.004600
vt 1.084890 1.011900
vt 1.083370 1.017210
vt 1.679370 1.012070
vt 1.676160 1.014560
vt 1.681460 1.011480
vt 1.674630 1.015870
vt 1.680740 1.010380
vt 1.677690 1.011590
vt 1.677250 1.008930
vt 1.674780 1.014170
vt 1.682010 1.006330
vt 1.679650 1.006440
vt 1.675250 1.009330
vt 1.671140 1.014330
vt 1.672700 1.014720
vt 1.685160 1.007980
vt 1.692860 1.004080
vt 1.685030 1.005840
vt 1.691930 1.007120
vt 1.695120 1.005930
vt 1.695420 1.003940
vt 1.694780 1.002220
vt 1.694130 1.000720
vt 1.697150 1.001660
vt 1.690350 1.002160
vt 1.683430 1.004120
vt 1.688720 1.001950
vt 1.428790 1.012610
vt 1.423350 1.016010
vt 1.427280 1.016860
vt 1.433520 1.014360
vt 1.422050 1.012130
vt 1.427780 1.010550
vt 1.420880 1.010420
vt 1.420550 1.013530
vt 1.419380 1.017360
vt 1.417980 1.015260
vt 1.418180 1.010820
vt 1.420300 1.010740
vt 1.421670 1.009090
vt 1.426430 1.009030
vt 1.421840 1.019300
vt 1.425030 1.021660
vt 1.418570 1.020610
vt 1.422940 1.022220
vt 1.419750 1.023530
vt 1.417730 1.024170
vt 1.422530 1.024110
vt 1.432070 1.022320
vt 1.430710 1.019720
vt 1.682440 1.009860
vt 1.686980 1.008080
vt 1.899680 1.002840
vt 1.900480 1.000620
vt 1.897090 1.000940
vt 1.891310 1.001060
vt 1.888330 1.006130
vt 1.893870 1.001000
vt 1.888790 1.001310
vt 1.116450 1.000850
vt 1.118570 1.003440
vt 1.119340 1.001310
vt 1.114310 1.011200
vt 1.111870 1.009260
vt 1.107590 1.015220
vt 1.110430 1.017280
vt 1.111000 1.018320
vt 1.113870 1.015720
vt 1.108270 1.007310
vt 1.112960 1.019150
vt 1.116490 1.017260
vt 1.107840 1.017170
vt 1.116310 1.012850
vt 1.117190 1.014270
vt 1.120600 1.012680
vt 1.119700 1.004130
vt 1.095360 1.018680
vt 1.093530 1.017280
vt 1.093920 1.022700
vt 1.096980 1.014630
vt 1.099140 1.016510
vt 1.103360 1.013590
vt 1.102930 1.017080
vt 1.720140 1.019260
vt 1.720110 1.015260
vt 1.717870 1.017270
vt 1.105380 1.017830
vt 1.105850 1.021340
vt 1.108790 1.019440
vt 1.118910 1.020230
vt 1.115990 1.022490
vt 1.119690 1.007920
vt 1.111380 1.021570
vt 1.699560 1.012080
vt 1.695710 1.008180
vt 1.693370 1.010190
vt 1.114010 1.024160
vt 1.111770 1.023120
vt 1.119170 1.023260
vt 1.116870 1.026440
vt 1.110300 1.025630
vt 1.106460 1.024530
vt 1.106940 1.028510
vt 1.109950 1.027690
vt 1.114510 1.028020
vt 1.705430 1.014830
vt 1.705970 1.010180
vt 1.116180 1.023320
vt 1.082030 1.019940
vt 1.079850 1.022700
vt 1.082250 1.024490
vt 1.081200 1.016920
vt 1.113510 1.003640
vt 1.699340 1.008070
vt 1.078530 1.012450
vt 1.076370 1.022900
vt 1.692070 1.014240
vt 1.696640 1.015210
vt 1.693630 1.016010
vt 1.698330 1.018890
vt 1.700260 1.016700
vt 1.075950 1.014510
vt 1.691150 1.013670
vt 1.691490 1.016810
vt 1.694070 1.019880
vt 1.703080 1.018910
vt 1.073020 1.014310
vt 1.696510 1.024200
vt 1.700160 1.021620
vt 1.703050 1.023800
vt 1.705090 1.023290
vt 1.073900 1.025340
vt 1.701610 1.025850
vt 1.694010 1.021960
vt 1.696170 1.026760
vt 1.692140 1.025600
vt 1.069260 1.027460
vt 1.068150 1.017740
vt 1.069170 1.000740
vt 1.066390 1.027140
vt 1.071410 1.027530
vt 1.069530 1.029210
vt 1.690900 1.021070
vt 1.066750 1.003850
vt 1.704790 1.026790
vt 1.703750 1.029210
vt 1.693510 1.031190
vt 1.716790 1.031580
vt 1.693340 1.028780
vt 1.066430 1.028910
vt 1.065800 1.029540
vt 1.691740 1.030000
vt 1.061770 1.029360
vt 1.884330 1.021810
vt 1.880390 1.022370
vt 1.889700 1.024430
vt 1.879930 1.019380
vt 1.889510 1.019850
vt 1.879640 1.025920
vt 1.881990 1.025440
vt 1.880540 1.014530
vt 1.898150 1.010540
vt 1.902590 1.020680
vt 1.883140 1.001550
vt 1.880610 1.010040
vt 1.093190 1.011280
vt 1.090580 1.014840
vt 1.090740 1.018470
vt 1.880260 1.005870
vt 1.094350 1.010570
vt 1.880300 1.016760
vt 1.119210 1.005630
vt 1.104510 1.018010
vt 1.091510 1.022160
vt 1.100320 1.011150
vt 1.096660 1.011400
vt 1.100000 1.017580
vt 1.102900 1.004480
vt 1.092900 1.008040
vt 1.098780 1.018200
vt 1.101430 1.022010
vt 1.101380 1.017490
vt 1.090700 1.029050
vt 1.097060 1.021110
vt 1.093220 1.026630
vt 1.100660 1.024010
vt 1.094310 1.027410
vt 1.096450 1.026020
vt 1.098520 1.027760
vt 1.104880 1.026700
vt 1.094820 1.029000
vt 1.711240 1.014710
vt 1.082210 1.008510
vt 1.080930 1.004800
vt 1.081380 1.000690
vt 1.077420 1.000770
vt 1.078330 1.003180
vt 1.075980 1.004110
vt 1.072880 1.000770
vt 1.714110 1.021500
vt 1.716630 1.019110
vt 1.713680 1.018530
vt 1.716990 1.014900
vt 1.717480 1.017680
vt 1.709070 1.018940
vt 1.709360 1.022690
vt 1.716570 1.023000
vt 1.706830 1.019970
vt 1.719950 1.026680
vt 1.717270 1.025910
vt 1.713210 1.024560
vt 1.719560 1.028490
vt 1.709830 1.025270
vt 1.712880 1.027250
vt 1.719900 1.033450
vt 1.717350 1.029670
vt 1.719880 1.030130
vt 1.905450 1.013510
vt 1.906540 1.019480
vt 1.908650 1.010580
vt 1.899990 1.029050
vt 1.111330 1.000390
vt 1.690190 1.008570
vt 1.693720 1.008480
vt 1.691830 1.012220
vt 1.107050 1.001410
vt 1.561030 1.007400
vt 1.558350 1.004290
vt 1.559370 1.011180
vt 1.559720 1.000460
vt 1.564340 1.024630
vt 1.562440 1.022310
vt 1.562230 1.025820
vt 1.559770 1.018210
vt 1.559470 1.023750
vt 1.561240 1.015410
vt 1.565330 1.026810
vt 1.567130 1.021710
vt 1.564630 1.022320
vt 1.565920 1.018190
vt 1.562650 1.018300
vt 1.567950 1.019320
vt 1.569320 1.021410
vt 1.568670 1.020530
vt 1.563850 1.017760
vt 1.563300 1.013990
vt 1.560070 1.026410
vt 1.563030 1.010510
vt 1.562660 1.030030
vt 1.564010 1.013620
vt 1.564930 1.010970
vt 1.766890 1.011820
vt 1.771780 1.016280
vt 1.772450 1.008070
vt 1.767720 1.008340
vt 1.767590 1.014230
vt 1.775360 1.011500
vt 1.776610 1.014240
vt 1.774560 1.015510
vt 1.779160 1.017280
vt 1.777720 1.012340
vt 1.770550 1.017330
vt 1.767380 1.017100
vt 1.774520 1.009330
vt 1.765290 1.009110
vt 1.764370 1.011790
vt 1.765780 1.019370
vt 1.769660 1.019140
vt 1.938460 1.016080
vt 1.928060 1.005700
vt 1.931400 1.016390
vt 1.935270 1.021200
vt 1.931870 1.000730
vt 1.932080 1.023620
vt 1.927490 1.024110
vt 1.928940 1.022300
vt 1.933430 1.024660
vt 1.355670 1.006930
vt 1.356450 1.000610
vt 1.350320 1.007920
vt 1.359730 1.002710
vt 1.358350 1.010810
vt 1.362710 1.007510
vt 1.364720 1.004810
vt 1.359820 1.016550
vt 1.352410 1.012710
vt 1.344360 1.012250
vt 1.354850 1.019510
vt 1.347500 1.025640
vt 1.351780 1.021990
vt 1.346890 1.018620
vt 1.335690 1.016910
vt 1.335790 1.020720
vt 1.763810 1.015490
vt 1.761330 1.010800
vt 1.759300 1.008840
vt 1.758640 1.013790
vt 1.759390 1.019620
vt 1.763780 1.009550
vt 1.761270 1.008350
vt 1.775680 1.016740
vt 1.763690 1.018400
vt 1.756160 1.019360
vt 1.759290 1.021730
vt 1.760800 1.019210
vt 1.242870 1.029050
vt 1.243900 1.024310
vt 1.240100 1.024200
vt 1.237310 1.015220
vt 1.240820 1.027970
vt 1.240650 1.009950
vt 1.236570 1.011030
vt 1.240670 1.017000
vt 1.236490 1.020720
vt 1.748780 1.015500
vt 1.777190 1.012440
vt 1.400760 1.008380
vt 1.398650 1.002900
vt 1.396850 1.007970
vt 1.420400 1.009030
vt 1.420540 1.000400
vt 1.391360 1.006660
vt 1.436120 1.003750
vt 1.433910 1.003100
vt 1.433080 1.003940
vt 1.432650 1.006250
vt 1.436540 1.005920
vt 1.428500 1.003500
vt 1.435010 1.008060
vt 1.438450 1.007360
vt 1.437860 1.003980
vt 1.430750 1.007360
vt 1.428900 1.005090
vt 1.446660 1.002340
vt 1.451220 1.001360
vt 1.446820 1.000380
vt 1.442480 1.003040
vt 1.425850 1.003600
vt 1.442850 1.000790
vt 1.440050 1.004670
vt 1.444640 1.006050
vt 1.437120 1.000890
vt 1.438920 1.002420
vt 1.305910 1.004700
vt 1.310090 1.021220
vt 1.308670 1.006750
vt 1.308890 1.000690
vt 1.330220 1.006820
vt 1.325410 1.008970
vt 1.334640 1.024660
vt 1.311200 1.010360
vt 1.314250 1.010150
vt 1.318540 1.008950
vt 1.715070 1.003690
vt 1.713150 1.006240
vt 1.718150 1.009100
vt 1.704630 1.004500
vt 1.708280 1.004740
vt 1.705580 1.003290
vt 1.711860 1.002910
vt 1.720060 1.007790
vt 1.718850 1.005700
vt 1.722190 1.011310
vt 1.717540 1.004550
vt 1.722000 1.000990
vt 1.722380 1.003820
vt 1.721770 1.014400
vt 1.722280 1.006480
vt 1.717710 1.000480
vt 1.717370 1.003430
vt 1.716320 1.009680
vt 1.718290 1.012150
vt 1.231990 1.020260
vt 1.235280 1.018580
vt 1.230500 1.018000
vt 1.218110 1.000650
vt 1.217220 1.001500
vt 1.220100 1.001870
vt 1.216370 1.009890
vt 1.216630 1.007450
vt 1.214990 1.007700
vt 1.212820 1.007050
vt 1.215370 1.004990
vt 1.211400 1.005860
vt 1.209720 1.007880
vt 1.227470 1.018460
vt 1.226520 1.017130
vt 1.229500 1.016640
vt 1.230610 1.014860
vt 1.227730 1.012080
vt 1.225570 1.014610
vt 1.223870 1.012730
vt 1.228880 1.008030
vt 1.230560 1.010410
vt 1.224930 1.006730
vt 1.222230 1.003450
vt 1.221030 1.007160
vt 1.225560 1.004860
vt 1.226310 1.009890
vt 1.218260 1.005190
vt 1.219700 1.007590
vt 1.217820 1.012620
vt 1.221370 1.010520
vt 1.222630 1.016850
vt 1.219420 1.014750
vt 1.222450 1.012670
vt 1.225590 1.017960
vt 1.232470 1.013230
vt 1.219850 1.004840
vt 1.218270 1.003630
vt 1.214710 1.000410
vt 1.233710 1.015540
vt 1.236910 1.005940
vt 1.244080 1.008040
vt 1.236080 1.002420
vt 1.243740 1.000610
vt 1.277100 1.001020
vt 1.279620 1.002720
vt 1.280760 1.001200
vt 1.285430 1.002800
vt 1.284830 1.016850
vt 1.289620 1.004530
vt 1.292680 1.000900
vt 1.293980 1.005060
vt 1.290600 1.000530
vt 1.289160 1.000730
vt 1.294040 1.000700
vt 1.298960 1.004220
vt 1.298840 1.001210
vt 1.304890 1.016850
vt 1.699690 1.003270
vt 1.698590 1.004670
vt 1.701450 1.005650
vt 1.696040 1.005110
vt 1.436480 1.020460
vt 1.437700 1.017200
vt 1.436590 1.022370
vt 1.441350 1.021640
vt 1.447670 1.020720
vt 1.445620 1.019590
vt 1.447290 1.023840
vt 1.442040 1.019530
vt 1.436120 1.009080
vt 1.437180 1.010360
vt 1.443640 1.008400
vt 1.442950 1.009770
vt 1.434630 1.012790
vt 1.436300 1.011580
vt 1.442710 1.016450
vt 1.442550 1.010730
vt 1.447630 1.008480
vt 1.435770 1.011980
vt 1.440030 1.015090
vt 1.441900 1.012970
vt 1.447450 1.009970
vt 1.445550 1.015070
vt 1.447170 1.011040
vt 1.445810 1.013380
vt 1.448220 1.014620
vt 1.447050 1.015500
vt 1.445820 1.017630
vt 1.785800 1.003720
vt 1.784580 1.003670
vt 1.786180 1.004580
vt 1.787750 1.001770
vt 1.782690 1.000430
vt 1.781840 1.005660
vt 1.778880 1.000770
vt 1.775380 1.003110
vt 1.777980 1.003430
vt 1.775970 1.005460
vt 1.784100 1.006150
vt 1.772230 1.001260
vt 1.773210 1.002150
vt 1.772490 1.003570
vt 1.770980 1.003470
vt 1.770490 1.005250
vt 1.770280 1.006660
vt 1.771880 1.006080
vt 1.768800 1.002910
vt 1.766400 1.004100
vt 1.765270 1.007540
vt 1.764860 1.005600
vt 1.764700 1.002020
vt 1.761370 1.003790
vt 1.762730 1.007570
vt 1.758540 1.002470
vt 1.276390 1.006150
vt 1.270600 1.009630
vt 1.265870 1.025150
vt 1.274690 1.001940
vt 1.276120 1.000440
vt 1.813460 1.030030
vt 1.815450 1.000750
vt 1.805450 1.024580
vt 1.978920 1.030030
vt 1.984880 1.024450
vt 1.967530 1.000540
vt 1.989750 1.016200
vt 1.972170 1.028190
vt 1.787640 1.011690
vt 1.787800 1.017990
vt 1.788890 1.006880
vt 1.787400 1.019940
vt 1.786860 1.030520
vt 1.787880 1.006940
vt 1.789350 1.000460
vt 1.670350 1.013980
vt 1.668780 1.009170
vt 1.669450 1.015160
vt 1.029250 1.008910
vt 1.056350 1.000810
vt 1.032550 1.001090
vt 1.026810 1.016190
vt 1.669710 1.027520
vt 1.674010 1.028670
vt 1.673960 1.026080
vt 1.668320 1.006160
vt 1.667940 1.003050
vt 1.666340 1.005690
vt 1.667600 1.000800
vt 1.666910 1.010230
vt 1.666430 1.012560
vt 1.665820 1.015470
vt 1.665380 1.020850
vt 1.669330 1.017500
vt 1.670390 1.024010
vt 1.665680 1.023130
vt 1.664790 1.027070
vt 1.666050 1.027240
vt 1.665060 1.030030
vt 1.673160 1.021650
vt 1.673250 1.022810
vt 1.672260 1.029730
vt 1.954353 1.283760
vt 1.953942 1.296270
vt 1.950459 1.283540
vt 1.950048 1.296040
vt 1.346486 1.353890
vt 1.346839 1.364620
vt 1.342592 1.354110
vt 1.342944 1.364850
vt 1.369385 1.651170
vt 1.378378 1.651110
vt 1.369385 1.655220
vt 1.378378 1.655160
vt 1.957837 1.296490
vt 1.958247 1.283990
vt 1.338697 1.354340
vt 1.339050 1.365070
vt 1.369385 1.659270
vt 1.378378 1.659210
vt 1.961731 1.296720
vt 1.962142 1.284220
vt 1.334803 1.354560
vt 1.335156 1.365300
vt 1.369385 1.663320
vt 1.378378 1.663260
vt 1.965625 1.296940
vt 1.966036 1.284440
vt 1.331261 1.365520
vt 1.330909 1.354790
vt 1.369385 1.667370
vt 1.378378 1.667310
vt 1.969930 1.284670
vt 1.969519 1.297170
vt 1.327014 1.355010
vt 1.327367 1.365750
vt 1.369385 1.671420
vt 1.378378 1.671360
vt 1.973414 1.297400
vt 1.973824 1.284890
vt 1.323120 1.355240
vt 1.323473 1.365980
vt 1.369385 1.675480
vt 1.378378 1.675420
vt 1.977308 1.297620
vt 1.977719 1.285120
vt 1.319579 1.366200
vt 1.319226 1.355470
vt 1.369385 1.679530
vt 1.378378 1.679470
vt 1.981613 1.285350
vt 1.981202 1.297850
vt 1.315684 1.366430
vt 1.315332 1.355690
vt 1.369385 1.683580
vt 1.378378 1.683520
vt 1.985507 1.285570
vt 1.985097 1.298070
vt 1.311437 1.355920
vt 1.311790 1.366650
vt 1.378378 1.687570
vt 1.369385 1.687630
vt 1.988991 1.298300
vt 1.989402 1.285800
vt 1.307543 1.356140
vt 1.307896 1.366880
vt 1.369385 1.691680
vt 1.378378 1.691620
vt 1.993296 1.286020
vt 1.992885 1.298530
vt 1.303649 1.356370
vt 1.304001 1.367110
vt 1.369385 1.695740
vt 1.378378 1.695670
vt 1.996780 1.298750
vt 1.997190 1.286250
vt 1.299754 1.356600
vt 1.300107 1.367330
vt 1.369385 1.699790
vt 1.378378 1.699730
vt 1.667269 1.067550
vt 1.671163 1.067320
vt 1.667679 1.080050
vt 1.671574 1.079820
vt 1.680541 1.326860
vt 1.684435 1.327080
vt 1.680188 1.337590
vt 1.684083 1.337820
vt 1.432432 1.655160
vt 1.432432 1.651110
vt 1.441426 1.655220
vt 1.441426 1.651170
vt 1.663785 1.080280
vt 1.663374 1.067770
vt 1.688330 1.327310
vt 1.687977 1.338040
vt 1.432432 1.659210
vt 1.441426 1.659270
vt 1.659891 1.080500
vt 1.659480 1.068000
vt 1.692224 1.327540
vt 1.691871 1.338270
vt 1.441426 1.663320
vt 1.432432 1.663260
vt 1.655997 1.080730
vt 1.655586 1.068230
vt 1.695766 1.338500
vt 1.696118 1.327760
vt 1.441426 1.667370
vt 1.432432 1.667310
vt 1.651691 1.068450
vt 1.652102 1.080950
vt 1.700013 1.327990
vt 1.699660 1.338720
vt 1.441426 1.671420
vt 1.432432 1.671360
vt 1.648208 1.081180
vt 1.647797 1.068680
vt 1.703907 1.328210
vt 1.703554 1.338950
vt 1.441426 1.675480
vt 1.432432 1.675420
vt 1.644314 1.081410
vt 1.643903 1.068900
vt 1.707448 1.339170
vt 1.707801 1.328440
vt 1.441426 1.679530
vt 1.432432 1.679470
vt 1.640009 1.069130
vt 1.640419 1.081630
vt 1.711343 1.339400
vt 1.711695 1.328670
vt 1.441426 1.683580
vt 1.432432 1.683520
vt 1.636114 1.069360
vt 1.636525 1.081860
vt 1.715237 1.339630
vt 1.715590 1.328890
vt 1.432432 1.687570
vt 1.441426 1.687630
vt 1.632631 1.082080
vt 1.632220 1.069580
vt 1.719484 1.329120
vt 1.719131 1.339850
vt 1.432432 1.691620
vt 1.441426 1.691680
vt 1.628326 1.069810
vt 1.628736 1.082310
vt 1.723378 1.329340
vt 1.723026 1.340080
vt 1.432432 1.695670
vt 1.441426 1.695740
vt 1.624842 1.082540
vt 1.624431 1.070030
vt 1.727273 1.329570
vt 1.726920 1.340300
vt 1.441426 1.699790
vt 1.432432 1.699730
vt 1.949607 1.309460
vt 1.953501 1.309680
vt 1.341698 1.435170
vt 1.348894 1.434890
vt 1.341698 1.439220
vt 1.348894 1.438940
vt 1.361005 1.655390
vt 1.361005 1.651340
vt 1.957396 1.309910
vt 1.341698 1.443270
vt 1.348894 1.442990
vt 1.361005 1.659450
vt 1.961290 1.310130
vt 1.348894 1.447040
vt 1.341698 1.447330
vt 1.361005 1.663500
vt 1.965184 1.310360
vt 1.341698 1.451380
vt 1.348894 1.451100
vt 1.361005 1.667550
vt 1.969079 1.310580
vt 1.341698 1.455430
vt 1.348894 1.455150
vt 1.361005 1.671600
vt 1.972973 1.310810
vt 1.348894 1.459200
vt 1.341698 1.459480
vt 1.361005 1.675650
vt 1.976867 1.311040
vt 1.341698 1.463530
vt 1.348894 1.463250
vt 1.361005 1.679710
vt 1.980762 1.311260
vt 1.348894 1.467300
vt 1.341698 1.467590
vt 1.361005 1.683760
vt 1.984656 1.311490
vt 1.348894 1.471360
vt 1.341698 1.471640
vt 1.361005 1.687810
vt 1.988550 1.311710
vt 1.341698 1.475690
vt 1.348894 1.475410
vt 1.361005 1.691860
vt 1.992445 1.311940
vt 1.341698 1.479740
vt 1.348894 1.479460
vt 1.361005 1.695910
vt 1.996339 1.312170
vt 1.348894 1.483510
vt 1.341698 1.483790
vt 1.361005 1.699960
vt 1.672014 1.093240
vt 1.668120 1.093460
vt 1.948403 1.357860
vt 1.948403 1.353810
vt 1.955599 1.358140
vt 1.955599 1.354090
vt 1.449806 1.655390
vt 1.449806 1.651340
vt 1.664226 1.093690
vt 1.955599 1.362190
vt 1.948403 1.361910
vt 1.449806 1.659450
vt 1.660332 1.093920
vt 1.948403 1.365960
vt 1.955599 1.366250
vt 1.449806 1.663500
vt 1.656437 1.094140
vt 1.948403 1.370020
vt 1.955599 1.370300
vt 1.449806 1.667550
vt 1.652543 1.094370
vt 1.955599 1.374350
vt 1.948403 1.374070
vt 1.449806 1.671600
vt 1.648649 1.094590
vt 1.948403 1.378120
vt 1.955599 1.378400
vt 1.449806 1.675650
vt 1.644754 1.094820
vt 1.955599 1.382450
vt 1.948403 1.382170
vt 1.449806 1.679710
vt 1.640860 1.095050
vt 1.948403 1.386220
vt 1.955599 1.386500
vt 1.449806 1.683760
vt 1.636966 1.095270
vt 1.948403 1.390270
vt 1.955599 1.390560
vt 1.449806 1.687810
vt 1.633071 1.095500
vt 1.948403 1.394330
vt 1.955599 1.394610
vt 1.449806 1.691860
vt 1.629177 1.095720
vt 1.955599 1.398660
vt 1.948403 1.398380
vt 1.449806 1.695910
vt 1.625283 1.095950
vt 1.948403 1.402430
vt 1.955599 1.402710
vt 1.449806 1.699960
vt 1.949166 1.322870
vt 1.953061 1.323100
vt 1.333318 1.439400
vt 1.333318 1.435350
vt 1.353808 1.651620
vt 1.353808 1.655680
vt 1.956955 1.323320
vt 1.333318 1.443450
vt 1.353808 1.659730
vt 1.960849 1.323550
vt 1.333318 1.447500
vt 1.353808 1.663780
vt 1.964744 1.323770
vt 1.333318 1.451560
vt 1.353808 1.667830
vt 1.968638 1.324000
vt 1.333318 1.455610
vt 1.353808 1.671880
vt 1.972532 1.324230
vt 1.333318 1.459660
vt 1.353808 1.675940
vt 1.976426 1.324450
vt 1.333318 1.463710
vt 1.353808 1.679990
vt 1.980321 1.324680
vt 1.333318 1.467760
vt 1.353808 1.684040
vt 1.984215 1.324900
vt 1.333318 1.471810
vt 1.353808 1.688090
vt 1.988109 1.325130
vt 1.333318 1.475870
vt 1.353808 1.692140
vt 1.992004 1.325360
vt 1.333318 1.479920
vt 1.353808 1.696190
vt 1.995898 1.325580
vt 1.333318 1.483970
vt 1.353808 1.700250
vt 1.668561 1.106880
vt 1.672455 1.106650
vt 1.963980 1.358320
vt 1.963980 1.354270
vt 1.457002 1.655680
vt 1.457002 1.651620
vt 1.664667 1.107110
vt 1.963980 1.362370
vt 1.457002 1.659730
vt 1.660772 1.107330
vt 1.963980 1.366420
vt 1.457002 1.663780
vt 1.656878 1.107560
vt 1.963980 1.370470
vt 1.457002 1.667830
vt 1.652984 1.107780
vt 1.963980 1.374530
vt 1.457002 1.671880
vt 1.649089 1.108010
vt 1.963980 1.378580
vt 1.457002 1.675940
vt 1.645195 1.108240
vt 1.963980 1.382630
vt 1.457002 1.679990
vt 1.641301 1.108460
vt 1.963980 1.386680
vt 1.457002 1.684040
vt 1.637406 1.108690
vt 1.963980 1.390730
vt 1.457002 1.688090
vt 1.633512 1.108910
vt 1.963980 1.394780
vt 1.457002 1.692140
vt 1.629618 1.109140
vt 1.963980 1.398840
vt 1.457002 1.696190
vt 1.625724 1.109370
vt 1.963980 1.402890
vt 1.457002 1.700250
vt 1.952650 1.335600
vt 1.948756 1.335370
vt 1.324324 1.439460
vt 1.324324 1.435410
vt 1.344647 1.416680
vt 1.348542 1.416450
vt 1.345000 1.427410
vt 1.348894 1.427190
vt 1.956544 1.335820
vt 1.324324 1.443510
vt 1.340753 1.416900
vt 1.341106 1.427640
vt 1.960439 1.336050
vt 1.324324 1.447560
vt 1.337211 1.427870
vt 1.336859 1.417130
vt 1.964333 1.336280
vt 1.324324 1.451620
vt 1.332964 1.417360
vt 1.333317 1.428090
vt 1.968227 1.336500
vt 1.324324 1.455670
vt 1.329423 1.428320
vt 1.329070 1.417580
vt 1.972121 1.336730
vt 1.324324 1.459720
vt 1.325176 1.417810
vt 1.325529 1.428540
vt 1.976016 1.336950
vt 1.324324 1.463770
vt 1.321281 1.418030
vt 1.321634 1.428770
vt 1.979910 1.337180
vt 1.324324 1.467820
vt 1.317387 1.418260
vt 1.317740 1.428990
vt 1.983804 1.337400
vt 1.324324 1.471870
vt 1.313493 1.418490
vt 1.313846 1.429220
vt 1.987699 1.337630
vt 1.324324 1.475930
vt 1.309599 1.418710
vt 1.309951 1.429450
vt 1.991593 1.337860
vt 1.324324 1.479980
vt 1.306057 1.429670
vt 1.305704 1.418940
vt 1.995487 1.338080
vt 1.324324 1.484030
vt 1.301810 1.419160
vt 1.302163 1.429900
vt 1.668972 1.119380
vt 1.672866 1.119160
vt 1.972973 1.358380
vt 1.972973 1.354330
vt 1.682380 1.389650
vt 1.682027 1.400390
vt 1.678485 1.389430
vt 1.678133 1.400160
vt 1.665077 1.119610
vt 1.972973 1.362430
vt 1.686274 1.389880
vt 1.685921 1.400610
vt 1.661183 1.119830
vt 1.972973 1.366480
vt 1.689816 1.400840
vt 1.690168 1.390100
vt 1.657289 1.120060
vt 1.972973 1.370530
vt 1.694063 1.390330
vt 1.693710 1.401060
vt 1.653394 1.120280
vt 1.972973 1.374590
vt 1.697604 1.401290
vt 1.697957 1.390560
vt 1.649500 1.120510
vt 1.972973 1.378640
vt 1.701851 1.390780
vt 1.701499 1.401520
vt 1.645606 1.120740
vt 1.972973 1.382690
vt 1.705746 1.391010
vt 1.705393 1.401740
vt 1.641712 1.120960
vt 1.972973 1.386740
vt 1.709640 1.391230
vt 1.709287 1.401970
vt 1.637817 1.121190
vt 1.972973 1.390790
vt 1.713534 1.391460
vt 1.713181 1.402190
vt 1.633923 1.121410
vt 1.972973 1.394850
vt 1.717428 1.391690
vt 1.717076 1.402420
vt 1.630029 1.121640
vt 1.972973 1.398900
vt 1.720970 1.402650
vt 1.721323 1.391910
vt 1.626134 1.121870
vt 1.972973 1.402950
vt 1.725217 1.392140
vt 1.724864 1.402870
vt 1.395752 1.655390
vt 1.395752 1.651340
vt 1.402948 1.655680
vt 1.402948 1.651620
vt 1.306951 1.435170
vt 1.315331 1.435350
vt 1.306951 1.439220
vt 1.315331 1.439400
vt 1.343796 1.390760
vt 1.347690 1.390540
vt 1.344237 1.404180
vt 1.348131 1.403950
vt 1.395752 1.659450
vt 1.402948 1.659730
vt 1.306951 1.443270
vt 1.315331 1.443450
vt 1.340342 1.404400
vt 1.339902 1.390990
vt 1.395752 1.663500
vt 1.402948 1.663780
vt 1.306951 1.447330
vt 1.315331 1.447500
vt 1.336007 1.391210
vt 1.336448 1.404630
vt 1.395752 1.667550
vt 1.402948 1.667830
vt 1.306951 1.451380
vt 1.315331 1.451560
vt 1.332113 1.391440
vt 1.332554 1.404860
vt 1.402948 1.671880
vt 1.395752 1.671600
vt 1.306951 1.455430
vt 1.315331 1.455610
vt 1.328219 1.391670
vt 1.328659 1.405080
vt 1.395752 1.675650
vt 1.402948 1.675940
vt 1.306951 1.459480
vt 1.315331 1.459660
vt 1.324324 1.391890
vt 1.324765 1.405310
vt 1.395752 1.679710
vt 1.402948 1.679990
vt 1.306951 1.463530
vt 1.315331 1.463710
vt 1.320430 1.392120
vt 1.320871 1.405530
vt 1.395752 1.683760
vt 1.402948 1.684040
vt 1.306951 1.467590
vt 1.315331 1.467760
vt 1.316536 1.392340
vt 1.316976 1.405760
vt 1.395752 1.687810
vt 1.402948 1.688090
vt 1.315331 1.471810
vt 1.306951 1.471640
vt 1.312641 1.392570
vt 1.313082 1.405980
vt 1.395752 1.691860
vt 1.402948 1.692140
vt 1.306951 1.475690
vt 1.315331 1.475870
vt 1.308747 1.392800
vt 1.309188 1.406210
vt 1.395752 1.695910
vt 1.402948 1.696190
vt 1.306951 1.479740
vt 1.315331 1.479920
vt 1.305294 1.406440
vt 1.304853 1.393020
vt 1.395752 1.699960
vt 1.402948 1.700250
vt 1.306951 1.483790
vt 1.315331 1.483970
vt 1.300958 1.393250
vt 1.301399 1.406660
vt 1.415059 1.655390
vt 1.407862 1.655680
vt 1.415059 1.651340
vt 1.407862 1.651620
vt 1.981966 1.358320
vt 1.981966 1.354270
vt 1.990347 1.358140
vt 1.990347 1.354090
vt 1.683231 1.363740
vt 1.682790 1.377150
vt 1.679337 1.363510
vt 1.678896 1.376920
vt 1.415059 1.659450
vt 1.407862 1.659730
vt 1.981966 1.362370
vt 1.990347 1.362190
vt 1.686685 1.377380
vt 1.687125 1.363960
vt 1.415059 1.663500
vt 1.407862 1.663780
vt 1.981966 1.366420
vt 1.990347 1.366250
vt 1.690579 1.377600
vt 1.691020 1.364190
vt 1.415059 1.667550
vt 1.407862 1.667830
vt 1.981966 1.370470
vt 1.990347 1.370300
vt 1.694473 1.377830
vt 1.694914 1.364410
vt 1.407862 1.671880
vt 1.415059 1.671600
vt 1.990347 1.374350
vt 1.981966 1.374530
vt 1.698808 1.364640
vt 1.698368 1.378050
vt 1.415059 1.675650
vt 1.407862 1.675940
vt 1.990347 1.378400
vt 1.981966 1.378580
vt 1.702703 1.364860
vt 1.702262 1.378280
vt 1.415059 1.679710
vt 1.407862 1.679990
vt 1.990347 1.382450
vt 1.981966 1.382630
vt 1.706597 1.365090
vt 1.706156 1.378510
vt 1.415059 1.683760
vt 1.407862 1.684040
vt 1.990347 1.386500
vt 1.981966 1.386680
vt 1.710491 1.365320
vt 1.710051 1.378730
vt 1.415059 1.687810
vt 1.407862 1.688090
vt 1.981966 1.390730
vt 1.990347 1.390560
vt 1.714386 1.365540
vt 1.713945 1.378960
vt 1.415059 1.691860
vt 1.407862 1.692140
vt 1.981966 1.394780
vt 1.990347 1.394610
vt 1.718280 1.365770
vt 1.717839 1.379180
vt 1.415059 1.695910
vt 1.407862 1.696190
vt 1.981966 1.398840
vt 1.990347 1.398660
vt 1.721733 1.379410
vt 1.722174 1.365990
vt 1.415059 1.699960
vt 1.407862 1.700250
vt 1.981966 1.402890
vt 1.990347 1.402710
vt 1.725628 1.379640
vt 1.726069 1.366220
vt 1.948403 1.346110
vt 1.952297 1.346330
vt 1.956192 1.346560
vt 1.960086 1.346780
vt 1.963980 1.347010
vt 1.967874 1.347240
vt 1.971769 1.347460
vt 1.975663 1.347690
vt 1.979557 1.347910
vt 1.983452 1.348140
vt 1.987346 1.348370
vt 1.991240 1.348590
vt 1.995135 1.348820
vt 1.669324 1.130120
vt 1.673219 1.129890
vt 1.665430 1.130340
vt 1.661536 1.130570
vt 1.657641 1.130790
vt 1.653747 1.131020
vt 1.649853 1.131250
vt 1.645959 1.131470
vt 1.642064 1.131700
vt 1.638170 1.131920
vt 1.634276 1.132150
vt 1.630381 1.132380
vt 1.626487 1.132600
vt 1.387372 1.651170
vt 1.387372 1.655220
vt 1.299754 1.438940
vt 1.299754 1.434890
vt 1.347249 1.377120
vt 1.343355 1.377350
vt 1.387372 1.659270
vt 1.299754 1.442990
vt 1.339461 1.377570
vt 1.387372 1.663320
vt 1.299754 1.447040
vt 1.335566 1.377800
vt 1.387372 1.667370
vt 1.299754 1.451100
vt 1.331672 1.378020
vt 1.387372 1.671420
vt 1.299754 1.455150
vt 1.327778 1.378250
vt 1.387372 1.675480
vt 1.299754 1.459200
vt 1.323884 1.378480
vt 1.387372 1.679530
vt 1.299754 1.463250
vt 1.319989 1.378700
vt 1.387372 1.683580
vt 1.299754 1.467300
vt 1.316095 1.378930
vt 1.387372 1.687630
vt 1.299754 1.471360
vt 1.312201 1.379150
vt 1.387372 1.691680
vt 1.299754 1.475410
vt 1.308306 1.379380
vt 1.387372 1.695740
vt 1.299754 1.479460
vt 1.304412 1.379610
vt 1.387372 1.699790
vt 1.299754 1.483510
vt 1.300518 1.379830
vt 1.423439 1.655220
vt 1.423439 1.651170
vt 1.997543 1.357860
vt 1.997543 1.353810
vt 1.679778 1.350090
vt 1.683672 1.350320
vt 1.423439 1.659270
vt 1.997543 1.361910
vt 1.687566 1.350550
vt 1.423439 1.663320
vt 1.997543 1.365960
vt 1.691461 1.350770
vt 1.423439 1.667370
vt 1.997543 1.370020
vt 1.695355 1.351000
vt 1.423439 1.671420
vt 1.997543 1.374070
vt 1.699249 1.351220
vt 1.423439 1.675480
vt 1.997543 1.378120
vt 1.703143 1.351450
vt 1.423439 1.679530
vt 1.997543 1.382170
vt 1.707038 1.351680
vt 1.423439 1.683580
vt 1.997543 1.386220
vt 1.710932 1.351900
vt 1.423439 1.687630
vt 1.997543 1.390270
vt 1.714826 1.352130
vt 1.423439 1.691680
vt 1.997543 1.394330
vt 1.718721 1.352350
vt 1.423439 1.695740
vt 1.997543 1.398380
vt 1.722615 1.352580
vt 1.423439 1.699790
vt 1.997543 1.402430
vt 1.726509 1.352810
vt 1.950811 1.272800
vt 1.954706 1.273030
vt 1.958600 1.273260
vt 1.962494 1.273480
vt 1.966389 1.273710
vt 1.970283 1.273930
vt 1.974177 1.274160
vt 1.978071 1.274390
vt 1.981966 1.274610
vt 1.985860 1.274840
vt 1.989754 1.275060
vt 1.993649 1.275290
vt 1.997543 1.275520
vt 1.670810 1.056590
vt 1.666916 1.056810
vt 1.663022 1.057040
vt 1.659127 1.057270
vt 1.655233 1.057490
vt 1.651339 1.057720
vt 1.647444 1.057940
vt 1.643550 1.058170
vt 1.639656 1.058400
vt 1.635762 1.058620
vt 1.631867 1.058850
vt 1.627973 1.059070
vt 1.624079 1.059300

f 1/1 2/2 3/3
f 4/4 5/5 2/2
f 6/6 7/7 8/8
f 7/7 6/6 9/9
f 10/10 11/11 9/9
f 10/10 9/9 12/12
f 6/6 13/13 9/9
f 6/6 14/14 13/13
f 14/14 6/6 15/15
f 11/11 10/10 16/16
f 17/17 11/11 16/16
f 18/18 7/7 9/9
f 9/9 11/11 18/18
f 17/17 19/19 11/11
f 17/17 16/16 19/19
f 11/11 19/19 20/20
f 21/21 22/22 23/23
f 21/21 23/23 24/24
f 20/20 19/19 25/25
f 26/26 19/19 27/27
f 19/19 26/26 25/25
f 16/16 28/28 27/27
f 29/29 30/30 31/31
f 29/29 32/32 30/30
f 19/19 16/16 27/27
f 33/33 32/32 29/29
f 22/22 34/34 32/32
f 35/35 32/32 34/34
f 29/29 36/36 37/37
f 13/13 14/14 38/38
f 12/12 13/13 38/38
f 12/12 38/38 39/39
f 9/9 13/13 12/12
f 40/40 12/12 39/39
f 40/40 41/41 37/37
f 36/36 12/12 37/37
f 12/12 40/40 37/37
f 42/42 37/37 41/41
f 33/33 37/37 42/42
f 37/37 33/33 29/29
f 33/33 42/42 23/23
f 23/23 42/42 43/43
f 23/23 43/43 24/24
f 44/44 3/3 45/45
f 46/46 47/47 45/45
f 46/46 45/45 2/2
f 46/46 2/2 5/5
f 3/3 2/2 45/45
f 48/48 22/22 21/21
f 48/48 49/49 22/22
f 22/22 32/32 33/33
f 22/22 33/33 23/23
f 50/50 51/51 52/52
f 53/53 54/54 55/55
f 50/50 56/56 57/57
f 57/57 51/51 50/50
f 58/58 59/59 60/60
f 61/61 51/51 57/57
f 59/59 62/62 63/63
f 64/64 55/55 52/52
f 64/64 65/65 66/66
f 64/64 66/66 53/53
f 50/50 52/52 55/55
f 62/62 59/59 58/58
f 67/67 64/64 52/52
f 68/68 52/52 51/51
f 68/68 67/67 52/52
f 54/54 50/50 55/55
f 69/69 53/53 70/70
f 64/64 53/53 55/55
f 54/54 71/71 50/50
f 53/53 69/69 54/54
f 60/60 70/70 66/66
f 72/72 73/73 74/74
f 72/72 74/74 75/75
f 76/76 77/77 78/78
f 77/77 79/79 75/75
f 79/79 72/72 75/75
f 80/80 75/75 74/74
f 80/80 81/81 77/77
f 77/77 81/81 78/78
f 80/80 77/77 75/75
f 81/81 82/82 78/78
f 83/83 84/84 85/85
f 83/83 86/86 84/84
f 83/83 85/85 82/82
f 81/81 87/87 83/83
f 88/88 83/83 87/87
f 82/82 81/81 83/83
f 50/50 71/71 56/56
f 70/70 53/53 66/66
f 89/89 90/90 91/91
f 92/92 93/93 94/94
f 92/92 95/95 93/93
f 95/95 96/96 93/93
f 95/95 90/90 89/89
f 96/96 97/97 98/98
f 99/99 96/96 95/95
f 100/100 101/101 102/102
f 101/101 103/103 104/104
f 96/96 98/98 105/105
f 106/106 97/97 107/107
f 89/89 91/91 99/99
f 91/91 90/90 108/108
f 109/109 107/107 110/110
f 98/98 100/100 102/102
f 100/100 98/98 97/97
f 111/111 97/97 99/99
f 99/99 97/97 96/96
f 89/89 99/99 95/95
f 111/111 107/107 97/97
f 99/99 91/91 111/111
f 110/110 107/107 111/111
f 112/112 109/109 113/113
f 109/109 110/110 113/113
f 106/106 100/100 97/97
f 107/107 114/114 106/106
f 103/103 101/101 100/100
f 106/106 103/103 100/100
f 114/114 109/109 112/112
f 112/112 113/113 115/115
f 107/107 109/109 114/114
f 116/116 92/92 94/94
f 90/90 95/95 117/117
f 91/91 108/108 110/110
f 115/115 118/118 112/112
f 110/110 108/108 113/113
f 110/110 111/111 91/91
f 65/65 64/64 119/119
f 65/65 58/58 66/66
f 58/58 60/60 66/66
f 78/78 120/120 76/76
f 101/101 104/104 121/121
f 122/122 123/123 124/124
f 124/124 125/125 122/122
f 126/126 127/127 128/128
f 129/129 130/130 131/131
f 132/132 129/129 131/131
f 132/132 128/128 127/127
f 133/133 130/130 134/134
f 127/127 129/129 132/132
f 128/128 135/135 126/126
f 136/136 126/126 135/135
f 137/137 136/136 135/135
f 138/138 137/137 135/135
f 133/133 131/131 130/130
f 133/133 134/134 139/139
f 140/140 141/141 142/142
f 142/142 141/141 143/143
f 144/144 145/145 146/146
f 144/144 146/146 143/143
f 146/146 142/142 143/143
f 147/147 148/148 149/149
f 150/150 142/142 146/146
f 150/150 146/146 151/151
f 152/152 149/149 153/153
f 144/144 154/154 145/145
f 155/155 142/142 147/147
f 155/155 147/147 149/149
f 146/146 145/145 151/151
f 155/155 140/140 142/142
f 154/154 156/156 145/145
f 154/154 157/157 158/158
f 145/145 156/156 151/151
f 154/154 158/158 156/156
f 153/153 159/159 160/160
f 161/161 148/148 162/162
f 156/156 158/158 163/163
f 147/147 142/142 150/150
f 148/148 161/161 159/159
f 156/156 163/163 164/164
f 159/159 153/153 149/149
f 149/149 148/148 159/159
f 148/148 147/147 162/162
f 165/165 156/156 164/164
f 166/166 167/167 150/150
f 166/166 151/151 168/168
f 150/150 151/151 166/166
f 151/151 156/156 168/168
f 168/168 156/156 165/165
f 147/147 150/150 162/162
f 169/169 164/164 163/163
f 170/170 171/171 172/172
f 173/173 174/174 175/175
f 176/176 177/177 178/178
f 176/176 179/179 177/177
f 179/179 176/176 180/180
f 181/181 182/182 183/183
f 176/176 184/184 180/180
f 185/185 186/186 187/187
f 188/188 180/180 189/189
f 176/176 190/190 191/191
f 192/192 193/193 194/194
f 194/194 189/189 192/192
f 190/190 176/176 178/178
f 195/195 190/190 196/196
f 191/191 192/192 184/184
f 186/186 185/185 188/188
f 191/191 184/184 176/176
f 175/175 174/174 197/197
f 189/189 180/180 184/184
f 189/189 198/198 186/186
f 199/199 182/182 174/174
f 183/183 182/182 200/200
f 173/173 200/200 199/199
f 199/199 174/174 173/173
f 201/201 202/202 187/187
f 203/203 204/204 205/205
f 206/206 205/205 204/204
f 182/182 199/199 200/200
f 203/203 197/197 174/174
f 203/203 174/174 204/204
f 205/205 207/207 203/203
f 208/208 189/189 194/194
f 201/201 187/187 186/186
f 201/201 186/186 198/198
f 195/195 191/191 190/190
f 192/192 189/189 184/184
f 209/209 202/210 183/183
f 203/203 207/207 197/197
f 204/204 174/174 210/211
f 210/211 174/174 182/182
f 182/182 181/181 210/211
f 202/210 181/181 183/183
f 188/188 189/189 186/186
f 185/185 202/202 211/212
f 211/212 202/202 212/213
f 212/213 202/202 209/214
f 179/179 180/180 188/188
f 185/185 187/187 202/202
f 208/208 198/198 189/189
f 193/193 213/215 194/194
f 214/216 215/217 216/218
f 217/219 218/220 219/221
f 220/222 221/223 222/224
f 215/217 214/216 223/225
f 214/216 224/226 219/221
f 217/219 219/221 224/226
f 225/227 226/228 227/229
f 227/229 228/230 219/221
f 229/231 230/232 231/233
f 223/225 228/230 220/222
f 223/225 214/216 228/230
f 228/230 227/229 226/228
f 225/227 232/234 220/222
f 226/228 225/227 220/222
f 218/220 233/235 219/221
f 218/220 217/219 234/236
f 235/237 234/236 236/238
f 237/239 236/238 238/240
f 239/241 218/220 240/242
f 240/242 218/220 235/237
f 237/239 231/233 236/238
f 231/233 230/232 236/238
f 237/239 241/243 231/233
f 215/217 223/225 222/224
f 219/221 228/230 214/216
f 220/222 228/230 226/228
f 223/225 220/222 222/224
f 233/235 227/229 219/221
f 218/220 239/241 233/235
f 235/237 218/220 234/236
f 230/232 235/237 236/238
f 238/240 236/238 234/236
f 231/233 241/243 242/244
f 242/244 229/231 231/233
f 243/245 197/197 244/246
f 245/247 246/248 247/249
f 244/246 197/197 207/207
f 247/249 248/250 243/245
f 175/175 197/197 243/245
f 245/247 247/249 243/245
f 248/250 175/175 243/245
f 249/251 247/249 246/248
f 194/194 213/215 208/208
f 204/204 250/252 206/206
f 251/253 252/254 253/255
f 253/255 254/256 251/253
f 251/253 254/256 255/257
f 256/258 254/256 257/259
f 258/260 259/261 257/259
f 257/259 254/256 260/262
f 257/259 259/261 261/263
f 261/263 262/264 257/259
f 256/258 255/257 254/256
f 263/265 255/257 256/258
f 264/266 256/258 265/267
f 264/266 266/268 256/258
f 256/258 257/259 265/267
f 266/268 263/265 256/258
f 266/268 267/269 263/265
f 264/266 265/267 268/270
f 269/271 270/272 263/265
f 267/269 269/271 263/265
f 271/273 272/274 273/275
f 271/273 273/275 274/276
f 265/267 275/277 268/270
f 276/278 277/279 275/277
f 272/274 271/273 276/278
f 271/273 278/280 276/278
f 278/280 271/273 274/276
f 276/278 279/281 277/279
f 278/280 280/282 276/278
f 280/282 279/281 276/278
f 280/282 278/280 281/283
f 277/279 282/284 283/285
f 279/281 280/282 277/279
f 284/286 280/282 281/283
f 285/287 280/282 284/286
f 282/284 277/279 280/282
f 285/287 282/284 280/282
f 285/287 286/288 282/284
f 273/275 272/274 261/263
f 262/264 265/267 257/259
f 275/277 265/267 262/264
f 261/263 272/274 262/264
f 262/264 276/278 275/277
f 262/264 272/274 276/278
f 287/289 288/290 289/291
f 287/289 290/292 291/293
f 292/294 293/295 294/296
f 295/297 296/298 297/299
f 295/297 297/299 288/290
f 298/300 296/298 295/297
f 288/290 287/289 291/293
f 295/297 288/290 291/293
f 287/289 292/294 290/292
f 299/301 295/297 291/293
f 290/292 300/302 291/293
f 295/297 299/301 298/300
f 293/295 301/303 302/304
f 299/301 291/293 300/302
f 290/292 292/294 303/305
f 304/306 305/307 299/301
f 302/304 294/296 293/295
f 306/308 298/300 299/301
f 304/306 299/301 300/302
f 303/305 294/296 307/309
f 292/294 294/296 303/305
f 303/305 300/302 290/292
f 302/304 308/310 309/311
f 294/296 302/304 307/309
f 309/311 307/309 302/304
f 310/312 306/308 299/301
f 307/309 309/311 311/313
f 296/298 312/314 313/315
f 312/314 314/316 313/315
f 312/314 315/317 314/316
f 316/318 317/319 315/317
f 318/320 316/318 315/317
f 317/319 319/321 315/317
f 318/320 315/317 312/314
f 298/300 306/308 296/298
f 320/322 296/298 306/308
f 296/298 320/322 312/314
f 318/320 312/314 320/322
f 317/319 316/318 321/323
f 306/308 310/312 322/324
f 322/324 316/318 320/322
f 318/320 320/322 316/318
f 310/312 316/318 322/324
f 322/324 320/322 306/308
f 323/325 324/326 325/327
f 326/328 327/329 328/330
f 326/328 328/330 329/331
f 328/330 327/329 330/332
f 330/332 327/329 331/333
f 332/334 333/335 334/336
f 334/336 333/335 335/337
f 333/335 336/338 335/337
f 337/339 336/338 338/340
f 338/340 339/341 337/339
f 340/342 341/343 342/344
f 343/345 341/343 340/342
f 344/346 329/331 345/347
f 346/348 329/331 344/346
f 347/349 348/350 349/351
f 350/352 346/348 344/346
f 350/352 351/353 346/348
f 352/354 353/355 354/356
f 352/354 355/357 353/355
f 353/355 355/357 332/334
f 356/358 357/359 358/360
f 359/361 360/362 358/360
f 358/360 360/362 361/363
f 362/364 357/359 356/358
f 356/358 358/360 361/363
f 363/365 361/363 360/362
f 356/358 364/366 362/364
f 361/363 364/366 356/358
f 361/363 365/367 364/366
f 364/366 366/368 367/369
f 364/366 365/367 366/368
f 364/366 367/369 362/364
f 368/370 369/371 370/372
f 371/373 372/374 373/375
f 373/375 374/376 371/373
f 375/377 373/375 376/378
f 376/378 373/375 377/379
f 372/374 377/379 373/375
f 367/369 377/379 378/380
f 367/369 378/380 362/364
f 376/378 366/368 375/377
f 376/378 377/379 367/369
f 366/368 376/378 367/369
f 371/373 379/381 372/374
f 380/382 362/364 378/380
f 381/383 380/382 372/374
f 380/382 377/379 372/374
f 377/379 380/382 378/380
f 381/383 357/359 380/382
f 362/364 380/382 357/359
f 372/374 379/381 381/383
f 382/384 383/385 384/386
f 383/385 385/387 384/386
f 382/384 386/388 387/389
f 387/389 383/385 382/384
f 386/388 388/390 387/389
f 389/391 383/385 387/389
f 383/385 389/391 385/387
f 390/392 388/390 386/388
f 391/393 388/390 390/392
f 388/390 389/391 387/389
f 392/394 389/391 388/390
f 393/395 389/391 392/394
f 394/396 385/387 389/391
f 395/397 396/398 397/399
f 398/400 399/401 396/398
f 396/398 399/401 400/402
f 396/398 400/402 401/403
f 402/404 401/403 403/405
f 401/403 404/406 396/398
f 402/404 404/406 401/403
f 404/406 397/399 396/398
f 405/407 397/399 404/406
f 405/407 404/406 406/408
f 405/407 390/392 397/399
f 391/393 390/392 405/407
f 407/409 408/410 409/411
f 409/411 410/412 407/409
f 408/410 407/409 411/413
f 411/413 412/414 413/415
f 414/416 415/417 408/410
f 414/416 408/410 411/413
f 415/417 414/416 416/418
f 412/414 411/413 407/409
f 417/419 414/416 411/413
f 416/418 414/416 417/419
f 418/420 417/419 411/413
f 419/421 413/415 420/422
f 413/415 412/414 420/422
f 421/423 408/410 415/417
f 408/410 421/423 422/424
f 416/418 423/425 415/417
f 421/423 415/417 424/426
f 421/423 424/426 422/424
f 423/425 425/427 415/417
f 425/427 423/425 426/428
f 425/427 427/429 424/426
f 424/426 415/417 425/427
f 422/424 409/411 408/410
f 422/424 428/430 429/431
f 390/392 386/388 430/432
f 382/384 384/386 386/388
f 384/386 430/432 386/388
f 396/398 431/433 398/400
f 431/433 396/398 395/397
f 409/411 429/431 410/412
f 422/424 429/431 409/411
f 432/434 433/435 434/436
f 435/437 436/438 437/439
f 436/438 435/437 438/440
f 439/441 440/442 441/443
f 442/444 443/445 444/446
f 445/447 446/448 447/449
f 447/449 442/444 445/447
f 444/446 443/445 448/450
f 442/444 444/446 445/447
f 447/449 449/451 450/452
f 444/446 451/453 445/447
f 452/454 450/452 453/455
f 450/452 452/454 447/449
f 454/456 452/454 453/455
f 442/444 455/457 440/442
f 456/458 457/459 458/460
f 459/461 456/458 460/462
f 451/453 461/463 462/464
f 463/465 464/466 465/467
f 466/468 467/469 468/470
f 469/471 450/452 470/472
f 471/473 452/454 454/456
f 442/444 440/442 443/445
f 467/469 472/474 468/470
f 446/448 472/474 449/451
f 442/444 447/449 452/454
f 473/475 474/476 475/477
f 476/478 449/451 472/474
f 467/469 477/479 472/474
f 472/474 477/479 476/478
f 451/453 466/468 468/470
f 451/453 468/470 445/447
f 446/448 449/451 447/449
f 445/447 468/470 446/448
f 478/480 470/472 479/481
f 480/482 481/483 482/484
f 476/478 483/485 484/486
f 476/478 484/486 479/481
f 478/480 469/471 470/472
f 473/475 485/487 486/488
f 487/489 476/478 479/481
f 449/451 476/478 470/472
f 449/451 470/472 450/452
f 483/490 488/491 484/492
f 477/479 467/469 481/483
f 476/478 480/482 483/485
f 477/479 480/482 476/478
f 482/484 483/485 480/482
f 482/493 488/491 483/490
f 443/445 440/442 489/494
f 473/475 490/495 474/476
f 477/479 481/483 480/482
f 491/496 492/497 488/491
f 473/475 493/498 494/499
f 494/499 495/500 496/501
f 497/502 473/475 494/499
f 492/497 491/496 498/503
f 499/504 500/505 495/500
f 497/502 494/499 496/501
f 495/500 500/505 501/506
f 497/502 496/501 502/507
f 492/497 498/503 503/508
f 496/501 501/506 504/509
f 496/501 505/510 502/507
f 495/500 501/506 496/501
f 502/507 506/511 507/512
f 492/497 503/508 508/513
f 506/511 505/510 509/514
f 505/510 506/511 502/507
f 501/506 510/515 504/509
f 504/509 510/515 511/516
f 509/514 505/510 504/509
f 510/515 512/517 511/516
f 505/510 496/501 504/509
f 513/518 503/508 514/519
f 514/519 503/508 515/520
f 514/519 516/521 513/518
f 513/518 517/522 508/513
f 518/523 517/522 513/518
f 510/515 519/524 512/517
f 516/521 514/519 520/525
f 521/526 511/516 522/527
f 508/513 503/508 513/518
f 522/527 516/528 520/529
f 504/509 511/516 509/514
f 511/516 512/517 523/530
f 524/531 518/523 513/518
f 513/518 516/521 524/531
f 473/475 486/488 490/495
f 524/531 525/532 518/523
f 523/530 512/517 524/533
f 522/527 523/530 516/528
f 522/527 511/516 523/530
f 516/528 523/530 524/533
f 524/531 526/534 525/532
f 527/535 528/536 529/537
f 468/470 472/474 446/448
f 527/535 530/538 528/536
f 527/535 531/539 530/538
f 528/536 532/540 533/541
f 454/542 534/543 436/438
f 531/539 535/544 534/543
f 536/545 537/546 438/440
f 538/547 539/548 457/459
f 539/548 540/549 457/459
f 537/546 536/545 541/550
f 537/546 454/542 436/438
f 542/551 457/459 459/461
f 543/552 531/539 534/543
f 537/546 436/438 438/440
f 543/552 534/543 454/542
f 444/446 448/450 461/463
f 452/454 544/553 442/444
f 530/538 531/539 543/552
f 538/547 457/459 542/551
f 473/475 497/502 485/487
f 545/554 451/453 462/464
f 540/549 546/555 457/459
f 459/461 460/462 547/556
f 462/464 461/463 460/462
f 542/551 459/461 548/557
f 548/557 459/461 547/556
f 460/462 549/558 462/464
f 547/556 461/463 550/559
f 538/547 542/551 551/560
f 551/560 539/548 538/547
f 457/459 456/458 459/461
f 461/463 448/450 550/559
f 547/556 460/462 461/463
f 444/446 461/463 451/453
f 552/561 553/562 554/563
f 554/563 553/562 466/468
f 540/549 555/564 546/555
f 456/458 458/460 556/565
f 546/555 557/566 458/460
f 553/562 556/565 558/567
f 456/458 556/565 552/561
f 458/460 559/568 556/565
f 466/468 553/562 467/469
f 553/562 558/567 467/469
f 556/565 553/562 552/561
f 546/555 458/460 457/459
f 558/567 481/483 467/469
f 555/564 557/566 546/555
f 559/568 560/569 556/565
f 560/569 558/567 556/565
f 561/570 562/571 560/569
f 458/460 557/566 559/568
f 563/572 560/569 559/568
f 563/572 561/570 560/569
f 558/567 560/569 562/571
f 481/483 558/567 562/571
f 561/570 482/484 562/571
f 557/566 555/564 563/572
f 563/572 559/568 557/566
f 485/487 564/573 486/488
f 482/493 561/574 488/491
f 562/571 482/484 481/483
f 491/496 561/574 563/575
f 561/574 491/496 488/491
f 555/576 565/577 566/578
f 563/575 566/578 491/496
f 563/575 555/576 566/578
f 566/578 565/577 567/579
f 567/579 498/503 491/496
f 566/578 567/579 491/496
f 565/577 568/580 567/579
f 503/508 498/503 567/579
f 567/579 568/580 503/508
f 569/581 570/582 571/583
f 572/584 571/583 570/582
f 463/465 465/467 573/585
f 572/584 465/467 464/466
f 571/583 574/586 575/587
f 569/581 576/588 570/582
f 570/582 465/467 572/584
f 577/589 575/587 574/586
f 463/465 573/585 576/588
f 578/590 576/588 579/591
f 578/590 463/465 576/588
f 571/583 575/587 569/581
f 577/589 502/507 507/512
f 569/581 575/587 576/588
f 579/591 576/588 580/592
f 578/590 579/591 581/593
f 515/520 520/525 514/519
f 580/592 576/588 575/587
f 515/520 503/508 568/580
f 575/587 582/594 580/592
f 575/587 507/512 582/594
f 582/594 583/595 580/592
f 580/592 583/595 579/591
f 575/587 577/589 507/512
f 520/529 515/596 584/597
f 584/597 581/593 579/591
f 584/597 579/591 583/595
f 584/597 585/598 581/593
f 509/514 521/526 506/511
f 522/527 520/529 584/597
f 583/595 582/594 522/527
f 584/597 583/595 522/527
f 507/512 521/526 582/594
f 521/526 507/512 506/511
f 582/594 521/526 522/527
f 586/599 534/543 587/600
f 534/543 437/439 436/438
f 534/543 434/436 437/439
f 534/543 432/434 434/436
f 521/526 509/514 511/516
f 586/599 588/601 534/543
f 587/600 534/543 535/544
f 533/541 529/537 528/536
f 531/539 589/602 535/544
f 439/441 590/603 489/494
f 439/441 489/494 440/442
f 489/494 590/603 448/450
f 591/604 475/477 592/605
f 443/445 489/494 448/450
f 591/604 593/606 475/477
f 594/607 550/559 448/450
f 595/608 596/609 597/610
f 595/608 598/611 596/609
f 599/612 600/613 601/614
f 602/615 603/616 600/613
f 604/617 602/615 600/613
f 605/618 606/619 607/620
f 600/613 608/621 609/622
f 600/613 599/612 607/620
f 607/620 610/623 608/621
f 606/619 605/618 611/624
f 606/619 610/623 607/620
f 612/625 606/619 611/624
f 609/622 613/626 614/627
f 604/617 600/613 609/622
f 597/610 602/615 604/617
f 600/613 607/620 608/621
f 604/617 609/622 614/627
f 601/614 603/616 615/628
f 601/614 600/613 603/616
f 616/629 595/608 597/610
f 601/614 617/630 599/612
f 597/610 604/617 618/631
f 597/610 618/631 616/629
f 616/629 618/631 619/632
f 474/476 592/605 475/477
f 475/477 493/498 473/475
f 594/607 448/450 590/603
f 620/633 621/634 622/635
f 620/633 622/635 623/636
f 620/633 624/637 621/634
f 622/635 621/634 625/638
f 626/639 627/640 628/641
f 629/642 625/638 626/639
f 630/643 624/637 631/644
f 632/645 622/635 625/638
f 620/633 633/646 634/647
f 631/644 635/648 636/649
f 620/633 634/647 624/637
f 626/639 625/638 627/640
f 637/650 638/651 639/652
f 640/653 637/650 639/652
f 637/650 641/654 638/651
f 642/655 640/653 639/652
f 643/656 642/655 644/657
f 642/655 639/652 644/657
f 642/655 645/658 640/653
f 646/659 647/660 648/661
f 646/659 649/662 647/660
f 650/663 649/662 646/659
f 650/663 651/664 649/662
f 649/662 651/664 652/665
f 653/666 650/663 654/667
f 646/659 654/667 650/663
f 654/667 648/661 655/668
f 654/667 646/659 648/661
f 656/669 653/666 654/667
f 657/670 658/671 659/672
f 660/673 659/672 655/668
f 656/669 655/668 658/671
f 656/669 654/667 655/668
f 655/668 659/672 658/671
f 661/674 657/670 659/672
f 662/675 624/637 634/647
f 663/676 664/677 665/678
f 666/679 662/675 663/676
f 634/647 667/680 663/676
f 667/680 668/681 664/677
f 630/643 669/682 621/634
f 667/680 664/677 663/676
f 662/675 634/647 663/676
f 670/683 631/644 662/675
f 631/644 624/637 662/675
f 627/640 621/634 669/682
f 665/678 666/679 663/676
f 665/678 671/684 666/679
f 672/685 666/679 671/684
f 673/686 666/679 672/685
f 673/686 670/683 662/675
f 662/675 666/679 673/686
f 674/687 675/688 676/689
f 677/690 676/689 675/688
f 678/691 674/687 676/689
f 679/692 680/693 681/694
f 676/689 682/695 678/691
f 681/694 677/690 675/688
f 665/678 683/696 671/684
f 631/644 636/649 630/643
f 621/634 624/637 630/643
f 627/640 625/638 621/634
f 669/682 628/641 627/640
f 684/697 626/639 628/641
f 685/698 686/699 687/700
f 685/698 688/701 686/699
f 686/699 688/701 689/702
f 686/699 690/703 687/700
f 691/704 692/705 693/706
f 170/170 692/705 171/171
f 694/707 695/708 696/709
f 694/707 697/710 695/708
f 698/711 699/712 695/708
f 695/708 691/704 693/706
f 123/123 700/713 701/714
f 124/124 123/123 701/714
f 695/708 697/710 698/711
f 701/714 696/709 124/124
f 702/715 703/716 704/717
f 705/718 702/715 704/717
f 696/709 693/706 170/170
f 706/719 124/124 696/709
f 693/706 692/705 170/170
f 695/708 699/712 691/704
f 170/170 706/719 696/709
f 695/708 693/706 696/709
f 707/720 705/718 704/717
f 705/718 708/721 709/722
f 694/707 696/709 700/713
f 698/711 708/721 699/712
f 691/704 710/723 692/705
f 708/721 698/711 709/722
f 707/720 710/723 711/724
f 699/712 708/721 711/724
f 710/723 171/171 692/705
f 701/714 700/713 696/709
f 708/721 705/718 711/724
f 707/720 711/724 705/718
f 699/712 711/724 691/704
f 711/724 710/723 691/704
f 712/725 713/726 714/727
f 715/728 712/725 714/727
f 716/729 717/730 718/731
f 719/732 713/726 720/733
f 721/734 718/731 717/730
f 720/733 713/726 721/734
f 721/734 713/726 718/731
f 719/732 714/727 713/726
f 722/735 723/736 724/737
f 725/738 726/739 727/740
f 728/741 727/740 726/739
f 722/735 728/741 726/739
f 726/739 723/736 722/735
f 729/742 730/743 724/737
f 731/744 729/742 724/737
f 724/737 730/743 732/745
f 733/746 732/745 734/747
f 731/744 724/737 735/748
f 736/749 734/747 730/743
f 729/742 736/749 730/743
f 734/747 732/745 730/743
f 722/735 724/737 732/745
f 737/750 732/745 733/746
f 738/751 722/735 732/745
f 739/752 724/737 723/736
f 724/737 739/752 740/753
f 736/749 729/742 731/744
f 724/737 740/753 735/748
f 741/754 742/755 743/756
f 744/757 745/758 746/759
f 747/760 748/761 749/762
f 750/763 751/764 752/765
f 750/763 752/765 753/766
f 754/767 741/754 743/756
f 755/768 756/769 757/770
f 755/768 743/756 756/769
f 757/770 758/771 759/772
f 759/772 758/771 760/773
f 761/774 758/771 762/775
f 763/776 764/777 765/778
f 763/776 766/779 764/777
f 763/776 765/778 760/773
f 767/780 758/771 761/774
f 763/776 760/773 767/780
f 755/768 757/770 759/772
f 768/781 748/761 769/782
f 770/783 771/784 769/782
f 759/772 772/785 755/768
f 770/783 773/786 774/787
f 759/772 774/787 772/785
f 755/768 772/785 775/788
f 773/786 772/785 774/787
f 760/773 758/771 767/780
f 762/775 757/770 776/789
f 766/779 763/776 761/774
f 763/776 767/780 761/774
f 764/777 777/790 765/778
f 743/756 757/770 756/769
f 748/761 768/781 751/764
f 747/760 770/783 769/782
f 771/784 770/783 774/787
f 746/759 745/758 778/791
f 747/760 769/782 748/761
f 749/762 748/761 751/764
f 777/790 764/777 746/759
f 746/759 778/791 777/790
f 745/758 779/792 751/764
f 752/765 751/764 779/792
f 778/791 751/764 768/781
f 751/764 778/791 745/758
f 780/793 757/770 743/756
f 742/755 780/793 743/756
f 780/793 776/789 757/770
f 762/775 758/771 757/770
f 680/693 679/692 781/794
f 782/795 781/794 679/692
f 782/795 783/796 781/794
f 784/797 783/796 782/795
f 785/798 786/799 787/800
f 786/799 788/801 787/800
f 786/799 789/802 788/801
f 790/803 788/801 789/802
f 791/804 790/803 792/805
f 791/804 793/806 790/803
f 793/806 794/807 790/803
f 792/805 795/808 791/804
f 792/805 790/803 789/802
f 795/808 796/809 797/810
f 795/808 792/805 796/809
f 796/809 792/805 798/811
f 792/805 789/802 798/811
f 680/693 677/690 681/694
f 682/695 676/689 677/690
f 799/812 800/813 801/814
f 799/812 802/815 800/813
f 428/430 803/816 429/431
f 804/817 429/431 803/816
f 428/430 805/818 803/816
f 806/819 803/816 805/818
f 807/820 808/821 809/822
f 808/821 810/823 809/822
f 810/823 806/819 809/822
f 811/824 812/825 813/826
f 812/825 814/827 813/826
f 812/825 811/824 412/414
f 815/828 816/829 407/409
f 410/412 815/828 407/409
f 420/422 412/414 811/824
f 817/830 810/823 808/821
f 407/409 816/829 412/414
f 812/825 412/414 816/829
f 410/412 429/431 804/817
f 812/825 818/831 814/827
f 813/826 814/827 819/832
f 820/833 821/834 822/835
f 727/740 801/814 725/738
f 799/812 801/814 727/740
f 814/827 823/836 819/832
f 822/835 821/834 817/830
f 816/829 818/831 812/825
f 818/831 823/836 814/827
f 410/412 804/817 820/833
f 820/833 804/817 821/834
f 824/837 822/835 817/830
f 817/830 821/834 810/823
f 825/838 826/839 827/840
f 826/839 824/837 828/841
f 818/831 822/835 826/839
f 825/838 818/831 826/839
f 826/839 822/835 824/837
f 821/834 804/817 810/823
f 824/837 817/830 829/842
f 826/839 828/841 827/840
f 824/837 829/842 828/841
f 808/821 807/820 829/842
f 827/840 828/841 807/820
f 804/817 803/816 810/823
f 810/823 803/816 806/819
f 828/841 829/842 807/820
f 830/843 831/844 832/845
f 829/842 817/830 808/821
f 830/843 833/846 831/844
f 831/844 834/847 835/848
f 831/844 833/846 834/847
f 836/849 837/850 838/851
f 834/847 838/851 835/848
f 835/848 838/851 839/852
f 831/844 835/848 840/853
f 836/849 838/851 834/847
f 838/851 837/850 839/852
f 836/849 841/854 842/855
f 837/850 836/849 842/855
f 843/856 842/855 844/857
f 845/858 846/859 847/860
f 848/861 845/858 844/857
f 842/855 841/854 844/857
f 844/857 841/854 848/861
f 846/859 849/862 850/863
f 851/864 850/863 849/862
f 845/858 848/861 849/862
f 846/859 845/858 849/862
f 848/861 841/854 852/865
f 848/861 852/865 849/862
f 853/866 849/862 852/865
f 853/866 851/864 849/862
f 851/864 854/867 850/863
f 853/866 854/867 851/864
f 855/868 853/866 852/865
f 745/758 744/757 779/792
f 856/869 857/870 858/871
f 859/872 857/870 856/869
f 859/872 856/869 860/873
f 861/874 862/875 863/876
f 864/877 865/878 862/879
f 862/879 865/878 866/880
f 864/877 862/879 867/881
f 868/882 869/883 870/884
f 868/882 871/885 869/883
f 871/885 872/886 869/883
f 870/884 873/887 868/882
f 870/884 874/888 873/887
f 875/889 876/890 877/891
f 878/892 879/893 880/894
f 881/895 879/893 878/892
f 882/896 883/897 884/898
f 885/899 886/900 887/901
f 888/902 887/901 886/900
f 889/903 876/890 887/901
f 877/891 876/890 890/904
f 876/890 889/903 890/904
f 885/899 887/901 876/890
f 877/891 890/904 891/905
f 891/905 892/906 893/907
f 893/907 877/891 891/905
f 892/906 369/371 893/907
f 894/908 892/906 895/909
f 895/909 896/910 897/911
f 898/912 897/911 896/910
f 892/906 894/908 369/371
f 368/370 893/907 369/371
f 897/911 894/908 895/909
f 897/911 882/896 894/908
f 894/908 899/913 369/371
f 894/908 884/898 900/914
f 884/898 894/908 882/896
f 882/896 901/915 883/897
f 902/916 903/917 904/918
f 905/919 904/918 903/917
f 906/920 907/921 908/922
f 909/923 908/922 907/921
f 910/924 911/925 912/926
f 913/927 912/926 911/925
f 903/917 902/916 914/928
f 915/929 914/928 902/916
f 916/930 908/922 917/931
f 909/923 917/931 908/922
f 912/926 913/927 918/932
f 919/933 918/932 913/927
f 920/934 914/928 921/935
f 915/929 921/935 914/928
f 922/936 916/930 923/937
f 917/931 923/937 916/930
f 918/932 919/933 924/938
f 925/939 924/938 919/933
f 926/940 920/934 927/941
f 921/935 927/941 920/934
f 923/937 928/942 922/936
f 929/943 922/936 928/942
f 930/944 924/938 931/945
f 925/939 931/945 924/938
f 927/941 932/946 926/940
f 933/947 926/940 932/946
f 934/948 929/943 935/949
f 928/942 935/949 929/943
f 936/950 930/944 937/951
f 931/945 937/951 930/944
f 938/952 933/947 939/953
f 932/946 939/953 933/947
f 940/954 934/948 941/955
f 935/949 941/955 934/948
f 942/956 936/950 943/957
f 937/951 943/957 936/950
f 944/958 938/952 945/959
f 939/953 945/959 938/952
f 941/955 946/960 940/954
f 947/961 940/954 946/960
f 948/962 942/956 949/963
f 943/957 949/963 942/956
f 945/959 950/964 944/958
f 951/965 944/958 950/964
f 952/966 953/967 946/960
f 947/961 946/960 953/967
f 954/968 948/962 955/969
f 949/963 955/969 948/962
f 950/964 956/970 951/965
f 957/971 951/965 956/970
f 953/967 952/966 958/972
f 959/973 958/972 952/966
f 960/974 961/975 955/969
f 954/968 955/969 961/975
f 957/971 956/970 962/976
f 963/977 962/976 956/970
f 958/972 959/973 964/978
f 965/979 964/978 959/973
f 961/975 960/974 966/980
f 967/981 966/980 960/974
f 963/977 968/982 962/976
f 969/983 962/976 968/982
f 970/984 964/978 971/985
f 965/979 971/985 964/978
f 966/980 967/981 972/986
f 973/987 972/986 967/981
f 974/988 969/983 975/989
f 968/982 975/989 969/983
f 976/990 970/984 977/991
f 971/985 977/991 970/984
f 972/986 973/987 978/992
f 979/993 978/992 973/987
f 980/994 981/995 982/996
f 983/997 982/996 981/995
f 984/998 985/999 986/1000
f 987/1001 986/1000 985/999
f 988/1002 989/1003 990/1004
f 991/1005 990/1004 989/1003
f 982/996 992/1006 980/994
f 993/1007 980/994 992/1006
f 994/1008 995/1009 985/999
f 987/1001 985/999 995/1009
f 996/1010 988/1002 997/1011
f 990/1004 997/1011 988/1002
f 998/1012 999/1013 992/1006
f 993/1007 992/1006 999/1013
f 1000/1014 1001/1015 994/1008
f 995/1009 994/1008 1001/1015
f 997/1011 1002/1016 996/1010
f 1003/1017 996/1010 1002/1016
f 1004/1018 1005/1019 998/1012
f 999/1013 998/1012 1005/1019
f 1001/1015 1000/1014 1006/1020
f 1007/1021 1006/1020 1000/1014
f 1008/1022 1009/1023 1002/1016
f 1003/1017 1002/1016 1009/1023
f 1005/1019 1004/1018 1010/1024
f 1011/1025 1010/1024 1004/1018
f 1012/1026 1013/1027 1007/1021
f 1006/1020 1007/1021 1013/1027
f 1014/1028 1015/1029 1008/1022
f 1009/1023 1008/1022 1015/1029
f 1016/1030 1017/1031 1011/1025
f 1010/1024 1011/1025 1017/1031
f 1018/1032 1019/1033 1012/1026
f 1013/1027 1012/1026 1019/1033
f 1020/1034 1021/1035 1014/1028
f 1015/1029 1014/1028 1021/1035
f 1022/1036 1023/1037 1016/1030
f 1017/1031 1016/1030 1023/1037
f 1019/1033 1018/1032 1024/1038
f 1025/1039 1024/1038 1018/1032
f 1026/1040 1027/1041 1020/1034
f 1021/1035 1020/1034 1027/1041
f 1023/1037 1022/1036 1028/1042
f 1029/1043 1028/1042 1022/1036
f 1030/1044 1024/1038 1031/1045
f 1025/1039 1031/1045 1024/1038
f 1032/1046 1033/1047 1026/1040
f 1027/1041 1026/1040 1033/1047
f 1034/1048 1028/1042 1035/1049
f 1029/1043 1035/1049 1028/1042
f 1036/1050 1030/1044 1037/1051
f 1031/1045 1037/1051 1030/1044
f 1038/1052 1033/1047 1039/1053
f 1032/1046 1039/1053 1033/1047
f 1035/1049 1040/1054 1034/1048
f 1041/1055 1034/1048 1040/1054
f 1037/1051 1042/1056 1036/1050
f 1043/1057 1036/1050 1042/1056
f 1044/1058 1038/1052 1045/1059
f 1039/1053 1045/1059 1038/1052
f 1041/1055 1040/1054 1046/1060
f 1047/1061 1046/1060 1040/1054
f 1048/1062 1049/1063 1042/1056
f 1043/1057 1042/1056 1049/1063
f 1050/1064 1044/1058 1051/1065
f 1045/1059 1051/1065 1044/1058
f 1052/1066 1053/1067 1047/1061
f 1046/1060 1047/1061 1053/1067
f 1054/1068 1055/1069 1048/1062
f 1049/1063 1048/1062 1055/1069
f 1051/1065 1056/1070 1050/1064
f 1057/1071 1050/1064 1056/1070
f 905/919 903/917 1058/1072
f 1059/1073 1058/1072 903/917
f 1060/1074 906/1075 1061/1076
f 908/1077 1061/1076 906/1075
f 1062/1078 1063/1079 912/926
f 910/924 912/926 1063/1079
f 903/917 914/928 1059/1073
f 1064/1080 1059/1073 914/928
f 1061/1076 908/1077 1065/1081
f 916/1082 1065/1081 908/1077
f 1066/1083 1062/1078 918/932
f 912/926 918/932 1062/1078
f 1067/1084 1064/1080 920/934
f 914/928 920/934 1064/1080
f 922/1085 1068/1086 916/1082
f 1065/1081 916/1082 1068/1086
f 1069/1087 1066/1083 924/938
f 918/932 924/938 1066/1083
f 1067/1084 920/934 1070/1088
f 926/940 1070/1088 920/934
f 1068/1086 922/1085 1071/1089
f 929/1090 1071/1089 922/1085
f 1072/1091 1069/1087 930/944
f 924/938 930/944 1069/1087
f 933/947 1073/1092 926/940
f 1070/1088 926/940 1073/1092
f 1071/1089 929/1090 1074/1093
f 934/1094 1074/1093 929/1090
f 930/944 936/950 1072/1091
f 1075/1095 1072/1091 936/950
f 1076/1096 1073/1092 938/952
f 933/947 938/952 1073/1092
f 940/1097 1077/1098 934/1094
f 1074/1093 934/1094 1077/1098
f 1075/1095 936/950 1078/1099
f 942/956 1078/1099 936/950
f 1076/1096 938/952 1079/1100
f 944/958 1079/1100 938/952
f 1080/1101 1077/1098 947/1102
f 940/1097 947/1102 1077/1098
f 1078/1099 942/956 1081/1103
f 948/962 1081/1103 942/956
f 951/965 1082/1104 944/958
f 1079/1100 944/958 1082/1104
f 947/1102 953/1105 1080/1101
f 1083/1106 1080/1101 953/1105
f 1081/1103 948/962 1084/1107
f 954/968 1084/1107 948/962
f 1085/1108 1082/1104 957/971
f 951/965 957/971 1082/1104
f 953/1105 958/1109 1083/1106
f 1086/1110 1083/1106 958/1109
f 1084/1107 954/968 1087/1111
f 961/975 1087/1111 954/968
f 957/971 962/976 1085/1108
f 1088/1112 1085/1108 962/976
f 1086/1110 958/1109 1089/1113
f 964/1114 1089/1113 958/1109
f 1090/1115 1087/1111 966/980
f 961/975 966/980 1087/1111
f 962/976 969/983 1088/1112
f 1091/1116 1088/1112 969/983
f 1089/1113 964/1114 1092/1117
f 970/1118 1092/1117 964/1114
f 1093/1119 1090/1115 972/986
f 966/980 972/986 1090/1115
f 1094/1120 1091/1116 974/988
f 969/983 974/988 1091/1116
f 976/1121 1095/1122 970/1118
f 1092/1117 970/1118 1095/1122
f 1096/1123 1093/1119 978/992
f 972/986 978/992 1093/1119
f 983/997 1097/1124 982/996
f 1098/1125 982/996 1097/1124
f 985/1126 984/1127 1099/1128
f 1100/1129 1099/1128 984/1127
f 1101/1130 990/1004 1102/1131
f 991/1005 1102/1131 990/1004
f 992/1006 982/996 1103/1132
f 1098/1125 1103/1132 982/996
f 1099/1128 1104/1133 985/1126
f 994/1134 985/1126 1104/1133
f 1105/1135 997/1011 1101/1130
f 990/1004 1101/1130 997/1011
f 1106/1136 998/1012 1103/1132
f 992/1006 1103/1132 998/1012
f 1000/1137 994/1134 1107/1138
f 1104/1133 1107/1138 994/1134
f 1108/1139 1002/1016 1105/1135
f 997/1011 1105/1135 1002/1016
f 1106/1136 1109/1140 998/1012
f 1004/1018 998/1012 1109/1140
f 1007/1141 1000/1137 1110/1142
f 1107/1138 1110/1142 1000/1137
f 1111/1143 1008/1022 1108/1139
f 1002/1016 1108/1139 1008/1022
f 1011/1025 1004/1018 1112/1144
f 1109/1140 1112/1144 1004/1018
f 1110/1142 1113/1145 1007/1141
f 1012/1146 1007/1141 1113/1145
f 1014/1028 1008/1022 1114/1147
f 1111/1143 1114/1147 1008/1022
f 1115/1148 1016/1030 1112/1144
f 1011/1025 1112/1144 1016/1030
f 1018/1149 1012/1146 1116/1150
f 1113/1145 1116/1150 1012/1146
f 1020/1034 1014/1028 1117/1151
f 1114/1147 1117/1151 1014/1028
f 1115/1148 1118/1152 1016/1030
f 1022/1036 1016/1030 1118/1152
f 1119/1153 1025/1154 1116/1150
f 1018/1149 1116/1150 1025/1154
f 1026/1040 1020/1034 1120/1155
f 1117/1151 1120/1155 1020/1034
f 1029/1043 1022/1036 1121/1156
f 1118/1152 1121/1156 1022/1036
f 1025/1154 1119/1153 1031/1157
f 1122/1158 1031/1157 1119/1153
f 1032/1046 1026/1040 1123/1159
f 1120/1155 1123/1159 1026/1040
f 1124/1160 1035/1049 1121/1156
f 1029/1043 1121/1156 1035/1049
f 1031/1157 1122/1158 1037/1161
f 1125/1162 1037/1161 1122/1158
f 1123/1159 1126/1163 1032/1046
f 1039/1053 1032/1046 1126/1163
f 1035/1049 1124/1160 1040/1054
f 1127/1164 1040/1054 1124/1160
f 1042/1165 1037/1161 1128/1166
f 1125/1162 1128/1166 1037/1161
f 1129/1167 1045/1059 1126/1163
f 1039/1053 1126/1163 1045/1059
f 1047/1061 1040/1054 1130/1168
f 1127/1164 1130/1168 1040/1054
f 1128/1166 1131/1169 1042/1165
f 1048/1170 1042/1165 1131/1169
f 1132/1171 1051/1065 1129/1167
f 1045/1059 1129/1167 1051/1065
f 1133/1172 1052/1066 1130/1168
f 1047/1061 1130/1168 1052/1066
f 1054/1173 1048/1170 1134/1174
f 1131/1169 1134/1174 1048/1170
f 1135/1175 1056/1070 1132/1171
f 1051/1065 1132/1171 1056/1070
f 1136/1176 1058/1072 1137/1177
f 1059/1073 1137/1177 1058/1072
f 1138/1178 1139/1179 1061/1076
f 1060/1074 1061/1076 1139/1179
f 1140/1180 1063/1079 1141/1181
f 1062/1078 1141/1181 1063/1079
f 1142/1182 1137/1177 1064/1080
f 1059/1073 1064/1080 1137/1177
f 1143/1183 1138/1178 1065/1081
f 1061/1076 1065/1081 1138/1178
f 1141/1181 1062/1078 1144/1184
f 1066/1083 1144/1184 1062/1078
f 1145/1185 1142/1182 1067/1084
f 1064/1080 1067/1084 1142/1182
f 1146/1186 1143/1183 1068/1086
f 1065/1081 1068/1086 1143/1183
f 1144/1184 1066/1083 1147/1187
f 1069/1087 1147/1187 1066/1083
f 1148/1188 1145/1185 1070/1088
f 1067/1084 1070/1088 1145/1185
f 1149/1189 1146/1186 1071/1089
f 1068/1086 1071/1089 1146/1186
f 1147/1187 1069/1087 1150/1190
f 1072/1091 1150/1190 1069/1087
f 1070/1088 1073/1092 1148/1188
f 1151/1191 1148/1188 1073/1092
f 1074/1093 1152/1192 1071/1089
f 1149/1189 1071/1089 1152/1192
f 1153/1193 1150/1190 1075/1095
f 1072/1091 1075/1095 1150/1190
f 1154/1194 1151/1191 1076/1096
f 1073/1092 1076/1096 1151/1191
f 1152/1192 1074/1093 1155/1195
f 1077/1098 1155/1195 1074/1093
f 1075/1095 1078/1099 1153/1193
f 1156/1196 1153/1193 1078/1099
f 1154/1194 1076/1096 1157/1197
f 1079/1100 1157/1197 1076/1096
f 1155/1195 1077/1098 1158/1198
f 1080/1101 1158/1198 1077/1098
f 1156/1196 1078/1099 1159/1199
f 1081/1103 1159/1199 1078/1099
f 1160/1200 1157/1197 1082/1104
f 1079/1100 1082/1104 1157/1197
f 1158/1198 1080/1101 1161/1201
f 1083/1106 1161/1201 1080/1101
f 1159/1199 1081/1103 1162/1202
f 1084/1107 1162/1202 1081/1103
f 1163/1203 1160/1200 1085/1108
f 1082/1104 1085/1108 1160/1200
f 1164/1204 1161/1201 1086/1110
f 1083/1106 1086/1110 1161/1201
f 1162/1202 1084/1107 1165/1205
f 1087/1111 1165/1205 1084/1107
f 1163/1203 1085/1108 1166/1206
f 1088/1112 1166/1206 1085/1108
f 1167/1207 1164/1204 1089/1113
f 1086/1110 1089/1113 1164/1204
f 1165/1205 1087/1111 1168/1208
f 1090/1115 1168/1208 1087/1111
f 1169/1209 1166/1206 1091/1116
f 1088/1112 1091/1116 1166/1206
f 1170/1210 1167/1207 1092/1117
f 1089/1113 1092/1117 1167/1207
f 1168/1208 1090/1115 1171/1211
f 1093/1119 1171/1211 1090/1115
f 1172/1212 1169/1209 1094/1120
f 1091/1116 1094/1120 1169/1209
f 1173/1213 1170/1210 1095/1122
f 1092/1117 1095/1122 1170/1210
f 1171/1211 1093/1119 1174/1214
f 1096/1123 1174/1214 1093/1119
f 1098/1125 1097/1124 1175/1215
f 1176/1216 1175/1215 1097/1124
f 1177/1217 1099/1128 1178/1218
f 1100/1129 1178/1218 1099/1128
f 1101/1130 1102/1131 1179/1219
f 1180/1220 1179/1219 1102/1131
f 1181/1221 1103/1132 1175/1215
f 1098/1125 1175/1215 1103/1132
f 1182/1222 1104/1133 1177/1217
f 1099/1128 1177/1217 1104/1133
f 1105/1135 1101/1130 1183/1223
f 1179/1219 1183/1223 1101/1130
f 1184/1224 1106/1136 1181/1221
f 1103/1132 1181/1221 1106/1136
f 1185/1225 1107/1138 1182/1222
f 1104/1133 1182/1222 1107/1138
f 1108/1139 1105/1135 1186/1226
f 1183/1223 1186/1226 1105/1135
f 1187/1227 1109/1140 1184/1224
f 1106/1136 1184/1224 1109/1140
f 1188/1228 1110/1142 1185/1225
f 1107/1138 1185/1225 1110/1142
f 1111/1143 1108/1139 1189/1229
f 1186/1226 1189/1229 1108/1139
f 1109/1140 1187/1227 1112/1144
f 1190/1230 1112/1144 1187/1227
f 1113/1145 1110/1142 1191/1231
f 1188/1228 1191/1231 1110/1142
f 1192/1232 1114/1147 1189/1229
f 1111/1143 1189/1229 1114/1147
f 1193/1233 1115/1148 1190/1230
f 1112/1144 1190/1230 1115/1148
f 1116/1150 1113/1145 1194/1234
f 1191/1231 1194/1234 1113/1145
f 1114/1147 1192/1232 1117/1151
f 1195/1235 1117/1151 1192/1232
f 1118/1152 1115/1148 1196/1236
f 1193/1233 1196/1236 1115/1148
f 1119/1153 1116/1150 1197/1237
f 1194/1234 1197/1237 1116/1150
f 1120/1155 1117/1151 1198/1238
f 1195/1235 1198/1238 1117/1151
f 1199/1239 1121/1156 1196/1236
f 1118/1152 1196/1236 1121/1156
f 1122/1158 1119/1153 1200/1240
f 1197/1237 1200/1240 1119/1153
f 1123/1159 1120/1155 1201/1241
f 1198/1238 1201/1241 1120/1155
f 1202/1242 1124/1160 1199/1239
f 1121/1156 1199/1239 1124/1160
f 1203/1243 1125/1162 1200/1240
f 1122/1158 1200/1240 1125/1162
f 1126/1163 1123/1159 1204/1244
f 1201/1241 1204/1244 1123/1159
f 1127/1164 1124/1160 1205/1245
f 1202/1242 1205/1245 1124/1160
f 1206/1246 1128/1166 1203/1243
f 1125/1162 1203/1243 1128/1166
f 1129/1167 1126/1163 1207/1247
f 1204/1244 1207/1247 1126/1163
f 1208/1248 1130/1168 1205/1245
f 1127/1164 1205/1245 1130/1168
f 1209/1249 1131/1169 1206/1246
f 1128/1166 1206/1246 1131/1169
f 1132/1171 1129/1167 1210/1250
f 1207/1247 1210/1250 1129/1167
f 1211/1251 1133/1172 1208/1248
f 1130/1168 1208/1248 1133/1172
f 1212/1252 1134/1174 1209/1249
f 1131/1169 1209/1249 1134/1174
f 1135/1175 1132/1171 1213/1253
f 1210/1250 1213/1253 1132/1171
f 1214/1254 1215/1255 1137/1177
f 1136/1176 1137/1177 1215/1255
f 1138/1178 1216/1256 1139/1179
f 1217/1257 1139/1179 1216/1256
f 1218/1258 1219/1259 1141/1260
f 1140/1261 1141/1260 1219/1259
f 1137/1177 1142/1182 1214/1254
f 1220/1262 1214/1254 1142/1182
f 1216/1256 1138/1178 1221/1263
f 1143/1183 1221/1263 1138/1178
f 1222/1264 1218/1258 1144/1265
f 1141/1260 1144/1265 1218/1258
f 1142/1182 1145/1185 1220/1262
f 1223/1266 1220/1262 1145/1185
f 1221/1263 1143/1183 1224/1267
f 1146/1186 1224/1267 1143/1183
f 1147/1268 1225/1269 1144/1265
f 1222/1264 1144/1265 1225/1269
f 1148/1188 1226/1270 1145/1185
f 1223/1266 1145/1185 1226/1270
f 1224/1267 1146/1186 1227/1271
f 1149/1189 1227/1271 1146/1186
f 1225/1269 1147/1268 1228/1272
f 1150/1273 1228/1272 1147/1268
f 1226/1270 1148/1188 1229/1274
f 1151/1191 1229/1274 1148/1188
f 1227/1271 1149/1189 1230/1275
f 1152/1192 1230/1275 1149/1189
f 1153/1276 1231/1277 1150/1273
f 1228/1272 1150/1273 1231/1277
f 1232/1278 1229/1274 1154/1194
f 1151/1191 1154/1194 1229/1274
f 1233/1279 1230/1275 1155/1195
f 1152/1192 1155/1195 1230/1275
f 1231/1277 1153/1276 1234/1280
f 1156/1281 1234/1280 1153/1276
f 1235/1282 1232/1278 1157/1197
f 1154/1194 1157/1197 1232/1278
f 1236/1283 1233/1279 1158/1198
f 1155/1195 1158/1198 1233/1279
f 1237/1284 1234/1280 1159/1285
f 1156/1281 1159/1285 1234/1280
f 1157/1197 1160/1200 1235/1282
f 1238/1286 1235/1282 1160/1200
f 1239/1287 1236/1283 1161/1201
f 1158/1198 1161/1201 1236/1283
f 1240/1288 1237/1284 1162/1289
f 1159/1285 1162/1289 1237/1284
f 1241/1290 1238/1286 1163/1203
f 1160/1200 1163/1203 1238/1286
f 1242/1291 1239/1287 1164/1204
f 1161/1201 1164/1204 1239/1287
f 1243/1292 1240/1288 1165/1293
f 1162/1289 1165/1293 1240/1288
f 1244/1294 1241/1290 1166/1206
f 1163/1203 1166/1206 1241/1290
f 1167/1207 1245/1295 1164/1204
f 1242/1291 1164/1204 1245/1295
f 1246/1296 1243/1292 1168/1297
f 1165/1293 1168/1297 1243/1292
f 1169/1209 1247/1298 1166/1206
f 1244/1294 1166/1206 1247/1298
f 1245/1295 1167/1207 1248/1299
f 1170/1210 1248/1299 1167/1207
f 1171/1300 1249/1301 1168/1297
f 1246/1296 1168/1297 1249/1301
f 1247/1298 1169/1209 1250/1302
f 1172/1212 1250/1302 1169/1209
f 1248/1299 1170/1210 1251/1303
f 1173/1213 1251/1303 1170/1210
f 1249/1301 1171/1300 1252/1304
f 1174/1305 1252/1304 1171/1300
f 1253/1306 1175/1215 1254/1307
f 1176/1216 1254/1307 1175/1215
f 1177/1217 1178/1218 1255/1308
f 1256/1309 1255/1308 1178/1218
f 1257/1310 1179/1311 1258/1312
f 1180/1313 1258/1312 1179/1311
f 1175/1215 1253/1306 1181/1221
f 1259/1314 1181/1221 1253/1306
f 1182/1222 1177/1217 1260/1315
f 1255/1308 1260/1315 1177/1217
f 1261/1316 1183/1317 1257/1310
f 1179/1311 1257/1310 1183/1317
f 1184/1224 1181/1221 1262/1318
f 1259/1314 1262/1318 1181/1221
f 1185/1225 1182/1222 1263/1319
f 1260/1315 1263/1319 1182/1222
f 1186/1320 1183/1317 1264/1321
f 1261/1316 1264/1321 1183/1317
f 1187/1227 1184/1224 1265/1322
f 1262/1318 1265/1322 1184/1224
f 1188/1228 1185/1225 1266/1323
f 1263/1319 1266/1323 1185/1225
f 1264/1321 1267/1324 1186/1320
f 1189/1325 1186/1320 1267/1324
f 1265/1322 1268/1326 1187/1227
f 1190/1230 1187/1227 1268/1326
f 1266/1323 1269/1327 1188/1228
f 1191/1231 1188/1228 1269/1327
f 1192/1328 1189/1325 1270/1329
f 1267/1324 1270/1329 1189/1325
f 1271/1330 1193/1233 1268/1326
f 1190/1230 1268/1326 1193/1233
f 1272/1331 1194/1234 1269/1327
f 1191/1231 1269/1327 1194/1234
f 1270/1329 1273/1332 1192/1328
f 1195/1333 1192/1328 1273/1332
f 1274/1334 1196/1236 1271/1330
f 1193/1233 1271/1330 1196/1236
f 1275/1335 1197/1237 1272/1331
f 1194/1234 1272/1331 1197/1237
f 1276/1336 1198/1337 1273/1332
f 1195/1333 1273/1332 1198/1337
f 1196/1236 1274/1334 1199/1239
f 1277/1338 1199/1239 1274/1334
f 1278/1339 1200/1240 1275/1335
f 1197/1237 1275/1335 1200/1240
f 1279/1340 1201/1341 1276/1336
f 1198/1337 1276/1336 1201/1341
f 1280/1342 1202/1242 1277/1338
f 1199/1239 1277/1338 1202/1242
f 1281/1343 1203/1243 1278/1339
f 1200/1240 1278/1339 1203/1243
f 1282/1344 1204/1345 1279/1340
f 1201/1341 1279/1340 1204/1345
f 1283/1346 1205/1245 1280/1342
f 1202/1242 1280/1342 1205/1245
f 1206/1246 1203/1243 1284/1347
f 1281/1343 1284/1347 1203/1243
f 1285/1348 1207/1349 1282/1344
f 1204/1345 1282/1344 1207/1349
f 1208/1248 1205/1245 1286/1350
f 1283/1346 1286/1350 1205/1245
f 1209/1249 1206/1246 1287/1351
f 1284/1347 1287/1351 1206/1246
f 1210/1352 1207/1349 1288/1353
f 1285/1348 1288/1353 1207/1349
f 1211/1251 1208/1248 1289/1354
f 1286/1350 1289/1354 1208/1248
f 1212/1252 1209/1249 1290/1355
f 1287/1351 1290/1355 1209/1249
f 1288/1353 1291/1356 1210/1352
f 1213/1357 1210/1352 1291/1356
f 1292/1358 1293/1359 1294/1360
f 1295/1361 1294/1360 1293/1359
f 1296/1362 1297/1363 1298/1364
f 1299/1365 1298/1364 1297/1363
f 1300/1366 1301/1367 1302/1368
f 1303/1369 1302/1368 1301/1367
f 1304/1370 1292/1358 1305/1371
f 1294/1360 1305/1371 1292/1358
f 1298/1364 1299/1365 1306/1372
f 1307/1373 1306/1372 1299/1365
f 1308/1374 1309/1375 1302/1368
f 1300/1366 1302/1368 1309/1375
f 1310/1376 1304/1370 1311/1377
f 1305/1371 1311/1377 1304/1370
f 1306/1372 1307/1373 1312/1378
f 1313/1379 1312/1378 1307/1373
f 1309/1375 1308/1374 1314/1380
f 1315/1381 1314/1380 1308/1374
f 1316/1382 1310/1376 1317/1383
f 1311/1377 1317/1383 1310/1376
f 1312/1378 1313/1379 1318/1384
f 1319/1385 1318/1384 1313/1379
f 1314/1380 1315/1381 1320/1386
f 1321/1387 1320/1386 1315/1381
f 1322/1388 1323/1389 1317/1383
f 1316/1382 1317/1383 1323/1389
f 1324/1390 1318/1384 1325/1391
f 1319/1385 1325/1391 1318/1384
f 1320/1386 1321/1387 1326/1392
f 1327/1393 1326/1392 1321/1387
f 1323/1389 1322/1388 1328/1394
f 1329/1395 1328/1394 1322/1388
f 1330/1396 1324/1390 1331/1397
f 1325/1391 1331/1397 1324/1390
f 1332/1398 1326/1392 1333/1399
f 1327/1393 1333/1399 1326/1392
f 1334/1400 1328/1394 1335/1401
f 1329/1395 1335/1401 1328/1394
f 1336/1402 1330/1396 1337/1403
f 1331/1397 1337/1403 1330/1396
f 1338/1404 1332/1398 1339/1405
f 1333/1399 1339/1405 1332/1398
f 1340/1406 1334/1400 1341/1407
f 1335/1401 1341/1407 1334/1400
f 1342/1408 1336/1402 1343/1409
f 1337/1403 1343/1409 1336/1402
f 1344/1410 1338/1404 1345/1411
f 1339/1405 1345/1411 1338/1404
f 1346/1412 1340/1406 1347/1413
f 1341/1407 1347/1413 1340/1406
f 1348/1414 1349/1415 1343/1409
f 1342/1408 1343/1409 1349/1415
f 1350/1416 1344/1410 1351/1417
f 1345/1411 1351/1417 1344/1410
f 1352/1418 1346/1412 1353/1419
f 1347/1413 1353/1419 1346/1412
f 1349/1415 1348/1414 1354/1420
f 1355/1421 1354/1420 1348/1414
f 1356/1422 1350/1416 1357/1423
f 1351/1417 1357/1423 1350/1416
f 1358/1424 1352/1418 1359/1425
f 1353/1419 1359/1425 1352/1418
f 1354/1420 1355/1421 1360/1426
f 1361/1427 1360/1426 1355/1421
f 1362/1428 1363/1429 1357/1423
f 1356/1422 1357/1423 1363/1429
f 1364/1430 1358/1424 1365/1431
f 1359/1425 1365/1431 1358/1424
f 1360/1426 1361/1427 1366/1432
f 1367/1433 1366/1432 1361/1427
f 1363/1429 1362/1428 1368/1434
f 1369/1435 1368/1434 1362/1428
f 1370/1436 1371/1437 1372/1438
f 1373/1439 1372/1438 1371/1437
f 1374/1440 1375/1441 1376/1442
f 1377/1443 1376/1442 1375/1441
f 1378/1444 1379/1445 1380/1446
f 1381/1447 1380/1446 1379/1445
f 1382/1448 1383/1449 1370/1436
f 1371/1437 1370/1436 1383/1449
f 1384/1450 1374/1440 1385/1451
f 1376/1442 1385/1451 1374/1440
f 1386/1452 1379/1445 1387/1453
f 1378/1444 1387/1453 1379/1445
f 1388/1454 1389/1455 1382/1448
f 1383/1449 1382/1448 1389/1455
f 1390/1456 1384/1450 1391/1457
f 1385/1451 1391/1457 1384/1450
f 1392/1458 1386/1452 1393/1459
f 1387/1453 1393/1459 1386/1452
f 1394/1460 1395/1461 1388/1454
f 1389/1455 1388/1454 1395/1461
f 1396/1462 1390/1456 1397/1463
f 1391/1457 1397/1463 1390/1456
f 1398/1464 1392/1458 1399/1465
f 1393/1459 1399/1465 1392/1458
f 1400/1466 1395/1461 1401/1467
f 1394/1460 1401/1467 1395/1461
f 1402/1468 1403/1469 1397/1463
f 1396/1462 1397/1463 1403/1469
f 1399/1465 1404/1470 1398/1464
f 1405/1471 1398/1464 1404/1470
f 1401/1467 1406/1472 1400/1466
f 1407/1473 1400/1466 1406/1472
f 1408/1474 1409/1475 1402/1468
f 1403/1469 1402/1468 1409/1475
f 1410/1476 1411/1477 1404/1470
f 1405/1471 1404/1470 1411/1477
f 1412/1478 1413/1479 1406/1472
f 1407/1473 1406/1472 1413/1479
f 1414/1480 1415/1481 1408/1474
f 1409/1475 1408/1474 1415/1481
f 1416/1482 1417/1483 1410/1476
f 1411/1477 1410/1476 1417/1483
f 1418/1484 1419/1485 1412/1478
f 1413/1479 1412/1478 1419/1485
f 1420/1486 1421/1487 1414/1480
f 1415/1481 1414/1480 1421/1487
f 1422/1488 1423/1489 1416/1482
f 1417/1483 1416/1482 1423/1489
f 1424/1490 1425/1491 1418/1484
f 1419/1485 1418/1484 1425/1491
f 1426/1492 1421/1487 1427/1493
f 1420/1486 1427/1493 1421/1487
f 1428/1494 1429/1495 1422/1488
f 1423/1489 1422/1488 1429/1495
f 1430/1496 1431/1497 1424/1490
f 1425/1491 1424/1490 1431/1497
f 1432/1498 1426/1492 1433/1499
f 1427/1493 1433/1499 1426/1492
f 1434/1500 1435/1501 1428/1494
f 1429/1495 1428/1494 1435/1501
f 1436/1502 1437/1503 1430/1496
f 1431/1497 1430/1496 1437/1503
f 1438/1504 1432/1498 1439/1505
f 1433/1499 1439/1505 1432/1498
f 1440/1506 1435/1501 1441/1507
f 1434/1500 1441/1507 1435/1501
f 1442/1508 1443/1509 1436/1502
f 1437/1503 1436/1502 1443/1509
f 1444/1510 1438/1504 1445/1511
f 1439/1505 1445/1511 1438/1504
f 1446/1512 1440/1506 1447/1513
f 1441/1507 1447/1513 1440/1506
f 1295/1514 1215/1255 1294/1515
f 1214/1254 1294/1515 1215/1255
f 1299/1365 1297/1363 1216/1256
f 1217/1257 1216/1256 1297/1363
f 1218/1258 1302/1368 1219/1259
f 1303/1369 1219/1259 1302/1368
f 1220/1262 1305/1516 1214/1254
f 1294/1515 1214/1254 1305/1516
f 1307/1373 1299/1365 1221/1263
f 1216/1256 1221/1263 1299/1365
f 1302/1368 1218/1258 1308/1374
f 1222/1264 1308/1374 1218/1258
f 1311/1517 1305/1516 1223/1266
f 1220/1262 1223/1266 1305/1516
f 1313/1379 1307/1373 1224/1267
f 1221/1263 1224/1267 1307/1373
f 1315/1381 1308/1374 1225/1269
f 1222/1264 1225/1269 1308/1374
f 1223/1266 1226/1270 1311/1517
f 1317/1518 1311/1517 1226/1270
f 1319/1385 1313/1379 1227/1271
f 1224/1267 1227/1271 1313/1379
f 1321/1387 1315/1381 1228/1272
f 1225/1269 1228/1272 1315/1381
f 1322/1519 1317/1518 1229/1274
f 1226/1270 1229/1274 1317/1518
f 1227/1271 1230/1275 1319/1385
f 1325/1391 1319/1385 1230/1275
f 1228/1272 1231/1277 1321/1387
f 1327/1393 1321/1387 1231/1277
f 1229/1274 1232/1278 1322/1519
f 1329/1520 1322/1519 1232/1278
f 1325/1391 1230/1275 1331/1397
f 1233/1279 1331/1397 1230/1275
f 1327/1393 1231/1277 1333/1399
f 1234/1280 1333/1399 1231/1277
f 1329/1520 1232/1278 1335/1521
f 1235/1282 1335/1521 1232/1278
f 1331/1397 1233/1279 1337/1403
f 1236/1283 1337/1403 1233/1279
f 1237/1284 1339/1405 1234/1280
f 1333/1399 1234/1280 1339/1405
f 1238/1286 1341/1522 1235/1282
f 1335/1521 1235/1282 1341/1522
f 1337/1403 1236/1283 1343/1409
f 1239/1287 1343/1409 1236/1283
f 1339/1405 1237/1284 1345/1411
f 1240/1288 1345/1411 1237/1284
f 1341/1522 1238/1286 1347/1523
f 1241/1290 1347/1523 1238/1286
f 1343/1409 1239/1287 1348/1414
f 1242/1291 1348/1414 1239/1287
f 1345/1411 1240/1288 1351/1417
f 1243/1292 1351/1417 1240/1288
f 1347/1523 1241/1290 1353/1524
f 1244/1294 1353/1524 1241/1290
f 1355/1421 1348/1414 1245/1295
f 1242/1291 1245/1295 1348/1414
f 1246/1296 1357/1423 1243/1292
f 1351/1417 1243/1292 1357/1423
f 1359/1525 1353/1524 1247/1298
f 1244/1294 1247/1298 1353/1524
f 1361/1427 1355/1421 1248/1299
f 1245/1295 1248/1299 1355/1421
f 1362/1428 1357/1423 1249/1301
f 1246/1296 1249/1301 1357/1423
f 1247/1298 1250/1302 1359/1525
f 1365/1526 1359/1525 1250/1302
f 1367/1433 1361/1427 1251/1303
f 1248/1299 1251/1303 1361/1427
f 1369/1435 1362/1428 1252/1304
f 1249/1301 1252/1304 1362/1428
f 1253/1306 1254/1307 1371/1527
f 1373/1528 1371/1527 1254/1307
f 1374/1440 1255/1308 1375/1441
f 1256/1309 1375/1441 1255/1308
f 1257/1310 1258/1312 1379/1445
f 1381/1447 1379/1445 1258/1312
f 1259/1314 1253/1306 1383/1529
f 1371/1527 1383/1529 1253/1306
f 1384/1450 1260/1315 1374/1440
f 1255/1308 1374/1440 1260/1315
f 1379/1445 1386/1452 1257/1310
f 1261/1316 1257/1310 1386/1452
f 1389/1530 1262/1318 1383/1529
f 1259/1314 1383/1529 1262/1318
f 1390/1456 1263/1319 1384/1450
f 1260/1315 1384/1450 1263/1319
f 1392/1458 1264/1321 1386/1452
f 1261/1316 1386/1452 1264/1321
f 1262/1318 1389/1530 1265/1322
f 1395/1531 1265/1322 1389/1530
f 1396/1462 1266/1323 1390/1456
f 1263/1319 1390/1456 1266/1323
f 1398/1464 1267/1324 1392/1458
f 1264/1321 1392/1458 1267/1324
f 1400/1532 1268/1326 1395/1531
f 1265/1322 1395/1531 1268/1326
f 1266/1323 1396/1462 1269/1327
f 1403/1469 1269/1327 1396/1462
f 1267/1324 1398/1464 1270/1329
f 1405/1471 1270/1329 1398/1464
f 1268/1326 1400/1532 1271/1330
f 1407/1533 1271/1330 1400/1532
f 1272/1331 1269/1327 1409/1475
f 1403/1469 1409/1475 1269/1327
f 1273/1332 1270/1329 1411/1477
f 1405/1471 1411/1477 1270/1329
f 1274/1334 1271/1330 1413/1534
f 1407/1533 1413/1534 1271/1330
f 1275/1335 1272/1331 1415/1481
f 1409/1475 1415/1481 1272/1331
f 1276/1336 1273/1332 1417/1483
f 1411/1477 1417/1483 1273/1332
f 1277/1338 1274/1334 1419/1535
f 1413/1534 1419/1535 1274/1334
f 1278/1339 1275/1335 1421/1487
f 1415/1481 1421/1487 1275/1335
f 1417/1483 1423/1489 1276/1336
f 1279/1340 1276/1336 1423/1489
f 1280/1342 1277/1338 1425/1536
f 1419/1535 1425/1536 1277/1338
f 1281/1343 1278/1339 1426/1492
f 1421/1487 1426/1492 1278/1339
f 1282/1344 1279/1340 1429/1495
f 1423/1489 1429/1495 1279/1340
f 1283/1346 1280/1342 1431/1537
f 1425/1536 1431/1537 1280/1342
f 1432/1498 1284/1347 1426/1492
f 1281/1343 1426/1492 1284/1347
f 1285/1348 1282/1344 1435/1501
f 1429/1495 1435/1501 1282/1344
f 1437/1538 1286/1350 1431/1537
f 1283/1346 1431/1537 1286/1350
f 1438/1504 1287/1351 1432/1498
f 1284/1347 1432/1498 1287/1351
f 1440/1506 1288/1353 1435/1501
f 1285/1348 1435/1501 1288/1353
f 1286/1350 1437/1538 1289/1354
f 1443/1539 1289/1354 1437/1538
f 1444/1510 1290/1355 1438/1504
f 1287/1351 1438/1504 1290/1355
f 1446/1512 1291/1356 1440/1506
f 1288/1353 1440/1506 1291/1356
f 1448/1540 1293/1359 1449/1541
f 1292/1358 1449/1541 1293/1359
f 1450/1542 1451/1543 1298/1364
f 1296/1362 1298/1364 1451/1543
f 1452/1544 1301/1367 1453/1545
f 1300/1366 1453/1545 1301/1367
f 1449/1541 1292/1358 1454/1546
f 1304/1370 1454/1546 1292/1358
f 1298/1364 1306/1372 1450/1542
f 1455/1547 1450/1542 1306/1372
f 1456/1548 1453/1545 1309/1375
f 1300/1366 1309/1375 1453/1545
f 1454/1546 1304/1370 1457/1549
f 1310/1376 1457/1549 1304/1370
f 1458/1550 1455/1547 1312/1378
f 1306/1372 1312/1378 1455/1547
f 1459/1551 1456/1548 1314/1380
f 1309/1375 1314/1380 1456/1548
f 1457/1549 1310/1376 1460/1552
f 1316/1382 1460/1552 1310/1376
f 1461/1553 1458/1550 1318/1384
f 1312/1378 1318/1384 1458/1550
f 1314/1380 1320/1386 1459/1551
f 1462/1554 1459/1551 1320/1386
f 1463/1555 1460/1552 1323/1389
f 1316/1382 1323/1389 1460/1552
f 1318/1384 1324/1390 1461/1553
f 1464/1556 1461/1553 1324/1390
f 1465/1557 1462/1554 1326/1392
f 1320/1386 1326/1392 1462/1554
f 1466/1558 1463/1555 1328/1394
f 1323/1389 1328/1394 1463/1555
f 1467/1559 1464/1556 1330/1396
f 1324/1390 1330/1396 1464/1556
f 1468/1560 1465/1557 1332/1398
f 1326/1392 1332/1398 1465/1557
f 1469/1561 1466/1558 1334/1400
f 1328/1394 1334/1400 1466/1558
f 1336/1402 1470/1562 1330/1396
f 1467/1559 1330/1396 1470/1562
f 1332/1398 1338/1404 1468/1560
f 1471/1563 1468/1560 1338/1404
f 1472/1564 1469/1561 1340/1406
f 1334/1400 1340/1406 1469/1561
f 1470/1562 1336/1402 1473/1565
f 1342/1408 1473/1565 1336/1402
f 1474/1566 1471/1563 1344/1410
f 1338/1404 1344/1410 1471/1563
f 1340/1406 1346/1412 1472/1564
f 1475/1567 1472/1564 1346/1412
f 1473/1565 1342/1408 1476/1568
f 1349/1415 1476/1568 1342/1408
f 1350/1416 1477/1569 1344/1410
f 1474/1566 1344/1410 1477/1569
f 1475/1567 1346/1412 1478/1570
f 1352/1418 1478/1570 1346/1412
f 1479/1571 1476/1568 1354/1420
f 1349/1415 1354/1420 1476/1568
f 1477/1569 1350/1416 1480/1572
f 1356/1422 1480/1572 1350/1416
f 1478/1570 1352/1418 1481/1573
f 1358/1424 1481/1573 1352/1418
f 1354/1420 1360/1426 1479/1571
f 1482/1574 1479/1571 1360/1426
f 1483/1575 1480/1572 1363/1429
f 1356/1422 1363/1429 1480/1572
f 1481/1573 1358/1424 1484/1576
f 1364/1430 1484/1576 1358/1424
f 1485/1577 1482/1574 1366/1432
f 1360/1426 1366/1432 1482/1574
f 1486/1578 1483/1575 1368/1434
f 1363/1429 1368/1434 1483/1575
f 1370/1436 1372/1438 1487/1579
f 1488/1580 1487/1579 1372/1438
f 1489/1581 1376/1442 1490/1582
f 1377/1443 1490/1582 1376/1442
f 1491/1583 1492/1584 1380/1446
f 1378/1444 1380/1446 1492/1584
f 1382/1448 1370/1436 1493/1585
f 1487/1579 1493/1585 1370/1436
f 1376/1442 1489/1581 1385/1451
f 1494/1586 1385/1451 1489/1581
f 1495/1587 1387/1453 1492/1584
f 1378/1444 1492/1584 1387/1453
f 1388/1454 1382/1448 1496/1588
f 1493/1585 1496/1588 1382/1448
f 1497/1589 1391/1457 1494/1586
f 1385/1451 1494/1586 1391/1457
f 1498/1590 1393/1459 1495/1587
f 1387/1453 1495/1587 1393/1459
f 1394/1460 1388/1454 1499/1591
f 1496/1588 1499/1591 1388/1454
f 1500/1592 1397/1463 1497/1589
f 1391/1457 1497/1589 1397/1463
f 1393/1459 1498/1590 1399/1465
f 1501/1593 1399/1465 1498/1590
f 1502/1594 1401/1467 1499/1591
f 1394/1460 1499/1591 1401/1467
f 1397/1463 1500/1592 1402/1468
f 1503/1595 1402/1468 1500/1592
f 1504/1596 1404/1470 1501/1593
f 1399/1465 1501/1593 1404/1470
f 1505/1597 1406/1472 1502/1594
f 1401/1467 1502/1594 1406/1472
f 1506/1598 1408/1474 1503/1595
f 1402/1468 1503/1595 1408/1474
f 1507/1599 1410/1476 1504/1596
f 1404/1470 1504/1596 1410/1476
f 1508/1600 1412/1478 1505/1597
f 1406/1472 1505/1597 1412/1478
f 1414/1480 1408/1474 1509/1601
f 1506/1598 1509/1601 1408/1474
f 1410/1476 1507/1599 1416/1482
f 1510/1602 1416/1482 1507/1599
f 1511/1603 1418/1484 1508/1600
f 1412/1478 1508/1600 1418/1484
f 1509/1601 1512/1604 1414/1480
f 1420/1486 1414/1480 1512/1604
f 1513/1605 1422/1488 1510/1602
f 1416/1482 1510/1602 1422/1488
f 1418/1484 1511/1603 1424/1490
f 1514/1606 1424/1490 1511/1603
f 1512/1604 1515/1607 1420/1486
f 1427/1493 1420/1486 1515/1607
f 1428/1494 1422/1488 1516/1608
f 1513/1605 1516/1608 1422/1488
f 1430/1496 1424/1490 1517/1609
f 1514/1606 1517/1609 1424/1490
f 1518/1610 1433/1499 1515/1607
f 1427/1493 1515/1607 1433/1499
f 1516/1608 1519/1611 1428/1494
f 1434/1500 1428/1494 1519/1611
f 1436/1502 1430/1496 1520/1612
f 1517/1609 1520/1612 1430/1496
f 1433/1499 1518/1610 1439/1505
f 1521/1613 1439/1505 1518/1610
f 1522/1614 1441/1507 1519/1611
f 1434/1500 1519/1611 1441/1507
f 1442/1508 1436/1502 1523/1615
f 1520/1612 1523/1615 1436/1502
f 1524/1616 1445/1511 1521/1613
f 1439/1505 1521/1613 1445/1511
f 1525/1617 1447/1513 1522/1614
f 1441/1507 1522/1614 1447/1513
f 913/927 911/925 1449/1541
f 1448/1540 1449/1541 911/925
f 1451/1618 1450/1619 904/918
f 902/916 904/918 1450/1619
f 909/923 907/921 1453/1545
f 1452/1544 1453/1545 907/921
f 919/933 913/927 1454/1546
f 1449/1541 1454/1546 913/927
f 1455/1620 915/929 1450/1619
f 902/916 1450/1619 915/929
f 1453/1545 1456/1548 909/923
f 917/931 909/923 1456/1548
f 1454/1546 1457/1549 919/933
f 925/939 919/933 1457/1549
f 915/929 1455/1620 921/935
f 1458/1621 921/935 1455/1620
f 917/931 1456/1548 923/937
f 1459/1551 923/937 1456/1548
f 925/939 1457/1549 931/945
f 1460/1552 931/945 1457/1549
f 921/935 1458/1621 927/941
f 1461/1622 927/941 1458/1621
f 1462/1554 928/942 1459/1551
f 923/937 1459/1551 928/942
f 931/945 1460/1552 937/951
f 1463/1555 937/951 1460/1552
f 1464/1623 932/946 1461/1622
f 927/941 1461/1622 932/946
f 928/942 1462/1554 935/949
f 1465/1557 935/949 1462/1554
f 937/951 1463/1555 943/957
f 1466/1558 943/957 1463/1555
f 932/946 1464/1623 939/953
f 1467/1624 939/953 1464/1623
f 935/949 1465/1557 941/955
f 1468/1560 941/955 1465/1557
f 943/957 1466/1558 949/963
f 1469/1561 949/963 1466/1558
f 939/953 1467/1624 945/959
f 1470/1625 945/959 1467/1624
f 1471/1563 946/960 1468/1560
f 941/955 1468/1560 946/960
f 949/963 1469/1561 955/969
f 1472/1564 955/969 1469/1561
f 950/964 945/959 1473/1626
f 1470/1625 1473/1626 945/959
f 946/960 1471/1563 952/966
f 1474/1566 952/966 1471/1563
f 960/974 955/969 1475/1567
f 1472/1564 1475/1567 955/969
f 956/970 950/964 1476/1627
f 1473/1626 1476/1627 950/964
f 959/973 952/966 1477/1569
f 1474/1566 1477/1569 952/966
f 967/981 960/974 1478/1570
f 1475/1567 1478/1570 960/974
f 1476/1627 1479/1628 956/970
f 963/977 956/970 1479/1628
f 1477/1569 1480/1572 959/973
f 965/979 959/973 1480/1572
f 973/987 967/981 1481/1573
f 1478/1570 1481/1573 967/981
f 1482/1629 968/982 1479/1628
f 963/977 1479/1628 968/982
f 965/979 1480/1572 971/985
f 1483/1575 971/985 1480/1572
f 1481/1573 1484/1576 973/987
f 979/993 973/987 1484/1576
f 968/982 1482/1629 975/989
f 1485/1630 975/989 1482/1629
f 971/985 1483/1575 977/991
f 1486/1578 977/991 1483/1575
f 988/1002 1487/1579 989/1003
f 1488/1580 989/1003 1487/1579
f 1490/1631 981/995 1489/1632
f 980/994 1489/1632 981/995
f 987/1001 1492/1584 986/1000
f 1491/1583 986/1000 1492/1584
f 996/1010 1493/1585 988/1002
f 1487/1579 988/1002 1493/1585
f 1494/1633 1489/1632 993/1007
f 980/994 993/1007 1489/1632
f 1492/1584 987/1001 1495/1587
f 995/1009 1495/1587 987/1001
f 1493/1585 996/1010 1496/1588
f 1003/1017 1496/1588 996/1010
f 1497/1634 1494/1633 999/1013
f 993/1007 999/1013 1494/1633
f 1498/1590 1495/1587 1001/1015
f 995/1009 1001/1015 1495/1587
f 1499/1591 1496/1588 1009/1023
f 1003/1017 1009/1023 1496/1588
f 999/1013 1005/1019 1497/1634
f 1500/1635 1497/1634 1005/1019
f 1501/1593 1498/1590 1006/1020
f 1001/1015 1006/1020 1498/1590
f 1502/1594 1499/1591 1015/1029
f 1009/1023 1015/1029 1499/1591
f 1503/1636 1500/1635 1010/1024
f 1005/1019 1010/1024 1500/1635
f 1006/1020 1013/1027 1501/1593
f 1504/1596 1501/1593 1013/1027
f 1505/1597 1502/1594 1021/1035
f 1015/1029 1021/1035 1502/1594
f 1506/1637 1503/1636 1017/1031
f 1010/1024 1017/1031 1503/1636
f 1507/1599 1504/1596 1019/1033
f 1013/1027 1019/1033 1504/1596
f 1508/1600 1505/1597 1027/1041
f 1021/1035 1027/1041 1505/1597
f 1017/1031 1023/1037 1506/1637
f 1509/1638 1506/1637 1023/1037
f 1510/1602 1507/1599 1024/1038
f 1019/1033 1024/1038 1507/1599
f 1511/1603 1508/1600 1033/1047
f 1027/1041 1033/1047 1508/1600
f 1028/1042 1512/1639 1023/1037
f 1509/1638 1023/1037 1512/1639
f 1024/1038 1030/1044 1510/1602
f 1513/1605 1510/1602 1030/1044
f 1038/1052 1514/1606 1033/1047
f 1511/1603 1033/1047 1514/1606
f 1034/1048 1515/1640 1028/1042
f 1512/1639 1028/1042 1515/1640
f 1036/1050 1516/1608 1030/1044
f 1513/1605 1030/1044 1516/1608
f 1044/1058 1517/1609 1038/1052
f 1514/1606 1038/1052 1517/1609
f 1515/1640 1034/1048 1518/1641
f 1041/1055 1518/1641 1034/1048
f 1516/1608 1036/1050 1519/1611
f 1043/1057 1519/1611 1036/1050
f 1050/1064 1520/1612 1044/1058
f 1517/1609 1044/1058 1520/1612
f 1521/1642 1518/1641 1046/1060
f 1041/1055 1046/1060 1518/1641
f 1043/1057 1049/1063 1519/1611
f 1522/1614 1519/1611 1049/1063
f 1520/1612 1050/1064 1523/1615
f 1057/1071 1523/1615 1050/1064
f 1524/1643 1521/1642 1053/1067
f 1046/1060 1053/1067 1521/1642
f 1525/1617 1522/1614 1055/1069
f 1049/1063 1055/1069 1522/1614
